Date,Coffee,Cost
12/23/2024,"Ethiopia: Misty Valley, Yirgacheffe",9.55
12/23/2024,"Costa Rica: La Magnolia, Tres Rios",7.5
12/23/2024,"Costa Rica: La Minita Estate, Tarrazu",9.4
12/23/2024,"Colombia: Organic Sierra Nevada FTO, Santa Marta",8.05
12/23/2024,"Bali: Organic Blue Moon, Kintamani Highlands",9.4
12/23/2024,"Colombia: Supremo EP, Huila",7.75
12/23/2024,"Mexico: Organic Mocabe HG, Chiapas",7.85
12/23/2024,"Colombia: El Gato Supremo, Bucaramanga",7.9
12/23/2024,"Mexico: La Laja Honey, Tlaltetela, Veracruz",7.3
12/23/2024,"Peru: Organic Finca La Esperanza G1, San Martin",7.35
12/23/2024,"Tanzania: Peaberry, Kilimanjaro",8.7
12/23/2024,"Haiti: Organic Haitian Blue, Norde",13.85
12/23/2024,"Dominican Republic: Organic Ramirez Red Honey, Jarabacoa",9.5
12/23/2024,"Guatemala: La Flor Del Cafe, Antigua",8.35
12/23/2024,"Colombia: Reserva Del Patron, Narino",7.75
12/23/2024,"Kenya: Select Plus AA, Kiambu County",9.7
12/23/2024,"Mexico: Organic Cepco Oaxaca, Oaxaca",9.05
12/23/2024,CBC Blend: Ferdelance,7.8
12/23/2024,"Brazil: Oberon, Cerrado",7.2
12/23/2024,"Papua New Guinea: Organic Purosa A/X, Eastern Highlands",9.9
12/23/2024,"Brazil: Cerrado 17/18, Minas Gerais",7.2
12/23/2024,CBC Blend: Onobeano's Latte,7.8
12/23/2024,"Guatemala: Organic Asdecafe SHB, Huehuetenango",8.25
12/23/2024,"Ethiopia: Organic Limu G2, Oromia",8.2
12/23/2024,"Costa Rica: La Gladiola, Tarrazu",7.6
12/23/2024,"India: Monsooned Malabar AA, Karnataka",8.1
12/23/2024,India: Cherry Robusta,7
12/23/2024,"Sumatra: Mandheling G1, Aceh",8.85
12/23/2024,"Mexico: Turquesa HG, Chiapas",7.45
12/23/2024,"Costa Rica: El Conquistador, Tarrazu",8.05
12/23/2024,"Ethiopia: Organic Konga G2, Yirgacheffe",9.55
12/23/2024,"Costa Rica: Organic La Amistad, Coto Brus",9.5
12/23/2024,"Bolivia: Organic Caranavi FTO, La Paz Department",9.15
12/23/2024,"Brazil: Terra Roja 15/16, Cerrado",7.3
12/23/2024,"Timor: Organic Heritage Reserve FTO, East Timor",8.75
12/23/2024,"Ethiopia: Longberry, Harrar",8.4
12/23/2024,CBC Blend: Four Horseman,7.8
12/23/2024,"Colombia: Decaf EA, Cauca",8.2
12/23/2024,"Guatemala: HHT SHB, Huehuetenango",7.8
12/23/2024,"Sumatra: Organic Mandheling, Aceh",9.25
12/23/2024,"Vietnam: Robusta Honey, Central Highlands",6.95
12/23/2024,"Guatemala: Organic Decaf HHT Royal Select, Huehuetenango",9.75
12/23/2024,CBC Blend: Organic Big Black,8.05
12/23/2024,"Uganda: Organic Bugisu, Sipi Falls",8
12/23/2024,"Papua New Guinea: Arokara AA, Eastern Highlands",7.8
12/23/2024,"Java: Blawan Estate, East Java",8.55
12/23/2024,"El Salvador: Finca La Esperanza, Santa Ana",7.7
12/23/2024,"Honduras: Organic 18 Rabbit Washed, Marcala",9.15
12/23/2024,"Uganda: Mt Elgon A, Bugisu",7.85
12/23/2024,Rwanda: Organic Hingakawa Women’s Co-op FTO,8.15
12/23/2024,"Ethiopia: Organic Zelelu Ararso G1, Yirgacheffe",9.75
12/23/2024,"Brazil: CHC Reserve Espresso, Daterra Estate",8.05
12/23/2024,CBC Blend: Kope Kapuna,7.8
12/23/2024,Costa Rica: Decaf El Indio SWP,9.4
12/23/2024,"Multi Origin: Organic Decaf Morning Glory, Multi Origin Blend",9.25
12/23/2024,"Ethiopia: Kembata G1, Durame Village",8.6
12/23/2024,"Ethiopia: Decaf Sidamo Natural, Sidamo",9.5
12/23/2024,"Indonesia: Organic Decaf Bali Hai, Indonesia Blend",8.75
12/23/2024,CBC Blend: Red Sea,8.35
12/23/2024,"Brazil: Organic Fazenda Dutra 14/16, Matas de Minas",9.2
12/23/2024,"Sulawesi:Toraja Sapan Minanga, Tana Toraja",9.05
12/23/2024,"Peru: Organic Decaf Sol Y Cafe, Cajamarca",9.05
12/23/2024,"Ethiopia: Durato Bombe, Sidamo",9.55
12/23/2024,"Peru: Organic La Florida, Selva Central",8.05
12/23/2024,"Honduras: Organic 18 Rabbit Natural, Marcala",9.75
12/23/2024,"Haiti: Blue Pine, Central Plateau",10.45
12/23/2024,"India: Mysore Nuggets, Chikmagalur District",8.15
12/23/2024,"Dominican Republic: Organic Ramirez Washed, Jarabacoa",8.85
12/23/2024,"Ethiopia: Organic Buku Sayisa Gr1, Guji",9.75
12/23/2024,"Ethiopia: Queen City, Harrar",8.4
12/23/2024,"Brazil: Fazenda Bela Vista, Sul de Minas",6.75
12/23/2024,"Panama: Finca La Santa SHB EP, Boquete",9.45
12/23/2024,"Ethiopia: Shantawene Abore G1, Sidamo",9.4
12/23/2024,"Brazil: Decaf Mogiana, Sul de Minas",8.5
12/23/2024,"Guatemala: Finca Vallure, Huehuetenango",8.95
12/23/2024,"Guatemala: La Flor Del Cafe Peaberry, Antigua",8.25
12/23/2024,"Honduras: Organic 18 Rabbit Black, Marcala",9.6
12/23/2024,"Papua New Guinea: Mile High A, Eastern Highlands",7.55
12/23/2024,"Guatemala: Finca Santa Margarita, Acatenango",7.9
12/23/2024,"Java: Organic Taman Dadar, Kayumas",9.6
12/23/2024,"Nicaragua: Las Segovias Coop SHG, San Juan del Rio Coco",7.55
12/23/2024,"Kenya: Peaberry Plus 15/16, Kirinyaga County",9.6
12/23/2024,CBC Blend: Organic Kope Kapuna,8.05
12/23/2024,"Sumatra: Tiger, Lintong",10.05
12/23/2024,Brazil Daterra Summer Solstice,8.45
12/23/2024,CBC Blend: Highland,7.8
12/23/2024,"Haiti: Savanne Zombie, Central Plateau",10.7
12/23/2024,"Burundi: Hafi, Muyinga",9.6
12/23/2024,"Haiti: Marre Blanc, Central Plateau",11.9
12/23/2024,Guatemala Dulce Leonarda Estate HHT,8.05
12/23/2024,"Dominican Republic: Ramirez Natural, Jarabacoa",9.5
12/23/2024,"Sulawesi: Kalossi, Tana Toraja",8.55
12/23/2024,"Honduras: Kingdom Growers SHG, Montecillos",8.25
12/23/2024,"Honduras: Organic 18 Rabbit Yellow, Marcala",9.6
12/23/2024,"Brazil: Sweet Yellow, Daterra Estate",9.15
12/23/2024,"Costa Rica: Finca El Melico Geisha, La Pena",27.85
12/23/2024,"Mexico: Rancho San Francisco, Chiapas",8.3
12/23/2024,"Bolivia: Apolo, La Paz Department",9.5
12/23/2024,"Sumatra: Organic Decaf Mandheling, Aceh",10.95
12/23/2024,"Panama: Janson Farms Geisha, Volcan High Lands",34.75
12/23/2024,Seasoning Beans,4.85
12/23/2024,"Jamaica: Blue Mountain, Clydesdale",43.85
12/23/2024,"Hawaii: Kona Peaberry, Mauka Honaunau District",47.05
12/23/2024,CBC Blend: High Octane Blend,7.8
12/23/2024,CBC Blend:Rising Sun,7.8
12/23/2024,"Brazil: Pearl Bourbon Peaberry, Daterra Estate",9.15
12/23/2024,"Honduras: Organic 18 Rabbit Red, Marcala",9.6
12/23/2024,"Papua New Guinea: Organic Decaf Purosa A/X, Eastern Highlands",10.65
12/23/2024,"Sumatra: Mutu Batak, Lintong",8.35
12/23/2024,"Guatemala: Robusta, Chimaltenango",6.75
12/23/2024,"Hawaii: Kona Purple Mountain, Honaunau District",44.65
12/23/2024,"Hawaii: Kona Extra Fancy, Mauku Honaunau District",48.9
12/23/2024,CBC Blend: True Mocca Java,9.65
12/23/2024,"Bali: Organic Kintamani, Kintamani Highlands",9.15
12/23/2024,"Brazil: Sweet Blue, Daterra Estate",9.15
12/23/2024,"Burundi: Bavyeyi, Ngozi",9.6
12/23/2024,"Colombia: Don Enrique Reserve, Narino",8.2
12/23/2024,"Ethiopia: Adame Gorbota G1, Yirgacheffe",9.15
12/23/2024,"Ethiopia: Organic Shantawene G1, Sidamo",9.55
12/23/2024,"Kenya: Organic Muiri Estate, Kiambu County",9.65
12/23/2024,"Sumatra: Raja Batak Peaberry, Lintong",8.35
12/23/2024,"Timor: Organic Cafe Timor Coop, East Timor",8.5
12/23/2024,"Timor: Organic Decaf Cafe Timor Coop, East Timor",9.4
12/23/2024,"Yemen: Mocca Mattari, Sana’a Governorate",15.5
12/25/2024,"Ethiopia: Misty Valley, Yirgacheffe",9.65
12/25/2024,"Costa Rica: La Magnolia, Tres Rios",7.6
12/25/2024,"Costa Rica: La Minita Estate, Tarrazu",9.5
12/25/2024,"Colombia: Organic Sierra Nevada FTO, Santa Marta",8.15
12/25/2024,"Bali: Organic Blue Moon, Kintamani Highlands",9.5
12/25/2024,"Colombia: Supremo EP, Huila",7.85
12/25/2024,"Mexico: Organic Mocabe HG, Chiapas",7.95
12/25/2024,"Colombia: El Gato Supremo, Bucaramanga",8
12/25/2024,"Mexico: La Laja Honey, Tlaltetela, Veracruz",7.4
12/25/2024,"Peru: Organic Finca La Esperanza G1, San Martin",7.45
12/25/2024,"Tanzania: Peaberry, Kilimanjaro",8.8
12/25/2024,"Haiti: Organic Haitian Blue, Norde",13.95
12/25/2024,"Dominican Republic: Organic Ramirez Red Honey, Jarabacoa",9.6
12/25/2024,"Guatemala: La Flor Del Cafe, Antigua",8.45
12/25/2024,"Colombia: Reserva Del Patron, Narino",7.85
12/25/2024,"Kenya: Select Plus AA, Kiambu County",9.8
12/25/2024,"Mexico: Organic Cepco Oaxaca, Oaxaca",9.15
12/25/2024,"Brazil: Oberon, Cerrado",7.3
12/25/2024,CBC Blend: Ferdelance,7.9
12/25/2024,"Papua New Guinea: Organic Purosa A/X, Eastern Highlands",10
12/25/2024,"Brazil: Cerrado 17/18, Minas Gerais",7.3
12/25/2024,CBC Blend: Onobeano's Latte,7.9
12/25/2024,"Guatemala: Organic Asdecafe SHB, Huehuetenango",8.35
12/25/2024,"Ethiopia: Organic Limu G2, Oromia",8.3
12/25/2024,"Costa Rica: La Gladiola, Tarrazu",7.7
12/25/2024,"India: Monsooned Malabar AA, Karnataka",8.2
12/25/2024,India: Cherry Robusta,7.1
12/25/2024,"Costa Rica: El Conquistador, Tarrazu",8.15
12/25/2024,"Sumatra: Mandheling G1, Aceh",8.95
12/25/2024,"Mexico: Turquesa HG, Chiapas",7.55
12/25/2024,"Costa Rica: Organic La Amistad, Coto Brus",9.6
12/25/2024,"Ethiopia: Organic Konga G2, Yirgacheffe",9.65
12/25/2024,"Brazil: Terra Roja 15/16, Cerrado",7.4
12/25/2024,"Bolivia: Organic Caranavi FTO, La Paz Department",9.25
12/25/2024,"Timor: Organic Heritage Reserve FTO, East Timor",8.85
12/25/2024,"Ethiopia: Longberry, Harrar",8.5
12/25/2024,CBC Blend: Four Horseman,7.9
12/25/2024,"Colombia: Decaf EA, Cauca",8.3
12/25/2024,"Guatemala: HHT SHB, Huehuetenango",7.9
12/25/2024,"Sumatra: Organic Mandheling, Aceh",9.35
12/25/2024,"Vietnam: Robusta Honey, Central Highlands",7.05
12/25/2024,CBC Blend: Organic Big Black,8.15
12/25/2024,"Guatemala: Organic Decaf HHT Royal Select, Huehuetenango",9.85
12/25/2024,"Papua New Guinea: Arokara AA, Eastern Highlands",7.9
12/25/2024,"Uganda: Organic Bugisu, Sipi Falls",8.1
12/25/2024,"Java: Blawan Estate, East Java",8.65
12/25/2024,"El Salvador: Finca La Esperanza, Santa Ana",7.8
12/25/2024,"Honduras: Organic 18 Rabbit Washed, Marcala",9.25
12/25/2024,"Uganda: Mt Elgon A, Bugisu",7.95
12/25/2024,"Ethiopia: Organic Zelelu Ararso G1, Yirgacheffe",9.85
12/25/2024,Rwanda: Organic Hingakawa Women’s Co-op FTO,8.25
12/25/2024,"Brazil: CHC Reserve Espresso, Daterra Estate",8.15
12/25/2024,CBC Blend: Kope Kapuna,7.9
12/25/2024,"Multi Origin: Organic Decaf Morning Glory, Multi Origin Blend",9.35
12/25/2024,Costa Rica: Decaf El Indio SWP,9.5
12/25/2024,"Ethiopia: Kembata G1, Durame Village",8.7
12/25/2024,"Ethiopia: Decaf Sidamo Natural, Sidamo",9.6
12/25/2024,"Indonesia: Organic Decaf Bali Hai, Indonesia Blend",8.85
12/25/2024,"Brazil: Organic Fazenda Dutra 14/16, Matas de Minas",9.3
12/25/2024,CBC Blend: Red Sea,8.45
12/25/2024,"Sulawesi:Toraja Sapan Minanga, Tana Toraja",9.15
12/25/2024,"Peru: Organic La Florida, Selva Central",8.15
12/25/2024,"Ethiopia: Durato Bombe, Sidamo",9.65
12/25/2024,"Peru: Organic Decaf Sol Y Cafe, Cajamarca",9.15
12/25/2024,"Honduras: Organic 18 Rabbit Natural, Marcala",9.85
12/25/2024,"Haiti: Blue Pine, Central Plateau",10.55
12/25/2024,"India: Mysore Nuggets, Chikmagalur District",8.25
12/25/2024,"Dominican Republic: Organic Ramirez Washed, Jarabacoa",8.95
12/25/2024,"Ethiopia: Organic Buku Sayisa Gr1, Guji",9.85
12/25/2024,"Ethiopia: Queen City, Harrar",8.5
12/25/2024,"Brazil: Fazenda Bela Vista, Sul de Minas",6.85
12/25/2024,"Panama: Finca La Santa SHB EP, Boquete",9.55
12/25/2024,"Ethiopia: Shantawene Abore G1, Sidamo",9.5
12/25/2024,"Brazil: Decaf Mogiana, Sul de Minas",8.6
12/25/2024,"Guatemala: Finca Vallure, Huehuetenango",9.05
12/25/2024,"Guatemala: La Flor Del Cafe Peaberry, Antigua",8.35
12/25/2024,"Honduras: Organic 18 Rabbit Black, Marcala",9.7
12/25/2024,"Papua New Guinea: Mile High A, Eastern Highlands",7.65
12/25/2024,"Guatemala: Finca Santa Margarita, Acatenango",8
12/25/2024,"Java: Organic Taman Dadar, Kayumas",9.7
12/25/2024,"Nicaragua: Las Segovias Coop SHG, San Juan del Rio Coco",7.65
12/25/2024,CBC Blend: Highland,7.9
12/25/2024,"Kenya: Peaberry Plus 15/16, Kirinyaga County",9.7
12/25/2024,CBC Blend: Organic Kope Kapuna,8.15
12/25/2024,Brazil Daterra Summer Solstice,8.55
12/25/2024,"Sumatra: Tiger, Lintong",10.15
12/25/2024,"Haiti: Savanne Zombie, Central Plateau",10.8
12/25/2024,"Haiti: Marre Blanc, Central Plateau",12
12/25/2024,"Burundi: Hafi, Muyinga",9.7
12/25/2024,"Dominican Republic: Ramirez Natural, Jarabacoa",9.6
12/25/2024,Guatemala Dulce Leonarda Estate HHT,8.15
12/25/2024,"Honduras: Organic 18 Rabbit Yellow, Marcala",9.7
12/25/2024,"Sulawesi: Kalossi, Tana Toraja",8.65
12/25/2024,"Honduras: Kingdom Growers SHG, Montecillos",8.35
12/25/2024,"Costa Rica: Finca El Melico Geisha, La Pena",27.95
12/25/2024,"Mexico: Rancho San Francisco, Chiapas",8.4
12/25/2024,"Bolivia: Apolo, La Paz Department",9.6
12/25/2024,"Brazil: Sweet Yellow, Daterra Estate",9.25
12/25/2024,"Sumatra: Organic Decaf Mandheling, Aceh",11.05
12/25/2024,"Panama: Janson Farms Geisha, Volcan High Lands",34.85
12/25/2024,Seasoning Beans,4.95
12/25/2024,"Jamaica: Blue Mountain, Clydesdale",43.95
12/25/2024,"Hawaii: Kona Peaberry, Mauka Honaunau District",47.15
12/25/2024,CBC Blend:Rising Sun,7.9
12/25/2024,"Brazil: Pearl Bourbon Peaberry, Daterra Estate",9.25
12/25/2024,"Honduras: Organic 18 Rabbit Red, Marcala",9.7
12/25/2024,CBC Blend: High Octane Blend,7.9
12/25/2024,"Papua New Guinea: Organic Decaf Purosa A/X, Eastern Highlands",10.75
12/25/2024,"Sumatra: Mutu Batak, Lintong",8.45
12/25/2024,"Guatemala: Robusta, Chimaltenango",6.85
12/25/2024,"Hawaii: Kona Purple Mountain, Honaunau District",44.75
12/25/2024,"Hawaii: Kona Extra Fancy, Mauku Honaunau District",49
12/25/2024,CBC Blend: True Mocca Java,9.75
12/25/2024,"Bali: Organic Kintamani, Kintamani Highlands",9.25
12/25/2024,"Brazil: Sweet Blue, Daterra Estate",9.25
12/25/2024,"Burundi: Bavyeyi, Ngozi",9.7
12/25/2024,"Colombia: Don Enrique Reserve, Narino",8.3
12/25/2024,"Ethiopia: Adame Gorbota G1, Yirgacheffe",9.25
12/25/2024,"Ethiopia: Organic Shantawene G1, Sidamo",9.65
12/25/2024,"Kenya: Organic Muiri Estate, Kiambu County",9.75
12/25/2024,"Sumatra: Raja Batak Peaberry, Lintong",8.45
12/25/2024,"Timor: Organic Cafe Timor Coop, East Timor",8.6
12/25/2024,"Timor: Organic Decaf Cafe Timor Coop, East Timor",9.5
12/25/2024,"Yemen: Mocca Mattari, Sana’a Governorate",15.6
12/27/2024,"Ethiopia: Misty Valley, Yirgacheffe",9.65
12/27/2024,"Costa Rica: La Magnolia, Tres Rios",7.6
12/27/2024,"Costa Rica: La Minita Estate, Tarrazu",8.08
12/27/2024,"Colombia: Organic Sierra Nevada FTO, Santa Marta",8.15
12/27/2024,"Bali: Organic Blue Moon, Kintamani Highlands",9.5
12/27/2024,"Colombia: Supremo EP, Huila",7.85
12/27/2024,"Mexico: Organic Mocabe HG, Chiapas",6.76
12/27/2024,"Colombia: El Gato Supremo, Bucaramanga",8
12/27/2024,"Mexico: La Laja Honey, Tlaltetela, Veracruz",7.4
12/27/2024,"Haiti: Organic Haitian Blue, Norde",13.95
12/27/2024,"Peru: Organic Finca La Esperanza G1, San Martin",7.45
12/27/2024,"Tanzania: Peaberry, Kilimanjaro",8.8
12/27/2024,"Dominican Republic: Organic Ramirez Red Honey, Jarabacoa",9.6
12/27/2024,"Guatemala: La Flor Del Cafe, Antigua",8.45
12/27/2024,"Colombia: Reserva Del Patron, Narino",6.67
12/27/2024,"Kenya: Select Plus AA, Kiambu County",9.8
12/27/2024,"Brazil: Cerrado 17/18, Minas Gerais",6.2
12/27/2024,"Mexico: Organic Cepco Oaxaca, Oaxaca",9.15
12/27/2024,CBC Blend: Ferdelance,7.9
12/27/2024,"Papua New Guinea: Organic Purosa A/X, Eastern Highlands",8.5
12/27/2024,"Brazil: Oberon, Cerrado",7.3
12/27/2024,CBC Blend: Onobeano's Latte,7.9
12/27/2024,"Guatemala: Organic Asdecafe SHB, Huehuetenango",8.35
12/27/2024,"Ethiopia: Organic Limu G2, Oromia",7.06
12/27/2024,"Costa Rica: La Gladiola, Tarrazu",7.7
12/27/2024,India: Cherry Robusta,7.1
12/27/2024,"India: Monsooned Malabar AA, Karnataka",8.2
12/27/2024,"Costa Rica: El Conquistador, Tarrazu",8.15
12/27/2024,"Costa Rica: Organic La Amistad, Coto Brus",9.6
12/27/2024,"Mexico: Turquesa HG, Chiapas",7.55
12/27/2024,"Sumatra: Mandheling G1, Aceh",8.95
12/27/2024,"Brazil: Terra Roja 15/16, Cerrado",7.4
12/27/2024,"Ethiopia: Organic Konga G2, Yirgacheffe",9.65
12/27/2024,"Bolivia: Organic Caranavi FTO, La Paz Department",9.25
12/27/2024,"Ethiopia: Longberry, Harrar",8.5
12/27/2024,"Timor: Organic Heritage Reserve FTO, East Timor",8.85
12/27/2024,CBC Blend: Four Horseman,7.9
12/27/2024,"Guatemala: Organic Decaf HHT Royal Select, Huehuetenango",8.37
12/27/2024,"Colombia: Decaf EA, Cauca",8.3
12/27/2024,"Sumatra: Organic Mandheling, Aceh",9.35
12/27/2024,CBC Blend: Organic Big Black,8.15
12/27/2024,"Vietnam: Robusta Honey, Central Highlands",7.05
12/27/2024,"Guatemala: HHT SHB, Huehuetenango",7.9
12/27/2024,"Uganda: Organic Bugisu, Sipi Falls",8.1
12/27/2024,"Papua New Guinea: Arokara AA, Eastern Highlands",7.9
12/27/2024,"Java: Blawan Estate, East Java",8.65
12/27/2024,"El Salvador: Finca La Esperanza, Santa Ana",7.8
12/27/2024,"Uganda: Mt Elgon A, Bugisu",7.95
12/27/2024,"Ethiopia: Organic Zelelu Ararso G1, Yirgacheffe",9.85
12/27/2024,Rwanda: Organic Hingakawa Women’s Co-op FTO,8.25
12/27/2024,"Ethiopia: Kembata G1, Durame Village",8.7
12/27/2024,"Brazil: CHC Reserve Espresso, Daterra Estate",8.15
12/27/2024,"Honduras: Organic 18 Rabbit Washed, Marcala",9.25
12/27/2024,CBC Blend: Kope Kapuna,7.9
12/27/2024,Costa Rica: Decaf El Indio SWP,9.5
12/27/2024,"Brazil: Organic Fazenda Dutra 14/16, Matas de Minas",9.3
12/27/2024,"Ethiopia: Decaf Sidamo Natural, Sidamo",9.6
12/27/2024,CBC Blend: Red Sea,8.45
12/27/2024,"Multi Origin: Organic Decaf Morning Glory, Multi Origin Blend",9.35
12/27/2024,"Peru: Organic La Florida, Selva Central",8.15
12/27/2024,"Ethiopia: Durato Bombe, Sidamo",9.65
12/27/2024,"Indonesia: Organic Decaf Bali Hai, Indonesia Blend",8.85
12/27/2024,"Peru: Organic Decaf Sol Y Cafe, Cajamarca",9.15
12/27/2024,"Sulawesi:Toraja Sapan Minanga, Tana Toraja",9.15
12/27/2024,"Honduras: Organic 18 Rabbit Natural, Marcala",9.85
12/27/2024,"Ethiopia: Organic Buku Sayisa Gr1, Guji",9.85
12/27/2024,"Haiti: Blue Pine, Central Plateau",10.55
12/27/2024,"Dominican Republic: Organic Ramirez Washed, Jarabacoa",8.95
12/27/2024,"India: Mysore Nuggets, Chikmagalur District",8.25
12/27/2024,"Ethiopia: Queen City, Harrar",8.5
12/27/2024,"Guatemala: Finca Vallure, Huehuetenango",7.69
12/27/2024,"Panama: Finca La Santa SHB EP, Boquete",9.55
12/27/2024,"Brazil: Fazenda Bela Vista, Sul de Minas",6.85
12/27/2024,"Brazil: Decaf Mogiana, Sul de Minas",8.6
12/27/2024,"Honduras: Organic 18 Rabbit Black, Marcala",8.24
12/27/2024,"Ethiopia: Shantawene Abore G1, Sidamo",9.5
12/27/2024,"Papua New Guinea: Mile High A, Eastern Highlands",7.65
12/27/2024,"Guatemala: La Flor Del Cafe Peaberry, Antigua",8.35
12/27/2024,"Guatemala: Finca Santa Margarita, Acatenango",8
12/27/2024,"Nicaragua: Las Segovias Coop SHG, San Juan del Rio Coco",6.5
12/27/2024,"Java: Organic Taman Dadar, Kayumas",9.7
12/27/2024,CBC Blend: Highland,7.9
12/27/2024,"Kenya: Peaberry Plus 15/16, Kirinyaga County",9.7
12/27/2024,CBC Blend: Organic Kope Kapuna,8.15
12/27/2024,Brazil Daterra Summer Solstice,8.55
12/27/2024,"Sumatra: Tiger, Lintong",10.15
12/27/2024,"Haiti: Savanne Zombie, Central Plateau",10.8
12/27/2024,"Haiti: Marre Blanc, Central Plateau",12
12/27/2024,"Dominican Republic: Ramirez Natural, Jarabacoa",9.6
12/27/2024,"Sulawesi: Kalossi, Tana Toraja",8.65
12/27/2024,"Burundi: Hafi, Muyinga",9.7
12/27/2024,"Honduras: Organic 18 Rabbit Yellow, Marcala",9.7
12/27/2024,"Honduras: Kingdom Growers SHG, Montecillos",8.35
12/27/2024,"Costa Rica: Finca El Melico Geisha, La Pena",27.95
12/27/2024,Guatemala Dulce Leonarda Estate HHT,8.15
12/27/2024,"Bolivia: Apolo, La Paz Department",9.6
12/27/2024,"Mexico: Rancho San Francisco, Chiapas",8.4
12/27/2024,"Brazil: Sweet Yellow, Daterra Estate",9.25
12/27/2024,Seasoning Beans,4.95
12/27/2024,"Jamaica: Blue Mountain, Clydesdale",43.95
12/27/2024,"Panama: Janson Farms Geisha, Volcan High Lands",34.85
12/27/2024,"Sumatra: Organic Decaf Mandheling, Aceh",11.05
12/27/2024,"Hawaii: Kona Peaberry, Mauka Honaunau District",47.15
12/27/2024,CBC Blend:Rising Sun,7.9
12/27/2024,"Honduras: Organic 18 Rabbit Red, Marcala",9.7
12/27/2024,"Brazil: Pearl Bourbon Peaberry, Daterra Estate",9.25
12/27/2024,CBC Blend: High Octane Blend,7.9
12/27/2024,"Sumatra: Mutu Batak, Lintong",8.45
12/27/2024,"Papua New Guinea: Organic Decaf Purosa A/X, Eastern Highlands",10.75
12/27/2024,"Hawaii: Kona Purple Mountain, Honaunau District",44.75
12/27/2024,"Guatemala: Robusta, Chimaltenango",6.85
12/27/2024,"Hawaii: Kona Extra Fancy, Mauku Honaunau District",49
12/27/2024,CBC Blend: True Mocca Java,9.75
12/27/2024,"Bali: Organic Kintamani, Kintamani Highlands",9.65
12/27/2024,"Brazil: Sweet Blue, Daterra Estate",9.25
12/27/2024,"Burundi: Bavyeyi, Ngozi",9.7
12/27/2024,"Colombia: Don Enrique Reserve, Narino",8.3
12/27/2024,"Ethiopia: Adame Gorbota G1, Yirgacheffe",9.25
12/27/2024,"Ethiopia: Organic Shantawene G1, Sidamo",9.65
12/27/2024,"Kenya: Organic Muiri Estate, Kiambu County",9.75
12/27/2024,"Sumatra: Raja Batak Peaberry, Lintong",8.45
12/27/2024,"Timor: Organic Cafe Timor Coop, East Timor",8.6
12/27/2024,"Timor: Organic Decaf Cafe Timor Coop, East Timor",9.5
12/27/2024,"Yemen: Mocca Mattari, Sana’a Governorate",15.6
12/30/2024,"Ethiopia: Misty Valley, Yirgacheffe",9.65
12/30/2024,"Costa Rica: La Magnolia, Tres Rios",7.6
12/30/2024,"Costa Rica: La Minita Estate, Tarrazu",8.08
12/30/2024,"Colombia: Organic Sierra Nevada FTO, Santa Marta",8.15
12/30/2024,"Bali: Organic Blue Moon, Kintamani Highlands",9.5
12/30/2024,"Colombia: Supremo EP, Huila",7.85
12/30/2024,"Mexico: Organic Mocabe HG, Chiapas",6.76
12/30/2024,"Colombia: El Gato Supremo, Bucaramanga",8
12/30/2024,"Mexico: La Laja Honey, Tlaltetela, Veracruz",7.4
12/30/2024,"Haiti: Organic Haitian Blue, Norde",13.95
12/30/2024,"Tanzania: Peaberry, Kilimanjaro",8.8
12/30/2024,"Colombia: Reserva Del Patron, Narino",6.67
12/30/2024,"Dominican Republic: Organic Ramirez Red Honey, Jarabacoa",9.6
12/30/2024,"Peru: Organic Finca La Esperanza G1, San Martin",7.45
12/30/2024,"Guatemala: La Flor Del Cafe, Antigua",8.45
12/30/2024,"Brazil: Cerrado 17/18, Minas Gerais",6.2
12/30/2024,"Papua New Guinea: Organic Purosa A/X, Eastern Highlands",8.5
12/30/2024,"Kenya: Select Plus AA, Kiambu County",9.8
12/30/2024,CBC Blend: Ferdelance,7.9
12/30/2024,"Mexico: Organic Cepco Oaxaca, Oaxaca",9.15
12/30/2024,"Ethiopia: Organic Limu G2, Oromia",7.06
12/30/2024,"Brazil: Oberon, Cerrado",7.3
12/30/2024,CBC Blend: Onobeano's Latte,7.9
12/30/2024,"Guatemala: Organic Asdecafe SHB, Huehuetenango",8.35
12/30/2024,"Costa Rica: La Gladiola, Tarrazu",7.7
12/30/2024,India: Cherry Robusta,7.1
12/30/2024,"India: Monsooned Malabar AA, Karnataka",8.2
12/30/2024,"Mexico: Turquesa HG, Chiapas",7.55
12/30/2024,"Sumatra: Mandheling G1, Aceh",8.95
12/30/2024,"Brazil: Terra Roja 15/16, Cerrado",7.4
12/30/2024,"Ethiopia: Organic Konga G2, Yirgacheffe",9.65
12/30/2024,"Costa Rica: Organic La Amistad, Coto Brus",9.6
12/30/2024,"Guatemala: Organic Decaf HHT Royal Select, Huehuetenango",8.37
12/30/2024,"Ethiopia: Longberry, Harrar",8.5
12/30/2024,"Bolivia: Organic Caranavi FTO, La Paz Department",9.25
12/30/2024,"Costa Rica: El Conquistador, Tarrazu",8.15
12/30/2024,"Timor: Organic Heritage Reserve FTO, East Timor",8.85
12/30/2024,CBC Blend: Four Horseman,7.9
12/30/2024,"Sumatra: Organic Mandheling, Aceh",9.35
12/30/2024,"Colombia: Decaf EA, Cauca",8.3
12/30/2024,"Uganda: Organic Bugisu, Sipi Falls",8.1
12/30/2024,CBC Blend: Organic Big Black,8.15
12/30/2024,"Vietnam: Robusta Honey, Central Highlands",7.05
12/30/2024,"Guatemala: HHT SHB, Huehuetenango",7.9
12/30/2024,"Java: Blawan Estate, East Java",8.65
12/30/2024,"Papua New Guinea: Arokara AA, Eastern Highlands",7.9
12/30/2024,"El Salvador: Finca La Esperanza, Santa Ana",7.8
12/30/2024,"Uganda: Mt Elgon A, Bugisu",7.95
12/30/2024,"Ethiopia: Organic Zelelu Ararso G1, Yirgacheffe",9.85
12/30/2024,"Ethiopia: Kembata G1, Durame Village",8.7
12/30/2024,"Brazil: CHC Reserve Espresso, Daterra Estate",8.15
12/30/2024,"Brazil: Organic Fazenda Dutra 14/16, Matas de Minas",9.3
12/30/2024,Costa Rica: Decaf El Indio SWP,9.5
12/30/2024,"Multi Origin: Organic Decaf Morning Glory, Multi Origin Blend",9.35
12/30/2024,CBC Blend: Red Sea,8.45
12/30/2024,"Peru: Organic La Florida, Selva Central",8.15
12/30/2024,"Ethiopia: Decaf Sidamo Natural, Sidamo",9.6
12/30/2024,Rwanda: Organic Hingakawa Women’s Co-op FTO,8.25
12/30/2024,CBC Blend: Kope Kapuna,7.9
12/30/2024,"Honduras: Organic 18 Rabbit Washed, Marcala",9.25
12/30/2024,"Ethiopia: Durato Bombe, Sidamo",9.65
12/30/2024,"Peru: Organic Decaf Sol Y Cafe, Cajamarca",9.15
12/30/2024,"Indonesia: Organic Decaf Bali Hai, Indonesia Blend",8.85
12/30/2024,"Ethiopia: Organic Buku Sayisa Gr1, Guji",9.85
12/30/2024,"Honduras: Organic 18 Rabbit Natural, Marcala",9.85
12/30/2024,"Dominican Republic: Organic Ramirez Washed, Jarabacoa",8.95
12/30/2024,"Sulawesi:Toraja Sapan Minanga, Tana Toraja",9.15
12/30/2024,"Haiti: Blue Pine, Central Plateau",10.55
12/30/2024,"Guatemala: Finca Vallure, Huehuetenango",7.69
12/30/2024,"Honduras: Organic 18 Rabbit Black, Marcala",8.24
12/30/2024,"Ethiopia: Queen City, Harrar",8.5
12/30/2024,"India: Mysore Nuggets, Chikmagalur District",8.25
12/30/2024,"Kenya: Peaberry Plus 15/16, Kirinyaga County",9.7
12/30/2024,"Panama: Finca La Santa SHB EP, Boquete",9.55
12/30/2024,"Brazil: Decaf Mogiana, Sul de Minas",8.6
12/30/2024,"Brazil: Fazenda Bela Vista, Sul de Minas",6.85
12/30/2024,"Ethiopia: Shantawene Abore G1, Sidamo",9.5
12/30/2024,"Papua New Guinea: Mile High A, Eastern Highlands",7.65
12/30/2024,"Guatemala: Finca Santa Margarita, Acatenango",8
12/30/2024,"Guatemala: La Flor Del Cafe Peaberry, Antigua",8.35
12/30/2024,"Nicaragua: Las Segovias Coop SHG, San Juan del Rio Coco",6.5
12/30/2024,CBC Blend: Highland,7.9
12/30/2024,"Java: Organic Taman Dadar, Kayumas",9.7
12/30/2024,"Sumatra: Tiger, Lintong",10.15
12/30/2024,Brazil Daterra Summer Solstice,8.55
12/30/2024,CBC Blend: Organic Kope Kapuna,8.15
12/30/2024,"Haiti: Savanne Zombie, Central Plateau",10.8
12/30/2024,"Haiti: Marre Blanc, Central Plateau",12
12/30/2024,"Sulawesi: Kalossi, Tana Toraja",8.65
12/30/2024,"Honduras: Organic 18 Rabbit Yellow, Marcala",9.7
12/30/2024,"Dominican Republic: Ramirez Natural, Jarabacoa",9.6
12/30/2024,"Burundi: Hafi, Muyinga",9.7
12/30/2024,"Costa Rica: Finca El Melico Geisha, La Pena",27.95
12/30/2024,"Honduras: Kingdom Growers SHG, Montecillos",8.35
12/30/2024,Guatemala Dulce Leonarda Estate HHT,8.15
12/30/2024,"Bolivia: Apolo, La Paz Department",9.6
12/30/2024,Seasoning Beans,4.95
12/30/2024,"Jamaica: Blue Mountain, Clydesdale",43.95
12/30/2024,"Mexico: Rancho San Francisco, Chiapas",8.4
12/30/2024,CBC Blend:Rising Sun,7.9
12/30/2024,"Panama: Janson Farms Geisha, Volcan High Lands",34.85
12/30/2024,"Hawaii: Kona Peaberry, Mauka Honaunau District",47.15
12/30/2024,"Sumatra: Organic Decaf Mandheling, Aceh",11.05
12/30/2024,"Brazil: Sweet Yellow, Daterra Estate",9.25
12/30/2024,"Honduras: Organic 18 Rabbit Red, Marcala",9.7
12/30/2024,"Brazil: Pearl Bourbon Peaberry, Daterra Estate",9.25
12/30/2024,CBC Blend: High Octane Blend,7.9
12/30/2024,"Sumatra: Mutu Batak, Lintong",8.45
12/30/2024,"Papua New Guinea: Organic Decaf Purosa A/X, Eastern Highlands",10.75
12/30/2024,"Hawaii: Kona Purple Mountain, Honaunau District",44.75
12/30/2024,"Guatemala: Robusta, Chimaltenango",6.85
12/30/2024,"Hawaii: Kona Extra Fancy, Mauku Honaunau District",49
12/30/2024,CBC Blend: True Mocca Java,9.75
12/30/2024,"Bali: Organic Kintamani, Kintamani Highlands",9.65
12/30/2024,"Brazil: Sweet Blue, Daterra Estate",9.25
12/30/2024,"Burundi: Bavyeyi, Ngozi",9.7
12/30/2024,"Colombia: Don Enrique Reserve, Narino",8.3
12/30/2024,"Ethiopia: Adame Gorbota G1, Yirgacheffe",9.25
12/30/2024,"Ethiopia: Organic Shantawene G1, Sidamo",9.65
12/30/2024,"Kenya: Organic Muiri Estate, Kiambu County",9.75
12/30/2024,"Sumatra: Raja Batak Peaberry, Lintong",8.45
12/30/2024,"Timor: Organic Cafe Timor Coop, East Timor",8.6
12/30/2024,"Timor: Organic Decaf Cafe Timor Coop, East Timor",9.5
12/30/2024,"Yemen: Mocca Mattari, Sana’a Governorate",15.6
1/1/2025,"Ethiopia: Misty Valley, Yirgacheffe",9.65
1/1/2025,"Costa Rica: La Magnolia, Tres Rios",7.6
1/1/2025,"Costa Rica: La Minita Estate, Tarrazu",8.08
1/1/2025,"Colombia: Organic Sierra Nevada FTO, Santa Marta",8.15
1/1/2025,"Bali: Organic Blue Moon, Kintamani Highlands",9.5
1/1/2025,"Colombia: Supremo EP, Huila",7.85
1/1/2025,"Mexico: Organic Mocabe HG, Chiapas",6.76
1/1/2025,"Colombia: El Gato Supremo, Bucaramanga",8
1/1/2025,"Mexico: La Laja Honey, Tlaltetela, Veracruz",7.4
1/1/2025,"Haiti: Organic Haitian Blue, Norde",13.95
1/1/2025,"Colombia: Reserva Del Patron, Narino",6.67
1/1/2025,"Tanzania: Peaberry, Kilimanjaro",8.8
1/1/2025,"Dominican Republic: Organic Ramirez Red Honey, Jarabacoa",9.6
1/1/2025,"Peru: Organic Finca La Esperanza G1, San Martin",7.45
1/1/2025,"Guatemala: La Flor Del Cafe, Antigua",8.45
1/1/2025,"Brazil: Cerrado 17/18, Minas Gerais",6.2
1/1/2025,"Papua New Guinea: Organic Purosa A/X, Eastern Highlands",8.5
1/1/2025,"Kenya: Select Plus AA, Kiambu County",9.8
1/1/2025,CBC Blend: Ferdelance,7.9
1/1/2025,"Mexico: Organic Cepco Oaxaca, Oaxaca",9.15
1/1/2025,"Ethiopia: Organic Limu G2, Oromia",7.06
1/1/2025,"Brazil: Oberon, Cerrado",7.3
1/1/2025,"Guatemala: Organic Asdecafe SHB, Huehuetenango",8.35
1/1/2025,India: Cherry Robusta,7.1
1/1/2025,"Costa Rica: La Gladiola, Tarrazu",7.7
1/1/2025,CBC Blend: Onobeano's Latte,7.9
1/1/2025,"India: Monsooned Malabar AA, Karnataka",8.2
1/1/2025,"Mexico: Turquesa HG, Chiapas",7.55
1/1/2025,"Ethiopia: Longberry, Harrar",8.5
1/1/2025,"Brazil: Terra Roja 15/16, Cerrado",7.4
1/1/2025,"Sumatra: Mandheling G1, Aceh",8.95
1/1/2025,"Ethiopia: Organic Konga G2, Yirgacheffe",9.65
1/1/2025,"Guatemala: Organic Decaf HHT Royal Select, Huehuetenango",8.37
1/1/2025,"Bolivia: Organic Caranavi FTO, La Paz Department",9.25
1/1/2025,"Costa Rica: Organic La Amistad, Coto Brus",9.6
1/1/2025,"Timor: Organic Heritage Reserve FTO, East Timor",8.85
1/1/2025,CBC Blend: Four Horseman,7.9
1/1/2025,"Colombia: Decaf EA, Cauca",8.3
1/1/2025,"Sumatra: Organic Mandheling, Aceh",9.35
1/1/2025,"Costa Rica: El Conquistador, Tarrazu",8.15
1/1/2025,"Uganda: Organic Bugisu, Sipi Falls",8.1
1/1/2025,"Vietnam: Robusta Honey, Central Highlands",7.05
1/1/2025,CBC Blend: Organic Big Black,8.15
1/1/2025,"Guatemala: HHT SHB, Huehuetenango",7.9
1/1/2025,"Java: Blawan Estate, East Java",8.65
1/1/2025,CBC Blend: Red Sea,8.45
1/1/2025,"Papua New Guinea: Arokara AA, Eastern Highlands",7.9
1/1/2025,"El Salvador: Finca La Esperanza, Santa Ana",7.8
1/1/2025,"Ethiopia: Kembata G1, Durame Village",8.7
1/1/2025,"Ethiopia: Organic Zelelu Ararso G1, Yirgacheffe",9.85
1/1/2025,"Brazil: CHC Reserve Espresso, Daterra Estate",8.15
1/1/2025,"Brazil: Organic Fazenda Dutra 14/16, Matas de Minas",9.3
1/1/2025,"Uganda: Mt Elgon A, Bugisu",7.95
1/1/2025,Costa Rica: Decaf El Indio SWP,9.5
1/1/2025,"Peru: Organic La Florida, Selva Central",8.15
1/1/2025,"Multi Origin: Organic Decaf Morning Glory, Multi Origin Blend",9.35
1/1/2025,Rwanda: Organic Hingakawa Women’s Co-op FTO,8.25
1/1/2025,"Ethiopia: Durato Bombe, Sidamo",9.65
1/1/2025,CBC Blend: Kope Kapuna,7.9
1/1/2025,"Ethiopia: Decaf Sidamo Natural, Sidamo",9.6
1/1/2025,"Honduras: Organic 18 Rabbit Washed, Marcala",9.25
1/1/2025,"Peru: Organic Decaf Sol Y Cafe, Cajamarca",9.15
1/1/2025,"Ethiopia: Organic Buku Sayisa Gr1, Guji",9.85
1/1/2025,"Dominican Republic: Organic Ramirez Washed, Jarabacoa",8.95
1/1/2025,"Sulawesi:Toraja Sapan Minanga, Tana Toraja",9.15
1/1/2025,"Indonesia: Organic Decaf Bali Hai, Indonesia Blend",8.85
1/1/2025,"Guatemala: Finca Vallure, Huehuetenango",7.69
1/1/2025,"Honduras: Organic 18 Rabbit Natural, Marcala",9.85
1/1/2025,"Haiti: Blue Pine, Central Plateau",10.55
1/1/2025,"Honduras: Organic 18 Rabbit Black, Marcala",8.24
1/1/2025,"Brazil: Decaf Mogiana, Sul de Minas",8.6
1/1/2025,"Ethiopia: Queen City, Harrar",8.5
1/1/2025,"India: Mysore Nuggets, Chikmagalur District",8.25
1/1/2025,"Panama: Finca La Santa SHB EP, Boquete",9.55
1/1/2025,"Brazil: Fazenda Bela Vista, Sul de Minas",6.85
1/1/2025,"Kenya: Peaberry Plus 15/16, Kirinyaga County",9.7
1/1/2025,"Papua New Guinea: Mile High A, Eastern Highlands",7.65
1/1/2025,"Ethiopia: Shantawene Abore G1, Sidamo",9.5
1/1/2025,"Guatemala: Finca Santa Margarita, Acatenango",8
1/1/2025,"Guatemala: La Flor Del Cafe Peaberry, Antigua",8.35
1/1/2025,"Nicaragua: Las Segovias Coop SHG, San Juan del Rio Coco",6.5
1/1/2025,CBC Blend: Organic Kope Kapuna,8.15
1/1/2025,"Java: Organic Taman Dadar, Kayumas",9.7
1/1/2025,"Sumatra: Tiger, Lintong",10.15
1/1/2025,Brazil Daterra Summer Solstice,8.55
1/1/2025,CBC Blend: Highland,7.9
1/1/2025,"Haiti: Savanne Zombie, Central Plateau",10.8
1/1/2025,"Haiti: Marre Blanc, Central Plateau",12
1/1/2025,"Sulawesi: Kalossi, Tana Toraja",8.65
1/1/2025,"Honduras: Organic 18 Rabbit Yellow, Marcala",9.7
1/1/2025,"Dominican Republic: Ramirez Natural, Jarabacoa",9.6
1/1/2025,"Burundi: Hafi, Muyinga",9.7
1/1/2025,"Honduras: Kingdom Growers SHG, Montecillos",8.35
1/1/2025,"Costa Rica: Finca El Melico Geisha, La Pena",27.95
1/1/2025,Guatemala Dulce Leonarda Estate HHT,8.15
1/1/2025,"Bolivia: Apolo, La Paz Department",9.6
1/1/2025,"Jamaica: Blue Mountain, Clydesdale",43.95
1/1/2025,Seasoning Beans,4.95
1/1/2025,"Mexico: Rancho San Francisco, Chiapas",8.4
1/1/2025,"Panama: Janson Farms Geisha, Volcan High Lands",34.85
1/1/2025,"Hawaii: Kona Peaberry, Mauka Honaunau District",47.15
1/1/2025,CBC Blend:Rising Sun,7.9
1/1/2025,"Sumatra: Organic Decaf Mandheling, Aceh",11.05
1/1/2025,CBC Blend: High Octane Blend,7.9
1/1/2025,"Brazil: Sweet Yellow, Daterra Estate",9.25
1/1/2025,"Honduras: Organic 18 Rabbit Red, Marcala",9.7
1/1/2025,"Brazil: Pearl Bourbon Peaberry, Daterra Estate",9.25
1/1/2025,"Sumatra: Mutu Batak, Lintong",8.45
1/1/2025,"Papua New Guinea: Organic Decaf Purosa A/X, Eastern Highlands",10.75
1/1/2025,"Hawaii: Kona Purple Mountain, Honaunau District",44.75
1/1/2025,"Hawaii: Kona Extra Fancy, Mauku Honaunau District",49
1/1/2025,"Bali: Organic Kintamani, Kintamani Highlands",9.65
1/1/2025,"Guatemala: Robusta, Chimaltenango",6.85
1/1/2025,"Kenya: Organic Muiri Estate, Kiambu County",9.75
1/1/2025,CBC Blend: True Mocca Java,9.75
1/1/2025,"Brazil: Sweet Blue, Daterra Estate",9.25
1/1/2025,"Burundi: Bavyeyi, Ngozi",9.7
1/1/2025,"Colombia: Don Enrique Reserve, Narino",8.3
1/1/2025,"Ethiopia: Adame Gorbota G1, Yirgacheffe",9.25
1/1/2025,"Ethiopia: Organic Shantawene G1, Sidamo",9.65
1/1/2025,"Sumatra: Raja Batak Peaberry, Lintong",8.45
1/1/2025,"Timor: Organic Cafe Timor Coop, East Timor",8.6
1/1/2025,"Timor: Organic Decaf Cafe Timor Coop, East Timor",9.5
1/1/2025,"Yemen: Mocca Mattari, Sana’a Governorate",15.6
1/6/2025,"Ethiopia: Misty Valley, Yirgacheffe",9.65
1/6/2025,"Costa Rica: La Minita Estate, Tarrazu",8.55
1/6/2025,"Colombia: Organic Sierra Nevada FTO, Santa Marta",8.15
1/6/2025,"Costa Rica: La Magnolia, Tres Rios",6.84
1/6/2025,"Bali: Organic Blue Moon, Kintamani Highlands",9.5
1/6/2025,"Colombia: Supremo EP, Huila",7.85
1/6/2025,"Mexico: Organic Mocabe HG, Chiapas",7.95
1/6/2025,"Colombia: El Gato Supremo, Bucaramanga",8
1/6/2025,"Colombia: Reserva Del Patron, Narino",7.06
1/6/2025,"Mexico: La Laja Honey, Tlaltetela, Veracruz",6.66
1/6/2025,"Haiti: Organic Haitian Blue, Norde",13.95
1/6/2025,"Tanzania: Peaberry, Kilimanjaro",8.8
1/6/2025,"Brazil: Cerrado 17/18, Minas Gerais",7.3
1/6/2025,"Dominican Republic: Organic Ramirez Red Honey, Jarabacoa",9.6
1/6/2025,"Guatemala: La Flor Del Cafe, Antigua",7.6
1/6/2025,"Papua New Guinea: Organic Purosa A/X, Eastern Highlands",10
1/6/2025,"Peru: Organic Finca La Esperanza G1, San Martin",7.45
1/6/2025,CBC Blend: Ferdelance,7.9
1/6/2025,"Ethiopia: Organic Limu G2, Oromia",7.47
1/6/2025,"Kenya: Select Plus AA, Kiambu County",9.8
1/6/2025,"Mexico: Organic Cepco Oaxaca, Oaxaca",9.15
1/6/2025,"Brazil: Oberon, Cerrado",7.3
1/6/2025,"Guatemala: Organic Asdecafe SHB, Huehuetenango",8.35
1/6/2025,India: Cherry Robusta,7.1
1/6/2025,"Mexico: Turquesa HG, Chiapas",7.55
1/6/2025,CBC Blend: Onobeano's Latte,7.9
1/6/2025,"Costa Rica: La Gladiola, Tarrazu",6.93
1/6/2025,"Sumatra: Mandheling G1, Aceh",8.95
1/6/2025,"Brazil: Terra Roja 15/16, Cerrado",7.4
1/6/2025,"India: Monsooned Malabar AA, Karnataka",8.2
1/6/2025,"Guatemala: Organic Decaf HHT Royal Select, Huehuetenango",9.85
1/6/2025,"Ethiopia: Longberry, Harrar",8.5
1/6/2025,"Ethiopia: Organic Konga G2, Yirgacheffe",9.65
1/6/2025,"Timor: Organic Heritage Reserve FTO, East Timor",8.85
1/6/2025,"Colombia: Decaf EA, Cauca",8.3
1/6/2025,"Bolivia: Organic Caranavi FTO, La Paz Department",9.25
1/6/2025,CBC Blend: Four Horseman,7.9
1/6/2025,"Sumatra: Organic Mandheling, Aceh",9.35
1/6/2025,"Costa Rica: Organic La Amistad, Coto Brus",9.6
1/6/2025,"Costa Rica: El Conquistador, Tarrazu",7.34
1/6/2025,"Uganda: Organic Bugisu, Sipi Falls",8.1
1/6/2025,CBC Blend: Organic Big Black,8.15
1/6/2025,"Vietnam: Robusta Honey, Central Highlands",7.05
1/6/2025,"Guatemala: HHT SHB, Huehuetenango",7.9
1/6/2025,"Java: Blawan Estate, East Java",8.65
1/6/2025,CBC Blend: Red Sea,8.45
1/6/2025,"Ethiopia: Kembata G1, Durame Village",8.7
1/6/2025,"Papua New Guinea: Arokara AA, Eastern Highlands",7.9
1/6/2025,"El Salvador: Finca La Esperanza, Santa Ana",7.8
1/6/2025,"Brazil: Organic Fazenda Dutra 14/16, Matas de Minas",9.3
1/6/2025,"Ethiopia: Durato Bombe, Sidamo",9.65
1/6/2025,"Peru: Organic La Florida, Selva Central",8.15
1/6/2025,"Brazil: CHC Reserve Espresso, Daterra Estate",8.15
1/6/2025,"Honduras: Organic 18 Rabbit Black, Marcala",9.7
1/6/2025,"Ethiopia: Organic Buku Sayisa Gr1, Guji",9.85
1/6/2025,"Multi Origin: Organic Decaf Morning Glory, Multi Origin Blend",9.35
1/6/2025,"Guatemala: Finca Vallure, Huehuetenango",8.14
1/6/2025,"Ethiopia: Organic Zelelu Ararso G1, Yirgacheffe",9.85
1/6/2025,Rwanda: Organic Hingakawa Women’s Co-op FTO,8.25
1/6/2025,"Sulawesi:Toraja Sapan Minanga, Tana Toraja",9.15
1/6/2025,CBC Blend: Kope Kapuna,7.9
1/6/2025,"Honduras: Organic 18 Rabbit Washed, Marcala",9.25
1/6/2025,"Uganda: Mt Elgon A, Bugisu",7.95
1/6/2025,"Honduras: Organic 18 Rabbit Natural, Marcala",9.85
1/6/2025,Costa Rica: Decaf El Indio SWP,8.55
1/6/2025,"Dominican Republic: Organic Ramirez Washed, Jarabacoa",8.95
1/6/2025,"Peru: Organic Decaf Sol Y Cafe, Cajamarca",9.15
1/6/2025,"Ethiopia: Decaf Sidamo Natural, Sidamo",9.6
1/6/2025,"Haiti: Blue Pine, Central Plateau",10.55
1/6/2025,"Brazil: Decaf Mogiana, Sul de Minas",8.6
1/6/2025,"Kenya: Peaberry Plus 15/16, Kirinyaga County",9.7
1/6/2025,"Ethiopia: Queen City, Harrar",8.5
1/6/2025,"Indonesia: Organic Decaf Bali Hai, Indonesia Blend",8.85
1/6/2025,"Panama: Finca La Santa SHB EP, Boquete",9.55
1/6/2025,"Papua New Guinea: Mile High A, Eastern Highlands",7.65
1/6/2025,"India: Mysore Nuggets, Chikmagalur District",8.25
1/6/2025,"Guatemala: Finca Santa Margarita, Acatenango",8
1/6/2025,"Ethiopia: Shantawene Abore G1, Sidamo",9.5
1/6/2025,"Nicaragua: Las Segovias Coop SHG, San Juan del Rio Coco",7.65
1/6/2025,"Guatemala: La Flor Del Cafe Peaberry, Antigua",8.35
1/6/2025,CBC Blend: Organic Kope Kapuna,8.15
1/6/2025,"Brazil: Fazenda Bela Vista, Sul de Minas",6.85
1/6/2025,"Sumatra: Tiger, Lintong",10.15
1/6/2025,Brazil Daterra Summer Solstice,8.55
1/6/2025,CBC Blend: Highland,7.9
1/6/2025,"Java: Organic Taman Dadar, Kayumas",9.7
1/6/2025,"Sulawesi: Kalossi, Tana Toraja",8.65
1/6/2025,"Haiti: Savanne Zombie, Central Plateau",10.8
1/6/2025,"Haiti: Marre Blanc, Central Plateau",12
1/6/2025,"Honduras: Organic 18 Rabbit Yellow, Marcala",9.7
1/6/2025,"Costa Rica: Finca El Melico Geisha, La Pena",27.95
1/6/2025,"Dominican Republic: Ramirez Natural, Jarabacoa",9.6
1/6/2025,"Honduras: Kingdom Growers SHG, Montecillos",8.35
1/6/2025,Guatemala Dulce Leonarda Estate HHT,8.15
1/6/2025,"Burundi: Hafi, Muyinga",9.7
1/6/2025,"Jamaica: Blue Mountain, Clydesdale",43.95
1/6/2025,"Bolivia: Apolo, La Paz Department",9.6
1/6/2025,Seasoning Beans,4.95
1/6/2025,"Mexico: Rancho San Francisco, Chiapas",8.4
1/6/2025,"Hawaii: Kona Peaberry, Mauka Honaunau District",47.15
1/6/2025,CBC Blend:Rising Sun,7.9
1/6/2025,"Panama: Janson Farms Geisha, Volcan High Lands",34.85
1/6/2025,"Sumatra: Organic Decaf Mandheling, Aceh",11.05
1/6/2025,"Honduras: Organic 18 Rabbit Red, Marcala",9.7
1/6/2025,CBC Blend: High Octane Blend,7.9
1/6/2025,"Brazil: Sweet Yellow, Daterra Estate",9.25
1/6/2025,"Bali: Organic Kintamani, Kintamani Highlands",9.65
1/6/2025,"Sumatra: Mutu Batak, Lintong",8.45
1/6/2025,"Brazil: Pearl Bourbon Peaberry, Daterra Estate",9.25
1/6/2025,"Papua New Guinea: Organic Decaf Purosa A/X, Eastern Highlands",10.75
1/6/2025,"Hawaii: Kona Purple Mountain, Honaunau District",44.75
1/6/2025,"Hawaii: Kona Extra Fancy, Mauku Honaunau District",49
1/6/2025,"Kenya: Organic Muiri Estate, Kiambu County",9.75
1/6/2025,"Guatemala: Robusta, Chimaltenango",6.85
1/6/2025,CBC Blend: True Mocca Java,9.75
1/6/2025,"Brazil: Sweet Blue, Daterra Estate",9.25
1/6/2025,"Burundi: Bavyeyi, Ngozi",9.7
1/6/2025,"Colombia: Don Enrique Reserve, Narino",8.3
1/6/2025,"Ethiopia: Adame Gorbota G1, Yirgacheffe",9.25
1/6/2025,"Ethiopia: Organic Shantawene G1, Sidamo",9.65
1/6/2025,"Sumatra: Raja Batak Peaberry, Lintong",8.45
1/6/2025,"Timor: Organic Cafe Timor Coop, East Timor",8.6
1/6/2025,"Timor: Organic Decaf Cafe Timor Coop, East Timor",9.5
1/6/2025,"Yemen: Mocca Mattari, Sana’a Governorate",15.6
1/19/2025,"Ethiopia: Misty Valley, Yirgacheffe",9.65
1/19/2025,"Costa Rica: La Minita Estate, Tarrazu",9.5
1/19/2025,"Costa Rica: La Magnolia, Tres Rios",7.6
1/19/2025,"Colombia: El Gato Supremo, Bucaramanga",8
1/19/2025,"Colombia: Organic Sierra Nevada FTO, Santa Marta",8.15
1/19/2025,"Bali: Organic Blue Moon, Kintamani Highlands",9.5
1/19/2025,"Mexico: La Laja Honey, Tlaltetela, Veracruz",7.4
1/19/2025,"Mexico: Organic Mocabe HG, Chiapas",7.95
1/19/2025,"Colombia: Supremo EP, Huila",7.85
1/19/2025,"Haiti: Organic Haitian Blue, Norde",13.95
1/19/2025,"Colombia: Reserva Del Patron, Narino",7.85
1/19/2025,"Tanzania: Peaberry, Kilimanjaro",8.8
1/19/2025,"Guatemala: La Flor Del Cafe, Antigua",8.45
1/19/2025,"Brazil: Cerrado 17/18, Minas Gerais",7.3
1/19/2025,"Dominican Republic: Organic Ramirez Red Honey, Jarabacoa",9.6
1/19/2025,"Brazil: Oberon, Cerrado",6.57
1/19/2025,CBC Blend: Ferdelance,7.9
1/19/2025,"Ethiopia: Organic Limu G2, Oromia",8.3
1/19/2025,"Peru: Organic Finca La Esperanza G1, San Martin",7.45
1/19/2025,India: Cherry Robusta,7.1
1/19/2025,"Mexico: Organic Cepco Oaxaca, Oaxaca",9.15
1/19/2025,"Papua New Guinea: Organic Purosa A/X, Eastern Highlands",10
1/19/2025,CBC Blend: Onobeano's Latte,7.9
1/19/2025,"Guatemala: Organic Asdecafe SHB, Huehuetenango",8.35
1/19/2025,"Kenya: Select Plus AA, Kiambu County",9.8
1/19/2025,"Costa Rica: La Gladiola, Tarrazu",7.7
1/19/2025,"Ethiopia: Organic Konga G2, Yirgacheffe",9.65
1/19/2025,"Mexico: Turquesa HG, Chiapas",7.55
1/19/2025,"Sumatra: Mandheling G1, Aceh",8.95
1/19/2025,"Guatemala: Organic Decaf HHT Royal Select, Huehuetenango",9.85
1/19/2025,"Timor: Organic Heritage Reserve FTO, East Timor",8.85
1/19/2025,"India: Monsooned Malabar AA, Karnataka",8.2
1/19/2025,"Costa Rica: El Conquistador, Tarrazu",8.15
1/19/2025,CBC Blend: Four Horseman,7.9
1/19/2025,"Ethiopia: Longberry, Harrar",8.5
1/19/2025,"Uganda: Organic Bugisu, Sipi Falls",8.1
1/19/2025,"Ethiopia: Durato Bombe, Sidamo",9.65
1/19/2025,CBC Blend: Organic Big Black,8.15
1/19/2025,"Colombia: Decaf EA, Cauca",8.3
1/19/2025,"Java: Blawan Estate, East Java",8.65
1/19/2025,"Vietnam: Robusta Honey, Central Highlands",7.05
1/19/2025,"Peru: Organic La Florida, Selva Central",8.15
1/19/2025,"Sumatra: Organic Mandheling, Aceh",9.35
1/19/2025,"Guatemala: HHT SHB, Huehuetenango",7.9
1/19/2025,CBC Blend: Red Sea,8.45
1/19/2025,"Costa Rica: Organic La Amistad, Coto Brus",9.6
1/19/2025,"Bolivia: Organic Caranavi FTO, La Paz Department",9.25
1/19/2025,"Ethiopia: Organic Buku Sayisa Gr1, Guji",9.85
1/19/2025,"Guatemala: Finca Santa Margarita, Acatenango",7.2
1/19/2025,"Ethiopia: Kembata G1, Durame Village",8.7
1/19/2025,"Guatemala: Finca Vallure, Huehuetenango",9.05
1/19/2025,"Honduras: Organic 18 Rabbit Black, Marcala",9.7
1/19/2025,"Papua New Guinea: Arokara AA, Eastern Highlands",7.9
1/19/2025,"Uganda: Mt Elgon A, Bugisu",7.95
1/19/2025,"Brazil: Organic Fazenda Dutra 14/16, Matas de Minas",9.3
1/19/2025,"Multi Origin: Organic Decaf Morning Glory, Multi Origin Blend",9.35
1/19/2025,"El Salvador: Finca La Esperanza, Santa Ana",7.8
1/19/2025,"Ethiopia: Queen City, Harrar",8.5
1/19/2025,"Haiti: Blue Pine, Central Plateau",10.55
1/19/2025,"Honduras: Organic 18 Rabbit Washed, Marcala",9.25
1/19/2025,Costa Rica: Decaf El Indio SWP,9.5
1/19/2025,"Sulawesi:Toraja Sapan Minanga, Tana Toraja",9.15
1/19/2025,"Honduras: Organic 18 Rabbit Natural, Marcala",9.85
1/19/2025,CBC Blend: Kope Kapuna,7.9
1/19/2025,"Ethiopia: Decaf Sidamo Natural, Sidamo",9.6
1/19/2025,"Panama: Finca La Santa SHB EP, Boquete",9.55
1/19/2025,"Brazil: Decaf Mogiana, Sul de Minas",8.6
1/19/2025,"Peru: Organic Decaf Sol Y Cafe, Cajamarca",9.15
1/19/2025,"Papua New Guinea: Mile High A, Eastern Highlands",7.65
1/19/2025,"Dominican Republic: Organic Ramirez Washed, Jarabacoa",8.06
1/19/2025,"Kenya: Peaberry Plus 15/16, Kirinyaga County",9.7
1/19/2025,"Indonesia: Organic Decaf Bali Hai, Indonesia Blend",9.35
1/19/2025,CBC Blend: Organic Kope Kapuna,8.15
1/19/2025,"Sulawesi: Kalossi, Tana Toraja",8.65
1/19/2025,"Brazil: CHC Reserve Espresso, Daterra Estate",8.15
1/19/2025,"Nicaragua: Las Segovias Coop SHG, San Juan del Rio Coco",6.88
1/19/2025,"Ethiopia: Organic Zelelu Ararso G1, Yirgacheffe",9.85
1/19/2025,"India: Mysore Nuggets, Chikmagalur District",9.05
1/19/2025,"Sumatra: Tiger, Lintong",10.15
1/19/2025,"Sumatra: Organic Decaf Mandheling, Aceh",7
1/19/2025,"Brazil: Fazenda Bela Vista, Sul de Minas",6.85
1/19/2025,CBC Blend: Highland,7.9
1/19/2025,Rwanda: Organic Hingakawa Women’s Co-op FTO,8.25
1/19/2025,"Haiti: Marre Blanc, Central Plateau",12
1/19/2025,"Ethiopia: Shantawene Abore G1, Sidamo",9.5
1/19/2025,"Honduras: Kingdom Growers SHG, Montecillos",8.35
1/19/2025,"Costa Rica: Finca El Melico Geisha, La Pena",27.95
1/19/2025,"Guatemala: La Flor Del Cafe Peaberry, Antigua",8.35
1/19/2025,"Haiti: Savanne Zombie, Central Plateau",10.8
1/19/2025,Brazil Daterra Summer Solstice,8.55
1/19/2025,"Dominican Republic: Ramirez Natural, Jarabacoa",9.6
1/19/2025,"Honduras: Organic 18 Rabbit Yellow, Marcala",9.7
1/19/2025,"Java: Organic Taman Dadar, Kayumas",9.7
1/19/2025,"Bolivia: Apolo, La Paz Department",9.6
1/19/2025,"Bali: Organic Kintamani, Kintamani Highlands",9.65
1/19/2025,CBC Blend:Rising Sun,7.9
1/19/2025,Seasoning Beans,4.95
1/19/2025,"Jamaica: Blue Mountain, Clydesdale",43.95
1/19/2025,"Hawaii: Kona Peaberry, Mauka Honaunau District",47.15
1/19/2025,"Burundi: Hafi, Muyinga",9.7
1/19/2025,CBC Blend: True Mocca Java,10.75
1/19/2025,CBC Blend: High Octane Blend,7.9
1/19/2025,"Mexico: Rancho San Francisco, Chiapas",8.4
1/19/2025,"Panama: Janson Farms Geisha, Volcan High Lands",34.85
1/19/2025,"Guatemala: Dulce Leonarda Estate HHT, Huehuetenango",8.15
1/19/2025,"Honduras: Organic 18 Rabbit Red, Marcala",9.7
1/19/2025,"Brazil: Sweet Yellow, Daterra Estate",9.25
1/19/2025,"Hawaii: Kona Purple Mountain, Honaunau District",44.75
1/19/2025,"Sumatra: Mutu Batak, Lintong",8.45
1/19/2025,"Timor: Organic Cafe Timor Coop, East Timor",8.6
1/19/2025,"Papua New Guinea: Organic Decaf Purosa A/X, Eastern Highlands",10.75
1/19/2025,"Kenya: Organic Muiri Estate, Kiambu County",9.75
1/19/2025,"Hawaii: Kona Extra Fancy, Mauku Honaunau District",49
1/19/2025,"Yemen: Northern Crown Khulani, Sa'adah Governorate",18.75
1/19/2025,"Brazil: Pearl Bourbon Peaberry, Daterra Estate",9.25
1/19/2025,"Brazil: Sweet Blue, Daterra Estate",9.25
1/19/2025,"Burundi: Bavyeyi, Ngozi",9.7
1/19/2025,"Ethiopia: Adame Gorbota G1, Yirgacheffe",9.25
1/19/2025,"Ethiopia: Organic Shantawene G1, Sidamo",9.65
1/19/2025,"Guatemala: Robusta, Chimaltenango",6.85
1/19/2025,"Sumatra: Raja Batak Peaberry, Lintong",8.45
1/19/2025,"Timor: Organic Decaf Cafe Timor Coop, East Timor",9.5
1/19/2025,"Yemen: Mocca Mattari, Sana’a Governorate",15.6
1/31/2025,"Ethiopia: Misty Valley, Yirgacheffe",9.65
1/31/2025,"Costa Rica: La Minita Estate, Tarrazu",9.5
1/31/2025,"Colombia: Organic Sierra Nevada FTO, Santa Marta",9.15
1/31/2025,"Costa Rica: La Magnolia, Tres Rios",7.6
1/31/2025,"Colombia: El Gato Supremo, Bucaramanga",8
1/31/2025,"Bali: Organic Blue Moon, Kintamani Highlands",9.5
1/31/2025,"Mexico: Organic Mocabe HG, Chiapas",9.05
1/31/2025,"Haiti: Organic Haitian Blue, Norde",12.56
1/31/2025,"Colombia: Supremo EP, Huila",7.85
1/31/2025,"Tanzania: Peaberry, Kilimanjaro",7.92
1/31/2025,"Colombia: Reserva Del Patron, Narino",7.85
1/31/2025,"Mexico: La Laja Honey, Tlaltetela, Veracruz",7.4
1/31/2025,"Brazil: Oberon, Cerrado",7.3
1/31/2025,"Brazil: Cerrado 17/18, Minas Gerais",7.3
1/31/2025,CBC Blend: Ferdelance,7.9
1/31/2025,"Guatemala: La Flor Del Cafe, Antigua",8.45
1/31/2025,"Papua New Guinea: Organic Purosa A/X, Eastern Highlands",10
1/31/2025,"Peru: Organic Finca La Esperanza G1, San Martin",9.45
1/31/2025,"Mexico: Organic Cepco Oaxaca, Oaxaca",9.15
1/31/2025,"Dominican Republic: Organic Ramirez Red Honey, Jarabacoa",8.64
1/31/2025,"Sumatra: Mandheling G1, Aceh",8.95
1/31/2025,"Ethiopia: Organic Limu G2, Oromia",8.3
1/31/2025,"Ethiopia: Organic Konga G2, Yirgacheffe",9.65
1/31/2025,"Guatemala: Organic Asdecafe SHB, Huehuetenango",8.35
1/31/2025,CBC Blend: Onobeano's Latte,7.9
1/31/2025,"Kenya: Select Plus AA, Kiambu County",9.95
1/31/2025,India: Cherry Robusta,7.1
1/31/2025,"Timor: Organic Heritage Reserve FTO, East Timor",8.85
1/31/2025,"Mexico: Turquesa HG, Chiapas",8.55
1/31/2025,"Guatemala: Organic Decaf HHT Royal Select, Huehuetenango",9.85
1/31/2025,"Costa Rica: La Gladiola, Tarrazu",7.7
1/31/2025,"Costa Rica: El Conquistador, Tarrazu",8.15
1/31/2025,"Ethiopia: Durato Bombe, Sidamo",9.65
1/31/2025,CBC Blend: Four Horseman,7.9
1/31/2025,"Ethiopia: Organic Buku Sayisa Gr1, Guji",9.85
1/31/2025,"Peru: Organic La Florida, Selva Central",8.15
1/31/2025,"India: Monsooned Malabar AA, Karnataka",9.15
1/31/2025,"Guatemala: Finca Santa Margarita, Acatenango",8
1/31/2025,"Ethiopia: Longberry, Harrar",8.5
1/31/2025,"Sumatra: Organic Mandheling, Aceh",9.35
1/31/2025,CBC Blend: Organic Big Black,8.15
1/31/2025,"Vietnam: Robusta Honey, Central Highlands",7.05
1/31/2025,"Uganda: Organic Bugisu, Sipi Falls",8.1
1/31/2025,"Guatemala: HHT SHB, Huehuetenango",7.9
1/31/2025,"Java: Blawan Estate, East Java",8.65
1/31/2025,"Colombia: Decaf EA, Cauca",8.3
1/31/2025,"Guatemala: Finca Vallure, Huehuetenango",8.14
1/31/2025,"Costa Rica: Organic La Amistad, Coto Brus",9.6
1/31/2025,"Papua New Guinea: Arokara AA, Eastern Highlands",7.9
1/31/2025,"Uganda: Mt Elgon A, Bugisu",7.95
1/31/2025,"Bolivia: Organic Caranavi FTO, La Paz Department",9.25
1/31/2025,CBC Blend: Red Sea,8.45
1/31/2025,"Sulawesi:Toraja Sapan Minanga, Tana Toraja",9.15
1/31/2025,"Ethiopia: Kembata G1, Durame Village",8.7
1/31/2025,"Honduras: Organic 18 Rabbit Black, Marcala",9.7
1/31/2025,"Ethiopia: Queen City, Harrar",8.5
1/31/2025,"Brazil: Organic Fazenda Dutra 14/16, Matas de Minas",10.05
1/31/2025,"Honduras: Organic 18 Rabbit Washed, Marcala",9.25
1/31/2025,"Haiti: Blue Pine, Central Plateau",10.55
1/31/2025,"El Salvador: Finca La Esperanza, Santa Ana",7.8
1/31/2025,"Multi Origin: Organic Decaf Morning Glory, Multi Origin Blend",10.05
1/31/2025,CBC Blend: Kope Kapuna,7.9
1/31/2025,"Indonesia: Organic Decaf Bali Hai, Indonesia Blend",9.35
1/31/2025,Costa Rica: Decaf El Indio SWP,9.5
1/31/2025,"Bali: Organic Kintamani, Kintamani Highlands",8.68
1/31/2025,"Panama: Finca La Santa SHB EP, Boquete",9.55
1/31/2025,"Dominican Republic: Organic Ramirez Washed, Jarabacoa",8.95
1/31/2025,"Brazil: Sweet Blue, Daterra Estate",9.65
1/31/2025,"Brazil: Decaf Mogiana, Sul de Minas",8.6
1/31/2025,"Sulawesi: Kalossi, Tana Toraja",8.65
1/31/2025,"Ethiopia: Decaf Sidamo Natural, Sidamo",10.6
1/31/2025,"Peru: Organic Decaf Sol Y Cafe, Cajamarca",9.15
1/31/2025,"Brazil: CHC Reserve Espresso, Daterra Estate",8.65
1/31/2025,"Honduras: Organic 18 Rabbit Natural, Marcala",9.85
1/31/2025,"Kenya: Peaberry Plus 15/16, Kirinyaga County",10
1/31/2025,"Papua New Guinea: Mile High A, Eastern Highlands",7.65
1/31/2025,"India: Mysore Nuggets, Chikmagalur District",8.24
1/31/2025,CBC Blend: Organic Kope Kapuna,8.15
1/31/2025,"Nicaragua: Las Segovias Coop SHG, San Juan del Rio Coco",7.65
1/31/2025,CBC Blend: True Mocca Java,10.75
1/31/2025,"Sumatra: Organic Decaf Mandheling, Aceh",11.05
1/31/2025,"Honduras: Kingdom Growers SHG, Montecillos",8.35
1/31/2025,"Ethiopia: Shantawene Abore G1, Sidamo",9.5
1/31/2025,"Sumatra: Tiger, Lintong",10.15
1/31/2025,CBC Blend: Highland,7.9
1/31/2025,"Haiti: Savanne Zombie, Central Plateau",10.8
1/31/2025,"Haiti: Marre Blanc, Central Plateau",12
1/31/2025,"Ethiopia: Organic Zelelu Ararso G1, Yirgacheffe",9.85
1/31/2025,"Costa Rica: Finca El Melico Geisha, La Pena",27.95
1/31/2025,Rwanda: Organic Hingakawa Women’s Co-op FTO,8.25
1/31/2025,"Java: Organic Taman Dadar, Kayumas",9.7
1/31/2025,"Guatemala: La Flor Del Cafe Peaberry, Antigua",8.35
1/31/2025,Brazil Daterra Summer Solstice,8.55
1/31/2025,"Dominican Republic: Ramirez Natural, Jarabacoa",9.6
1/31/2025,"Bolivia: Apolo, La Paz Department",9.6
1/31/2025,"Brazil: Fazenda Bela Vista, Sul de Minas",6.85
1/31/2025,Seasoning Beans,5.95
1/31/2025,"Jamaica: Blue Mountain, Clydesdale",43.95
1/31/2025,"Honduras: Organic 18 Rabbit Yellow, Marcala",9.7
1/31/2025,CBC Blend:Rising Sun,7.9
1/31/2025,"Guatemala: Robusta, Chimaltenango",7.8
1/31/2025,"Guatemala: Dulce Leonarda Estate HHT, Huehuetenango",8.15
1/31/2025,"Hawaii: Kona Peaberry, Mauka Honaunau District",47.15
1/31/2025,"Timor: Organic Cafe Timor Coop, East Timor",8.6
1/31/2025,CBC Blend: High Octane Blend,7.9
1/31/2025,"Mexico: Rancho San Francisco, Chiapas",8.4
1/31/2025,"Burundi: Hafi, Muyinga",9.7
1/31/2025,"Hawaii: Kona Purple Mountain, Honaunau District",44.75
1/31/2025,"Panama: Janson Farms Geisha, Volcan High Lands",34.85
1/31/2025,"Yemen: Northern Crown Khulani, Sa'adah Governorate",18
1/31/2025,"Brazil: Sweet Yellow, Daterra Estate",9.25
1/31/2025,"Kenya: Organic Muiri Estate, Kiambu County",9.75
1/31/2025,"Sumatra: Mutu Batak, Lintong",8.45
1/31/2025,"Honduras: Organic 18 Rabbit Red, Marcala",9.7
1/31/2025,"Papua New Guinea: Organic Decaf Purosa A/X, Eastern Highlands",10.75
1/31/2025,"Hawaii: Kona Extra Fancy, Mauku Honaunau District",49
1/31/2025,"Brazil: Pearl Bourbon Peaberry, Daterra Estate",9.25
1/31/2025,"Burundi: Bavyeyi, Ngozi",9.7
1/31/2025,"Ethiopia: Adame Gorbota G1, Yirgacheffe",9.25
1/31/2025,"Ethiopia: Organic Shantawene G1, Sidamo",9.65
1/31/2025,"Sumatra: Raja Batak Peaberry, Lintong",8.45
1/31/2025,"Timor: Organic Decaf Cafe Timor Coop, East Timor",9.5
1/31/2025,"Yemen: Mocca Mattari, Sana’a Governorate",15.6
2/6/2025,"Ethiopia: Misty Valley, Yirgacheffe",9.65
2/6/2025,"Costa Rica: La Minita Estate, Tarrazu",9.5
2/6/2025,"Colombia: Organic Sierra Nevada FTO, Santa Marta",9.15
2/6/2025,"Costa Rica: La Magnolia, Tres Rios",7.6
2/6/2025,"Colombia: El Gato Supremo, Bucaramanga",8
2/6/2025,"Colombia: Supremo EP, Huila",7.85
2/6/2025,"Haiti: Organic Haitian Blue, Norde",13.95
2/6/2025,"Bali: Organic Blue Moon, Kintamani Highlands",9.5
2/6/2025,"Tanzania: Peaberry, Kilimanjaro",8.8
2/6/2025,"Mexico: Organic Mocabe HG, Chiapas",9.05
2/6/2025,"Colombia: Reserva Del Patron, Narino",7.85
2/6/2025,"Mexico: La Laja Honey, Tlaltetela, Veracruz",7.4
2/6/2025,CBC Blend: Ferdelance,7.9
2/6/2025,"Brazil: Oberon, Cerrado",7.3
2/6/2025,"Brazil: Cerrado 17/18, Minas Gerais",7.3
2/6/2025,"Ethiopia: Organic Limu G2, Oromia",6.3
2/6/2025,"Guatemala: La Flor Del Cafe, Antigua",8.45
2/6/2025,"Papua New Guinea: Organic Purosa A/X, Eastern Highlands",10
2/6/2025,"Peru: Organic Finca La Esperanza G1, San Martin",9.45
2/6/2025,"Mexico: Organic Cepco Oaxaca, Oaxaca",9.15
2/6/2025,"Ethiopia: Organic Konga G2, Yirgacheffe",8.68
2/6/2025,"Dominican Republic: Organic Ramirez Red Honey, Jarabacoa",9.6
2/6/2025,"Sumatra: Mandheling G1, Aceh",8.95
2/6/2025,"Guatemala: Organic Asdecafe SHB, Huehuetenango",8.35
2/6/2025,CBC Blend: Onobeano's Latte,7.9
2/6/2025,"Timor: Organic Heritage Reserve FTO, East Timor",8.85
2/6/2025,"Kenya: Select Plus AA, Kiambu County",9.95
2/6/2025,"Mexico: Turquesa HG, Chiapas",8.55
2/6/2025,India: Cherry Robusta,7.1
2/6/2025,"Ethiopia: Organic Buku Sayisa Gr1, Guji",8.86
2/6/2025,"Costa Rica: La Gladiola, Tarrazu",7.7
2/6/2025,"Guatemala: Organic Decaf HHT Royal Select, Huehuetenango",9.85
2/6/2025,"Ethiopia: Durato Bombe, Sidamo",8.68
2/6/2025,"Costa Rica: El Conquistador, Tarrazu",8.15
2/6/2025,CBC Blend: Four Horseman,7.9
2/6/2025,"Guatemala: Finca Santa Margarita, Acatenango",8
2/6/2025,"India: Monsooned Malabar AA, Karnataka",9.15
2/6/2025,"Peru: Organic La Florida, Selva Central",8.15
2/6/2025,"Sumatra: Organic Mandheling, Aceh",9.35
2/6/2025,"Ethiopia: Longberry, Harrar",8.5
2/6/2025,"Guatemala: Finca Vallure, Huehuetenango",9.05
2/6/2025,"Uganda: Organic Bugisu, Sipi Falls",8.1
2/6/2025,CBC Blend: Organic Big Black,8.15
2/6/2025,"Vietnam: Robusta Honey, Central Highlands",7.05
2/6/2025,"Java: Blawan Estate, East Java",8.65
2/6/2025,"Guatemala: HHT SHB, Huehuetenango",7.9
2/6/2025,"Colombia: Decaf EA, Cauca",8.3
2/6/2025,"Uganda: Mt Elgon A, Bugisu",7.95
2/6/2025,"Honduras: Organic 18 Rabbit Black, Marcala",9.7
2/6/2025,"Sulawesi:Toraja Sapan Minanga, Tana Toraja",9.15
2/6/2025,"Costa Rica: Organic La Amistad, Coto Brus",9.6
2/6/2025,"Ethiopia: Queen City, Harrar",7.65
2/6/2025,"Papua New Guinea: Arokara AA, Eastern Highlands",7.9
2/6/2025,CBC Blend: Red Sea,8.45
2/6/2025,"El Salvador: Finca La Esperanza, Santa Ana",7.8
2/6/2025,"Indonesia: Organic Decaf Bali Hai, Indonesia Blend",9.35
2/6/2025,"Multi Origin: Organic Decaf Morning Glory, Multi Origin Blend",10.05
2/6/2025,"Bali: Organic Kintamani, Kintamani Highlands",9.65
2/6/2025,"Haiti: Blue Pine, Central Plateau",10.75
2/6/2025,"Brazil: Organic Fazenda Dutra 14/16, Matas de Minas",10.05
2/6/2025,"Bolivia: Organic Caranavi FTO, La Paz Department",9.25
2/6/2025,"Honduras: Organic 18 Rabbit Washed, Marcala",9.25
2/6/2025,"Ethiopia: Kembata G1, Durame Village",8.7
2/6/2025,"Brazil: Sweet Blue, Daterra Estate",9.65
2/6/2025,CBC Blend: Kope Kapuna,7.9
2/6/2025,"Panama: Finca La Santa SHB EP, Boquete",9.55
2/6/2025,"Dominican Republic: Organic Ramirez Washed, Jarabacoa",8.95
2/6/2025,"Brazil: Decaf Mogiana, Sul de Minas",8.6
2/6/2025,"Ethiopia: Decaf Sidamo Natural, Sidamo",10.6
2/6/2025,Costa Rica: Decaf El Indio SWP,9.5
2/6/2025,"Sulawesi: Kalossi, Tana Toraja",8.65
2/6/2025,"Brazil: CHC Reserve Espresso, Daterra Estate",8.65
2/6/2025,"India: Mysore Nuggets, Chikmagalur District",9.15
2/6/2025,CBC Blend: Organic Kope Kapuna,8.15
2/6/2025,"Kenya: Peaberry Plus 15/16, Kirinyaga County",10
2/6/2025,"Peru: Organic Decaf Sol Y Cafe, Cajamarca",9.15
2/6/2025,"Papua New Guinea: Mile High A, Eastern Highlands",7.65
2/6/2025,CBC Blend: True Mocca Java,10.75
2/6/2025,"Nicaragua: Las Segovias Coop SHG, San Juan del Rio Coco",7.65
2/6/2025,"Honduras: Organic 18 Rabbit Natural, Marcala",9.85
2/6/2025,"Sumatra: Organic Decaf Mandheling, Aceh",11.05
2/6/2025,"Ethiopia: Shantawene Abore G1, Sidamo",8.55
2/6/2025,"Honduras: Kingdom Growers SHG, Montecillos",8.35
2/6/2025,"Haiti: Marre Blanc, Central Plateau",12
2/6/2025,"Haiti: Savanne Zombie, Central Plateau",10.8
2/6/2025,"Sumatra: Tiger, Lintong",10.15
2/6/2025,CBC Blend: Highland,7.9
2/6/2025,Rwanda: Organic Hingakawa Women’s Co-op FTO,8.25
2/6/2025,"Java: Organic Taman Dadar, Kayumas",9.7
2/6/2025,"Costa Rica: Finca El Melico Geisha, La Pena",27.95
2/6/2025,"Guatemala: La Flor Del Cafe Peaberry, Antigua",8.35
2/6/2025,Brazil Daterra Summer Solstice,8.55
2/6/2025,"Dominican Republic: Ramirez Natural, Jarabacoa",9.6
2/6/2025,"Bolivia: Apolo, La Paz Department",9.6
2/6/2025,"Ethiopia: Organic Zelelu Ararso G1, Yirgacheffe",9.85
2/6/2025,"Brazil: Fazenda Bela Vista, Sul de Minas",6.85
2/6/2025,CBC Blend:Rising Sun,8.15
2/6/2025,"Honduras: Organic 18 Rabbit Yellow, Marcala",9.7
2/6/2025,Seasoning Beans,5.95
2/6/2025,"Guatemala: Robusta, Chimaltenango",7.8
2/6/2025,"Jamaica: Blue Mountain, Clydesdale",43.95
2/6/2025,"Guatemala: Dulce Leonarda Estate HHT, Huehuetenango",8.15
2/6/2025,"Timor: Organic Cafe Timor Coop, East Timor",8.6
2/6/2025,"Hawaii: Kona Peaberry, Mauka Honaunau District",47.15
2/6/2025,"Yemen: Northern Crown Khulani, Sa'adah Governorate",18
2/6/2025,"Hawaii: Kona Purple Mountain, Honaunau District",44.75
2/6/2025,CBC Blend: High Octane Blend,8.15
2/6/2025,"Mexico: Rancho San Francisco, Chiapas",8.4
2/6/2025,"Panama: Janson Farms Geisha, Volcan High Lands",34.85
2/6/2025,"Burundi: Hafi, Muyinga",9.7
2/6/2025,"Kenya: Organic Muiri Estate, Kiambu County",9.75
2/6/2025,"Brazil: Sweet Yellow, Daterra Estate",9.25
2/6/2025,"Sumatra: Mutu Batak, Lintong",8.45
2/6/2025,"Honduras: Organic 18 Rabbit Red, Marcala",9.8
2/6/2025,"Hawaii: Kona Extra Fancy, Mauku Honaunau District",49
2/6/2025,"Brazil: Pearl Bourbon Peaberry, Daterra Estate",9.25
2/6/2025,"Burundi: Bavyeyi, Ngozi",9.7
2/6/2025,"Ethiopia: Adame Gorbota G1, Yirgacheffe",9.25
2/6/2025,"Ethiopia: Organic Shantawene G1, Sidamo",9.65
2/6/2025,"Papua New Guinea: Organic Decaf Purosa A/X, Eastern Highlands",10.75
2/6/2025,"Sumatra: Raja Batak Peaberry, Lintong",8.45
2/6/2025,"Timor: Organic Decaf Cafe Timor Coop, East Timor",9.5
2/6/2025,"Yemen: Mocca Mattari, Sana’a Governorate",15.6
2/23/2025,"Ethiopia: Misty Valley, Yirgacheffe",9.65
2/23/2025,"Costa Rica: La Minita Estate, Tarrazu",9.5
2/23/2025,"Colombia: Organic Sierra Nevada FTO, Santa Marta",8.91
2/23/2025,"Costa Rica: La Magnolia, Tres Rios",7.6
2/23/2025,"Colombia: El Gato Supremo, Bucaramanga",8
2/23/2025,"Brazil: Cerrado 17/18, Minas Gerais",7.3
2/23/2025,"Brazil: Oberon, Cerrado",7.3
2/23/2025,"Haiti: Organic Haitian Blue, Norde",13.95
2/23/2025,"Colombia: Supremo EP, Huila",7.85
2/23/2025,"Ethiopia: Organic Limu G2, Oromia",8.3
2/23/2025,"Colombia: Reserva Del Patron, Narino",7.85
2/23/2025,"Tanzania: Peaberry, Kilimanjaro",9.4
2/23/2025,"Mexico: La Laja Honey, Tlaltetela, Veracruz",7.4
2/23/2025,"Mexico: Organic Mocabe HG, Chiapas",9.05
2/23/2025,"Bali: Organic Blue Moon, Kintamani Highlands",9.5
2/23/2025,CBC Blend: Ferdelance,7.9
2/23/2025,"Guatemala: Finca Santa Margarita, Acatenango",8
2/23/2025,"Papua New Guinea: Organic Purosa A/X, Eastern Highlands",10
2/23/2025,"Peru: Organic Finca La Esperanza G1, San Martin",9.45
2/23/2025,"Guatemala: La Flor Del Cafe, Antigua",8.45
2/23/2025,"Ethiopia: Organic Konga G2, Yirgacheffe",9.65
2/23/2025,"Ethiopia: Organic Buku Sayisa Gr1, Guji",9.85
2/23/2025,"Mexico: Organic Cepco Oaxaca, Oaxaca",9.15
2/23/2025,"Sumatra: Mandheling G1, Aceh",8.95
2/23/2025,"Costa Rica: La Gladiola, Tarrazu",7.7
2/23/2025,"Dominican Republic: Organic Ramirez Red Honey, Jarabacoa",9.6
2/23/2025,CBC Blend: Onobeano's Latte,7.9
2/23/2025,"Guatemala: Organic Asdecafe SHB, Huehuetenango",8.35
2/23/2025,"Guatemala: Decaf HHT Royal Select, Huehuetenango",10.85
2/23/2025,India: Cherry Robusta,7.4
2/23/2025,CBC Blend: Four Horseman,7.9
2/23/2025,"Mexico: Turquesa HG, Chiapas",8.55
2/23/2025,"Ethiopia: Durato Bombe, Sidamo",9.65
2/23/2025,"Kenya: Select Plus AA, Kiambu County",10.4
2/23/2025,"Costa Rica: El Conquistador, Tarrazu",8.15
2/23/2025,"Sumatra: Organic Mandheling, Aceh",9.9
2/23/2025,"Guatemala: Finca Vallure, Huehuetenango",9.05
2/23/2025,"India: Monsooned Malabar AA, Karnataka",9.55
2/23/2025,"Timor: Organic Heritage Reserve FTO, East Timor",10.5
2/23/2025,"Peru: Organic La Florida, Selva Central",8.15
2/23/2025,"Indonesia: Organic Decaf Bali Hai, Indonesia Blend",9.35
2/23/2025,"Uganda: Organic Bugisu, Sipi Falls",8.1
2/23/2025,"Papua New Guinea: Arokara AA, Eastern Highlands",7.9
2/23/2025,"Java: Blawan Estate, East Java",9.5
2/23/2025,"Ethiopia: Queen City, Harrar",8.5
2/23/2025,"Uganda: Mt Elgon A, Bugisu",7.95
2/23/2025,"Ethiopia: Longberry, Harrar",8.5
2/23/2025,"Guatemala: HHT SHB, Huehuetenango",9.05
2/23/2025,"Bali: Organic Kintamani, Kintamani Highlands",9.65
2/23/2025,"Sulawesi:Toraja Sapan Minanga, Tana Toraja",9.15
2/23/2025,"Honduras: Organic 18 Rabbit Black, Marcala",8.73
2/23/2025,"Honduras: Organic 18 Rabbit Washed, Marcala",8.32
2/23/2025,"Dominican Republic: Organic Ramirez Washed, Jarabacoa",8.95
2/23/2025,CBC Blend: Organic Big Black,9.15
2/23/2025,Rwanda: Organic Hingakawa Women’s Co-op FTO,7.42
2/23/2025,"Brazil: Sweet Blue, Daterra Estate",9.65
2/23/2025,"Multi Origin: Decaf Morning Glory, Multi Origin Blend",10.05
2/23/2025,"El Salvador: Finca La Esperanza, Santa Ana",7.8
2/23/2025,"Panama: Finca La Santa SHB EP, Boquete",9.55
2/23/2025,CBC Blend: True Mocca Java,10.75
2/23/2025,CBC Blend: Red Sea,9.45
2/23/2025,"Ethiopia: Kembata G1, Durame Village",8.7
2/23/2025,"Brazil: Organic Fazenda Dutra 14/16, Matas de Minas",10.8
2/23/2025,"Colombia: Decaf EA, Cauca",9.85
2/23/2025,"Haiti: Blue Pine, Central Plateau",10.75
2/23/2025,"Sulawesi: Kalossi, Tana Toraja",8.65
2/23/2025,CBC Blend: Kope Kapuna,7.9
2/23/2025,"Vietnam: Robusta Honey, Central Highlands",7.05
2/23/2025,Costa Rica: Decaf El Indio SWP,9.5
2/23/2025,"Brazil: CHC Reserve Espresso, Daterra Estate",8.65
2/23/2025,"Brazil: Decaf Mogiana, Sul de Minas",8.6
2/23/2025,"Nicaragua: Las Segovias Coop SHG, San Juan del Rio Coco",7.65
2/23/2025,"Bolivia: Organic Caranavi FTO, La Paz Department",9.25
2/23/2025,"Costa Rica: Organic La Amistad, Coto Brus",9.6
2/23/2025,"India: Mysore Nuggets, Chikmagalur District",9.15
2/23/2025,"Ethiopia: Decaf Sidamo Natural, Sidamo",10.6
2/23/2025,CBC Blend: Organic Kope Kapuna,9.15
2/23/2025,"Kenya: Peaberry Plus 15/16, Kirinyaga County",10.3
2/23/2025,"Dominican Republic: Ramirez Natural, Jarabacoa",9.6
2/23/2025,"Honduras: Kingdom Growers SHG, Montecillos",8.35
2/23/2025,"Peru: Organic Decaf Sol Y Cafe, Cajamarca",10.6
2/23/2025,"Honduras: Organic 18 Rabbit Natural, Marcala",9.85
2/23/2025,"Ethiopia: Shantawene Abore G1, Sidamo",9.5
2/23/2025,"Papua New Guinea: Mile High A, Eastern Highlands",9.75
2/23/2025,CBC Blend: Highland,7.9
2/23/2025,"Haiti: Marre Blanc, Central Plateau",12
2/23/2025,"Sumatra: Organic Decaf Mandheling, Aceh",11.05
2/23/2025,"Timor: Organic Cafe Timor Coop, East Timor",7.74
2/23/2025,Brazil Daterra Summer Solstice,8.55
2/23/2025,"Guatemala: La Flor Del Cafe Peaberry, Antigua",8.35
2/23/2025,"Haiti: Savanne Zombie, Central Plateau",10.8
2/23/2025,"Costa Rica: Finca El Melico Geisha, La Pena",27.95
2/23/2025,"Java: Organic Taman Dadar, Kayumas",9.7
2/23/2025,"Bolivia: Apolo, La Paz Department",9.6
2/23/2025,"Sumatra: Tiger, Lintong",10.15
2/23/2025,CBC Blend:Rising Sun,8.15
2/23/2025,"Guatemala: Robusta, Chimaltenango",7.8
2/23/2025,"Honduras: Organic 18 Rabbit Yellow, Marcala",9.7
2/23/2025,"Yemen: Northern Crown Khulani, Sa'adah Governorate",18
2/23/2025,"Ethiopia: Organic Zelelu Ararso G1, Yirgacheffe",9.85
2/23/2025,"Jamaica: Blue Mountain, Clydesdale",43.95
2/23/2025,Seasoning Beans,5.95
2/23/2025,"Brazil: Fazenda Bela Vista, Sul de Minas",6.85
2/23/2025,"Hawaii: Kona Peaberry, Mauka Honaunau District",47.15
2/23/2025,"Guatemala: Dulce Leonarda Estate HHT, Huehuetenango",8.15
2/23/2025,"Hawaii: Kona Purple Mountain, Honaunau District",44.75
2/23/2025,CBC Blend: High Octane Blend,9.15
2/23/2025,"Mexico: Rancho San Francisco, Chiapas",8.4
2/23/2025,"Kenya: Organic Muiri Estate, Kiambu County",9.75
2/23/2025,"Panama: Janson Farms Geisha, Volcan High Lands",34.85
2/23/2025,"Uganda: Kaweri Robusta, Mubende",8.4
2/23/2025,"Honduras: Organic 18 Rabbit Red, Marcala",9.8
2/23/2025,"Brazil: Pearl Bourbon Peaberry, Daterra Estate",9.25
2/23/2025,"Brazil: Sweet Yellow, Daterra Estate",9.25
2/23/2025,"Burundi: Bavyeyi, Ngozi",9.7
2/23/2025,"Burundi: Hafi, Muyinga",9.7
2/23/2025,"Ethiopia: Adame Gorbota G1, Yirgacheffe",9.25
2/23/2025,"Ethiopia: Organic Shantawene G1, Sidamo",9.65
2/23/2025,"Papua New Guinea: Organic Decaf Purosa A/X, Eastern Highlands",10.75
2/23/2025,"Sumatra: Mutu Batak, Lintong",8.45
2/23/2025,"Sumatra: Raja Batak Peaberry, Lintong",8.45
2/23/2025,"Timor: Organic Decaf Cafe Timor Coop, East Timor",9.5
2/23/2025,"Yemen: Mocca Mattari, Sana’a Governorate",15.6
3/2/2025,"Ethiopia: Misty Valley, Yirgacheffe",9.65
3/2/2025,"Costa Rica: La Minita Estate, Tarrazu",9.5
3/2/2025,"Colombia: Organic Sierra Nevada FTO, Santa Marta",9.9
3/2/2025,"Costa Rica: La Magnolia, Tres Rios",7.6
3/2/2025,"Colombia: El Gato Supremo, Bucaramanga",8
3/2/2025,"Brazil: Cerrado 17/18, Minas Gerais",7.3
3/2/2025,"Brazil: Oberon, Cerrado",7.3
3/2/2025,"Colombia: Supremo EP, Huila",7.85
3/2/2025,"Ethiopia: Organic Limu G2, Oromia",7.47
3/2/2025,"Colombia: Reserva Del Patron, Narino",7.85
3/2/2025,"Mexico: La Laja Honey, Tlaltetela, Veracruz",7.4
3/2/2025,"Tanzania: Peaberry, Kilimanjaro",9.4
3/2/2025,"Mexico: Organic Mocabe HG, Chiapas",9.05
3/2/2025,"Bali: Organic Blue Moon, Kintamani Highlands",9.5
3/2/2025,"Guatemala: Finca Santa Margarita, Acatenango",8
3/2/2025,CBC Blend: Ferdelance,7.9
3/2/2025,"Haiti: Organic Haitian Blue, Norde",13.95
3/2/2025,"Ethiopia: Organic Konga G2, Yirgacheffe",8.68
3/2/2025,"Papua New Guinea: Organic Purosa A/X, Eastern Highlands",10
3/2/2025,"Guatemala: La Flor Del Cafe, Antigua",8.45
3/2/2025,"Mexico: Organic Cepco Oaxaca, Oaxaca",8.24
3/2/2025,"Peru: Organic Finca La Esperanza G1, San Martin",9.45
3/2/2025,"Ethiopia: Organic Buku Sayisa Gr1, Guji",9.85
3/2/2025,"Sumatra: Mandheling G1, Aceh",8.95
3/2/2025,India: Cherry Robusta,7.4
3/2/2025,"Dominican Republic: Organic Ramirez Red Honey, Jarabacoa",9.6
3/2/2025,"Costa Rica: La Gladiola, Tarrazu",7.7
3/2/2025,CBC Blend: Onobeano's Latte,7.9
3/2/2025,"Guatemala: Decaf HHT Royal Select, Huehuetenango",10.85
3/2/2025,CBC Blend: Four Horseman,7.9
3/2/2025,"Guatemala: Organic Asdecafe SHB, Huehuetenango",8.35
3/2/2025,"Ethiopia: Durato Bombe, Sidamo",9.65
3/2/2025,"Costa Rica: El Conquistador, Tarrazu",8.15
3/2/2025,"Mexico: Turquesa HG, Chiapas",8.55
3/2/2025,"Sumatra: Organic Mandheling, Aceh",11
3/2/2025,"Kenya: Select Plus AA, Kiambu County",10.4
3/2/2025,"Peru: Organic La Florida, Selva Central",8.15
3/2/2025,"Uganda: Organic Bugisu, Sipi Falls",7.29
3/2/2025,"Guatemala: Finca Vallure, Huehuetenango",9.05
3/2/2025,"India: Monsooned Malabar AA, Karnataka",9.55
3/2/2025,"Ethiopia: Queen City, Harrar",8.5
3/2/2025,"Bali: Organic Kintamani, Kintamani Highlands",9.65
3/2/2025,"Indonesia: Organic Decaf Bali Hai, Indonesia Blend",9.35
3/2/2025,"Ethiopia: Longberry, Harrar",8.5
3/2/2025,"Java: Blawan Estate, East Java",9.5
3/2/2025,"Timor: Organic Heritage Reserve FTO, East Timor",9.45
3/2/2025,"Uganda: Mt Elgon A, Bugisu",7.95
3/2/2025,"Sulawesi:Toraja Sapan Minanga, Tana Toraja",9.15
3/2/2025,"Honduras: Organic 18 Rabbit Black, Marcala",9.7
3/2/2025,"Papua New Guinea: Arokara AA, Eastern Highlands",7.9
3/2/2025,"Honduras: Organic 18 Rabbit Washed, Marcala",9.25
3/2/2025,"Guatemala: HHT SHB, Huehuetenango",9.05
3/2/2025,"Dominican Republic: Organic Ramirez Washed, Jarabacoa",8.95
3/2/2025,CBC Blend: True Mocca Java,10.75
3/2/2025,"Brazil: Sweet Blue, Daterra Estate",9.65
3/2/2025,CBC Blend: Organic Big Black,9.15
3/2/2025,Rwanda: Organic Hingakawa Women’s Co-op FTO,8.25
3/2/2025,"Panama: Finca La Santa SHB EP, Boquete",9.55
3/2/2025,"El Salvador: Finca La Esperanza, Santa Ana",7.8
3/2/2025,"Multi Origin: Decaf Morning Glory, Multi Origin Blend",10.95
3/2/2025,CBC Blend: Red Sea,9.45
3/2/2025,"Sulawesi: Kalossi, Tana Toraja",8.65
3/2/2025,"Colombia: Decaf EA, Cauca",9.85
3/2/2025,"Brazil: CHC Reserve Espresso, Daterra Estate",8.65
3/2/2025,"Ethiopia: Kembata G1, Durame Village",8.7
3/2/2025,"Brazil: Organic Fazenda Dutra 14/16, Matas de Minas",10.8
3/2/2025,"Nicaragua: Las Segovias Coop SHG, San Juan del Rio Coco",7.65
3/2/2025,CBC Blend: Kope Kapuna,7.9
3/2/2025,Costa Rica: Decaf El Indio SWP,9.5
3/2/2025,"Brazil: Decaf Mogiana, Sul de Minas",8.6
3/2/2025,"Vietnam: Robusta Honey, Central Highlands",7.05
3/2/2025,"Honduras: Kingdom Growers SHG, Montecillos",8.35
3/2/2025,"India: Mysore Nuggets, Chikmagalur District",9.15
3/2/2025,"Kenya: Peaberry Plus 15/16, Kirinyaga County",10.3
3/2/2025,CBC Blend: Organic Kope Kapuna,9.15
3/2/2025,"Ethiopia: Decaf Sidamo Natural, Sidamo",10.6
3/2/2025,"Bolivia: Organic Caranavi FTO, La Paz Department",9.25
3/2/2025,"Timor: Organic Cafe Timor Coop, East Timor",8.6
3/2/2025,"Dominican Republic: Ramirez Natural, Jarabacoa",9.6
3/2/2025,"Costa Rica: Organic La Amistad, Coto Brus",9.6
3/2/2025,"Peru: Organic Decaf Sol Y Cafe, Cajamarca",10.6
3/2/2025,"Ethiopia: Shantawene Abore G1, Sidamo",9.5
3/2/2025,"Papua New Guinea: Mile High A, Eastern Highlands",9.75
3/2/2025,"Honduras: Organic 18 Rabbit Natural, Marcala",9.85
3/2/2025,"Guatemala: La Flor Del Cafe Peaberry, Antigua",8.35
3/2/2025,CBC Blend: Highland,7.9
3/2/2025,"Sumatra: Organic Decaf Mandheling, Aceh",11.05
3/2/2025,"Haiti: Blue Pine, Central Plateau",10.75
3/2/2025,Brazil Daterra Summer Solstice,8.55
3/2/2025,"Java: Organic Taman Dadar, Kayumas",9.7
3/2/2025,"Bolivia: Apolo, La Paz Department",9.6
3/2/2025,"Sumatra: Tiger, Lintong",10.15
3/2/2025,"Guatemala: Robusta, Chimaltenango",7.8
3/2/2025,"Yemen: Northern Crown Khulani, Sa'adah Governorate",18
3/2/2025,CBC Blend:Rising Sun,8.15
3/2/2025,"Honduras: Organic 18 Rabbit Yellow, Marcala",9.7
3/2/2025,"Haiti: Savanne Zombie, Central Plateau",10.8
3/2/2025,"Haiti: Marre Blanc, Central Plateau",12
3/2/2025,"Costa Rica: Finca El Melico Geisha, La Pena",27.95
3/2/2025,"Mexico: Rancho San Francisco, Chiapas",8.4
3/2/2025,Seasoning Beans,5.95
3/2/2025,"Jamaica: Blue Mountain, Clydesdale",43.95
3/2/2025,"Guatemala: Dulce Leonarda Estate HHT, Huehuetenango",8.15
3/2/2025,"Uganda: Kaweri Robusta, Mubende",8.4
3/2/2025,CBC Blend: High Octane Blend,9.15
3/2/2025,"Ethiopia: Organic Zelelu Ararso G1, Yirgacheffe",9.85
3/2/2025,"Hawaii: Kona Purple Mountain, Honaunau District",44.75
3/2/2025,"Brazil: Fazenda Bela Vista, Sul de Minas",6.85
3/2/2025,"Brazil: Pearl Bourbon Peaberry, Daterra Estate",9.25
3/2/2025,"Brazil: Sweet Yellow, Daterra Estate",9.25
3/2/2025,"Kenya: Organic Muiri Estate, Kiambu County",9.75
3/2/2025,"Honduras: Organic 18 Rabbit Red, Marcala",9.8
3/2/2025,"Hawaii: Kona Peaberry, Mauka Honaunau District",47.15
3/2/2025,"Panama: Janson Farms Geisha, Volcan High Lands",34.85
3/2/2025,"Burundi: Bavyeyi, Ngozi",9.7
3/2/2025,"Burundi: Hafi, Muyinga",9.7
3/2/2025,"Ethiopia: Adame Gorbota G1, Yirgacheffe",9.25
3/2/2025,"Ethiopia: Organic Shantawene G1, Sidamo",9.65
3/2/2025,"Papua New Guinea: Organic Decaf Purosa A/X, Eastern Highlands",10.75
3/2/2025,"Sumatra: Mutu Batak, Lintong",8.45
3/2/2025,"Sumatra: Raja Batak Peaberry, Lintong",8.45
3/2/2025,"Timor: Organic Decaf Cafe Timor Coop, East Timor",9.5
3/2/2025,"Yemen: Mocca Mattari, Sana’a Governorate",15.6
3/9/2025,"Costa Rica: La Minita Estate, Tarrazu",9.5
3/9/2025,"Ethiopia: Misty Valley, Yirgacheffe",9.65
3/9/2025,"Colombia: Organic Sierra Nevada FTO, Santa Marta",9.9
3/9/2025,"Guatemala: Finca Santa Margarita, Acatenango",7.2
3/9/2025,"Ethiopia: Organic Limu G2, Oromia",8.3
3/9/2025,"Costa Rica: La Magnolia, Tres Rios",7.6
3/9/2025,"Brazil: Cerrado 17/18, Minas Gerais",7.3
3/9/2025,"Mexico: La Laja Honey, Tlaltetela, Veracruz",7.4
3/9/2025,"Colombia: El Gato Supremo, Bucaramanga",8
3/9/2025,"Colombia: Reserva Del Patron, Narino",7.85
3/9/2025,"Brazil: Oberon, Cerrado",7.3
3/9/2025,"Colombia: Supremo EP, Huila",7.85
3/9/2025,"Tanzania: Peaberry, Kilimanjaro",9.4
3/9/2025,"Ethiopia: Organic Konga G2, Yirgacheffe",9.65
3/9/2025,CBC Blend: Ferdelance,7.9
3/9/2025,"Mexico: Organic Mocabe HG, Chiapas",9.15
3/9/2025,"Bali: Organic Blue Moon, Kintamani Highlands",11.25
3/9/2025,"Mexico: Organic Cepco Oaxaca, Oaxaca",9.15
3/9/2025,"Sumatra: Mandheling G1, Aceh",8.95
3/9/2025,"Haiti: Organic Haitian Blue, Norde",13.95
3/9/2025,"Ethiopia: Organic Buku Sayisa Gr1, Guji",9.85
3/9/2025,"Costa Rica: La Gladiola, Tarrazu",7.7
3/9/2025,India: Cherry Robusta,7.4
3/9/2025,"Guatemala: La Flor Del Cafe, Antigua",8.45
3/9/2025,"Guatemala: Decaf HHT Royal Select, Huehuetenango",10.85
3/9/2025,"Peru: Organic Finca La Esperanza G1, San Martin",9.45
3/9/2025,"Ethiopia: Durato Bombe, Sidamo",9.65
3/9/2025,"Papua New Guinea: Organic Purosa A/X, Eastern Highlands",10
3/9/2025,"Bali: Organic Kintamani, Kintamani Highlands",10.65
3/9/2025,"Costa Rica: El Conquistador, Tarrazu",8.15
3/9/2025,"Guatemala: Finca Vallure, Huehuetenango",9.05
3/9/2025,"Peru: Organic La Florida, Selva Central",8.15
3/9/2025,"Brazil: Sweet Blue, Daterra Estate",9.65
3/9/2025,"Uganda: Organic Bugisu, Sipi Falls",10.1
3/9/2025,"Dominican Republic: Organic Ramirez Red Honey, Jarabacoa",9.6
3/9/2025,"Sumatra: Organic Mandheling, Aceh",11
3/9/2025,CBC Blend: Four Horseman,7.9
3/9/2025,"Ethiopia: Queen City, Harrar",9.95
3/9/2025,"Honduras: Organic 18 Rabbit Washed, Marcala",8.32
3/9/2025,CBC Blend: True Mocca Java,10.75
3/9/2025,CBC Blend: Onobeano's Latte,7.9
3/9/2025,"Timor: Organic Cafe Timor Coop, East Timor",7.74
3/9/2025,"Sulawesi:Toraja Sapan Minanga, Tana Toraja",9.15
3/9/2025,"Honduras: Organic 18 Rabbit Black, Marcala",9.7
3/9/2025,"Guatemala: Organic Asdecafe SHB, Huehuetenango",8.35
3/9/2025,"Dominican Republic: Organic Ramirez Washed, Jarabacoa",8.95
3/9/2025,"Ethiopia: Longberry, Harrar",8.5
3/9/2025,Rwanda: Organic Hingakawa Women’s Co-op FTO,8.25
3/9/2025,"Indonesia: Organic Decaf Bali Hai, Indonesia Blend",9.35
3/9/2025,"Brazil: CHC Reserve Espresso, Daterra Estate",8.65
3/9/2025,"Uganda: Mt Elgon A, Bugisu",7.95
3/9/2025,"India: Monsooned Malabar AA, Karnataka",9.55
3/9/2025,"Mexico: Turquesa HG, Chiapas",8.55
3/9/2025,"Java: Blawan Estate, East Java",10.95
3/9/2025,"Timor: Organic Heritage Reserve FTO, East Timor",10.75
3/9/2025,"Kenya: Select Plus AA, Kiambu County",10.4
3/9/2025,CBC Blend: Organic Big Black,9.15
3/9/2025,"Panama: Finca La Santa SHB EP, Boquete",9.55
3/9/2025,"Sulawesi: Kalossi, Tana Toraja",8.65
3/9/2025,CBC Blend: Red Sea,9.45
3/9/2025,"Papua New Guinea: Arokara AA, Eastern Highlands",7.9
3/9/2025,"El Salvador: Finca La Esperanza, Santa Ana",7.8
3/9/2025,Costa Rica: Decaf El Indio SWP,9.5
3/9/2025,"Nicaragua: Las Segovias Coop SHG, San Juan del Rio Coco",7.65
3/9/2025,Brazil Daterra Summer Solstice,8.55
3/9/2025,"Honduras: Kingdom Growers SHG, Montecillos",8.35
3/9/2025,"Colombia: Decaf EA, Cauca",9.85
3/9/2025,"Guatemala: HHT SHB, Huehuetenango",9.05
3/9/2025,"Brazil: Decaf Mogiana, Sul de Minas",10.6
3/9/2025,"Papua New Guinea: Mile High A, Eastern Highlands",9.75
3/9/2025,"Multi Origin: Decaf Morning Glory, Multi Origin Blend",10.95
3/9/2025,"India: Mysore Nuggets, Chikmagalur District",8.24
3/9/2025,"Kenya: Peaberry Plus 15/16, Kirinyaga County",10.3
3/9/2025,"Dominican Republic: Ramirez Natural, Jarabacoa",9.6
3/9/2025,"Ethiopia: Kembata G1, Durame Village",8.7
3/9/2025,CBC Blend: Organic Kope Kapuna,9.15
3/9/2025,"Sumatra: Organic Decaf Mandheling, Aceh",11.05
3/9/2025,"Brazil: Organic Fazenda Dutra 14/16, Matas de Minas",10.8
3/9/2025,"Ethiopia: Shantawene Abore G1, Sidamo",9.5
3/9/2025,"Honduras: Organic 18 Rabbit Natural, Marcala",9.85
3/9/2025,"Peru: Organic Decaf Sol Y Cafe, Cajamarca",10.6
3/9/2025,"Java: Organic Taman Dadar, Kayumas",11.5
3/9/2025,"Haiti: Blue Pine, Central Plateau",10.75
3/9/2025,CBC Blend: Kope Kapuna,7.9
3/9/2025,"Bolivia: Apolo, La Paz Department",9.6
3/9/2025,"Yemen: Northern Crown Khulani, Sa'adah Governorate",18
3/9/2025,"Guatemala: Robusta, Chimaltenango",7.8
3/9/2025,CBC Blend: Highland,7.9
3/9/2025,"Uganda: Kaweri Robusta, Mubende",8.4
3/9/2025,"Guatemala: La Flor Del Cafe Peaberry, Antigua",8.35
3/9/2025,"Vietnam: Robusta Honey, Central Highlands",7.05
3/9/2025,"Ethiopia: Decaf Sidamo Natural, Sidamo",10.6
3/9/2025,"Haiti: Savanne Zombie, Central Plateau",10.8
3/9/2025,"Mexico: Rancho San Francisco, Chiapas",8.4
3/9/2025,"Haiti: Marre Blanc, Central Plateau",12
3/9/2025,"Brazil: Pearl Bourbon Peaberry, Daterra Estate",9.55
3/9/2025,Seasoning Beans,5.95
3/9/2025,CBC Blend:Rising Sun,8.15
3/9/2025,"Sumatra: Tiger, Lintong",10.15
3/9/2025,"Honduras: Organic 18 Rabbit Yellow, Marcala",9.7
3/9/2025,"Costa Rica: Organic La Amistad, Coto Brus",9.6
3/9/2025,"Jamaica: Blue Mountain, Clydesdale",43.95
3/9/2025,"Guatemala: Dulce Leonarda Estate HHT, Huehuetenango",8.15
3/9/2025,"Timor: Organic Decaf Cafe Timor Coop, East Timor",11.25
3/9/2025,"Costa Rica: Finca El Melico Geisha, La Pena",27.95
3/9/2025,CBC Blend: High Octane Blend,9.15
3/9/2025,"Brazil: Sweet Yellow, Daterra Estate",9.35
3/9/2025,"Hawaii: Kona Purple Mountain, Honaunau District",44.75
3/9/2025,"Honduras: Organic 18 Rabbit Red, Marcala",9.8
3/9/2025,"Kenya: Organic Muiri Estate, Kiambu County",9.75
3/9/2025,"Brazil: Fazenda Bela Vista, Sul de Minas",6.85
3/9/2025,"Hawaii: Kona Peaberry, Mauka Honaunau District",47.15
3/9/2025,"Panama: Janson Farms Geisha, Volcan High Lands",34.85
3/9/2025,"Bolivia: Organic Caranavi FTO, La Paz Department",9.25
3/9/2025,"Burundi: Bavyeyi, Ngozi",9.7
3/9/2025,"Burundi: Hafi, Muyinga",9.7
3/9/2025,"Ethiopia: Adame Gorbota G1, Yirgacheffe",9.25
3/9/2025,"Ethiopia: Organic Shantawene G1, Sidamo",9.65
3/9/2025,"Ethiopia: Organic Zelelu Ararso G1, Yirgacheffe",9.85
3/9/2025,"Papua New Guinea: Organic Decaf Purosa A/X, Eastern Highlands",10.75
3/9/2025,"Sumatra: Mutu Batak, Lintong",8.45
3/9/2025,"Sumatra: Raja Batak Peaberry, Lintong",8.45
3/9/2025,"Yemen: Mocca Mattari, Sana’a Governorate",15.6
3/13/2025,"Costa Rica: La Minita Estate, Tarrazu",9.5
3/13/2025,"Ethiopia: Misty Valley, Yirgacheffe",9.65
3/13/2025,"Guatemala: Finca Santa Margarita, Acatenango",8
3/13/2025,"Ethiopia: Organic Limu G2, Oromia",8.3
3/13/2025,"Brazil: Cerrado 17/18, Minas Gerais",7.3
3/13/2025,"Colombia: Organic Sierra Nevada FTO, Santa Marta",9.9
3/13/2025,"Costa Rica: La Magnolia, Tres Rios",7.6
3/13/2025,"Mexico: La Laja Honey, Tlaltetela, Veracruz",7.4
3/13/2025,"Colombia: El Gato Supremo, Bucaramanga",8
3/13/2025,"Colombia: Reserva Del Patron, Narino",7.85
3/13/2025,"Brazil: Oberon, Cerrado",7.3
3/13/2025,"Colombia: Supremo EP, Huila",7.85
3/13/2025,"Tanzania: Peaberry, Kilimanjaro",9.4
3/13/2025,CBC Blend: Ferdelance,7.9
3/13/2025,"Ethiopia: Organic Konga G2, Yirgacheffe",9.65
3/13/2025,"Mexico: Organic Mocabe HG, Chiapas",9.15
3/13/2025,"Bali: Organic Blue Moon, Kintamani Highlands",10.12
3/13/2025,"Mexico: Organic Cepco Oaxaca, Oaxaca",9.15
3/13/2025,"Sumatra: Mandheling G1, Aceh",8.95
3/13/2025,"Haiti: Organic Haitian Blue, Norde",13.95
3/13/2025,"Ethiopia: Organic Buku Sayisa Gr1, Guji",9.85
3/13/2025,India: Cherry Robusta,7.4
3/13/2025,"Guatemala: Decaf HHT Royal Select, Huehuetenango",10.85
3/13/2025,"Costa Rica: La Gladiola, Tarrazu",7.7
3/13/2025,"Costa Rica: El Conquistador, Tarrazu",8.15
3/13/2025,"Guatemala: La Flor Del Cafe, Antigua",8.45
3/13/2025,"Ethiopia: Durato Bombe, Sidamo",9.65
3/13/2025,"Peru: Organic Finca La Esperanza G1, San Martin",9.45
3/13/2025,"Honduras: Organic 18 Rabbit Washed, Marcala",8.32
3/13/2025,"Brazil: Sweet Blue, Daterra Estate",9.65
3/13/2025,"Bali: Organic Kintamani, Kintamani Highlands",10.65
3/13/2025,"Papua New Guinea: Organic Purosa A/X, Eastern Highlands",10
3/13/2025,"Peru: Organic La Florida, Selva Central",8.15
3/13/2025,"Guatemala: Finca Vallure, Huehuetenango",9.05
3/13/2025,"Uganda: Organic Bugisu, Sipi Falls",10.1
3/13/2025,"Sumatra: Organic Mandheling, Aceh",11
3/13/2025,CBC Blend: True Mocca Java,10.75
3/13/2025,"Ethiopia: Queen City, Harrar",9.95
3/13/2025,CBC Blend: Onobeano's Latte,7.9
3/13/2025,"Dominican Republic: Organic Ramirez Red Honey, Jarabacoa",9.6
3/13/2025,"Timor: Organic Cafe Timor Coop, East Timor",8.6
3/13/2025,CBC Blend: Four Horseman,7.9
3/13/2025,"Honduras: Organic 18 Rabbit Black, Marcala",9.7
3/13/2025,"Sulawesi:Toraja Sapan Minanga, Tana Toraja",9.15
3/13/2025,"Dominican Republic: Organic Ramirez Washed, Jarabacoa",8.95
3/13/2025,"Brazil: CHC Reserve Espresso, Daterra Estate",8.65
3/13/2025,Rwanda: Organic Hingakawa Women’s Co-op FTO,8.25
3/13/2025,"Guatemala: Organic Asdecafe SHB, Huehuetenango",8.35
3/13/2025,"Indonesia: Organic Decaf Bali Hai, Indonesia Blend",9.35
3/13/2025,"Ethiopia: Longberry, Harrar",8.5
3/13/2025,"Timor: Organic Heritage Reserve FTO, East Timor",8.75
3/13/2025,"Uganda: Mt Elgon A, Bugisu",7.95
3/13/2025,"India: Monsooned Malabar AA, Karnataka",9.55
3/13/2025,"El Salvador: Finca La Esperanza, Santa Ana",7.02
3/13/2025,CBC Blend: Organic Big Black,9.15
3/13/2025,"Java: Blawan Estate, East Java",10.95
3/13/2025,"Panama: Finca La Santa SHB EP, Boquete",9.55
3/13/2025,"Mexico: Turquesa HG, Chiapas",8.55
3/13/2025,"Sulawesi: Kalossi, Tana Toraja",8.65
3/13/2025,"Kenya: Select Plus AA, Kiambu County",10.4
3/13/2025,CBC Blend: Red Sea,9.45
3/13/2025,"Nicaragua: Las Segovias Coop SHG, San Juan del Rio Coco",7.65
3/13/2025,Costa Rica: Decaf El Indio SWP,9.5
3/13/2025,Brazil Daterra Summer Solstice,8.55
3/13/2025,"Honduras: Kingdom Growers SHG, Montecillos",8.35
3/13/2025,"Brazil: Decaf Mogiana, Sul de Minas",10.6
3/13/2025,"Papua New Guinea: Arokara AA, Eastern Highlands",7.9
3/13/2025,"Colombia: Decaf EA, Cauca",9.85
3/13/2025,"India: Mysore Nuggets, Chikmagalur District",8.24
3/13/2025,"Guatemala: HHT SHB, Huehuetenango",9.05
3/13/2025,"Dominican Republic: Ramirez Natural, Jarabacoa",9.6
3/13/2025,"Papua New Guinea: Mile High A, Eastern Highlands",9.75
3/13/2025,"Ethiopia: Shantawene Abore G1, Sidamo",9.5
3/13/2025,"Kenya: Peaberry Plus 15/16, Kirinyaga County",10.3
3/13/2025,"Multi Origin: Decaf Morning Glory, Multi Origin Blend",10.95
3/13/2025,"Sumatra: Organic Decaf Mandheling, Aceh",11.05
3/13/2025,CBC Blend: Organic Kope Kapuna,9.15
3/13/2025,"Java: Organic Taman Dadar, Kayumas",10.35
3/13/2025,"Ethiopia: Kembata G1, Durame Village",8.7
3/13/2025,"Haiti: Blue Pine, Central Plateau",10.75
3/13/2025,"Brazil: Organic Fazenda Dutra 14/16, Matas de Minas",10.8
3/13/2025,"Honduras: Organic 18 Rabbit Natural, Marcala",9.85
3/13/2025,"Peru: Organic Decaf Sol Y Cafe, Cajamarca",10.6
3/13/2025,"Bolivia: Apolo, La Paz Department",9.6
3/13/2025,CBC Blend: Kope Kapuna,7.9
3/13/2025,"Yemen: Northern Crown Khulani, Sa'adah Governorate",18
3/13/2025,"Uganda: Kaweri Robusta, Mubende",8.4
3/13/2025,"Brazil: Pearl Bourbon Peaberry, Daterra Estate",9.55
3/13/2025,"Guatemala: Robusta, Chimaltenango",7.8
3/13/2025,"Guatemala: La Flor Del Cafe Peaberry, Antigua",8.35
3/13/2025,"Haiti: Savanne Zombie, Central Plateau",10.8
3/13/2025,"Mexico: Rancho San Francisco, Chiapas",8.4
3/13/2025,"Haiti: Marre Blanc, Central Plateau",12
3/13/2025,"Ethiopia: Decaf Sidamo Natural, Sidamo",10.6
3/13/2025,Seasoning Beans,5.95
3/13/2025,"Honduras: Organic 18 Rabbit Yellow, Marcala",9.7
3/13/2025,"Sumatra: Tiger, Lintong",10.15
3/13/2025,"Jamaica: Blue Mountain, Clydesdale",43.95
3/13/2025,"Timor: Organic Decaf Cafe Timor Coop, East Timor",11.25
3/13/2025,"Brazil: Sweet Yellow, Daterra Estate",9.35
3/13/2025,"Guatemala: Dulce Leonarda Estate HHT, Huehuetenango",8.15
3/13/2025,CBC Blend: High Octane Blend,9.15
3/13/2025,"Costa Rica: Organic La Amistad, Coto Brus",9.6
3/13/2025,"Costa Rica: Finca El Melico Geisha, La Pena",27.95
3/13/2025,"Hawaii: Kona Purple Mountain, Honaunau District",44.75
3/13/2025,"Vietnam: Robusta Honey, Central Highlands",7.05
3/13/2025,"Honduras: Organic 18 Rabbit Red, Marcala",9.8
3/13/2025,"Kenya: Organic Muiri Estate, Kiambu County",9.75
3/13/2025,"Brazil: Fazenda Bela Vista, Sul de Minas",6.85
3/13/2025,"Bolivia: Organic Caranavi FTO, La Paz Department",9.25
3/13/2025,"Burundi: Bavyeyi, Ngozi",9.7
3/13/2025,"Burundi: Hafi, Muyinga",9.7
3/13/2025,"Ethiopia: Adame Gorbota G1, Yirgacheffe",9.25
3/13/2025,"Ethiopia: Organic Shantawene G1, Sidamo",9.65
3/13/2025,"Ethiopia: Organic Zelelu Ararso G1, Yirgacheffe",9.85
3/13/2025,"Hawaii: Kona Peaberry, Mauka Honaunau District",47.15
3/13/2025,"Panama: Janson Farms Geisha, Volcan High Lands",34.85
3/13/2025,"Papua New Guinea: Organic Decaf Purosa A/X, Eastern Highlands",10.75
3/13/2025,"Sumatra: Mutu Batak, Lintong",8.45
3/13/2025,"Sumatra: Raja Batak Peaberry, Lintong",8.45
3/13/2025,"Yemen: Mocca Mattari, Sana’a Governorate",15.6
3/18/2025,"Costa Rica: La Minita Estate, Tarrazu",9.5
3/18/2025,"Guatemala: Finca Santa Margarita, Acatenango",8
3/18/2025,"Ethiopia: Organic Limu G2, Oromia",8.3
3/18/2025,"Ethiopia: Misty Valley, Yirgacheffe",10.25
3/18/2025,"Costa Rica: La Magnolia, Tres Rios",7.6
3/18/2025,"Colombia: Organic Sierra Nevada FTO, Santa Marta",10.3
3/18/2025,"Brazil: Cerrado 17/18, Minas Gerais",7.3
3/18/2025,"Mexico: La Laja Honey, Tlaltetela, Veracruz",7.4
3/18/2025,"Colombia: Reserva Del Patron, Narino",7.85
3/18/2025,"Colombia: El Gato Supremo, Bucaramanga",8.95
3/18/2025,"Colombia: Supremo EP, Huila",7.85
3/18/2025,"Brazil: Oberon, Cerrado",9.5
3/18/2025,"Tanzania: Peaberry, Kilimanjaro",8.46
3/18/2025,"Ethiopia: Organic Konga G2, Yirgacheffe",9.65
3/18/2025,"Mexico: Organic Mocabe HG, Chiapas",10.25
3/18/2025,"Bali: Organic Blue Moon, Kintamani Highlands",10.12
3/18/2025,CBC Blend: Ferdelance,7.9
3/18/2025,"Sumatra: Mandheling G1, Aceh",10.15
3/18/2025,"Mexico: Organic Cepco Oaxaca, Oaxaca",9.15
3/18/2025,"Ethiopia: Organic Buku Sayisa Gr1, Guji",9.85
3/18/2025,"Haiti: Organic Haitian Blue, Norde",13.95
3/18/2025,India: Cherry Robusta,7.4
3/18/2025,"Costa Rica: La Gladiola, Tarrazu",7.7
3/18/2025,"Guatemala: Decaf HHT Royal Select, Huehuetenango",10.85
3/18/2025,"Honduras: Organic 18 Rabbit Washed, Marcala",8.32
3/18/2025,"Guatemala: La Flor Del Cafe, Antigua",8.45
3/18/2025,"Costa Rica: El Conquistador, Tarrazu",8.15
3/18/2025,"Brazil: Sweet Blue, Daterra Estate",9.65
3/18/2025,"Bali: Organic Kintamani, Kintamani Highlands",10.65
3/18/2025,"Peru: Organic La Florida, Selva Central",8.15
3/18/2025,"Ethiopia: Durato Bombe, Sidamo",9.65
3/18/2025,"Papua New Guinea: Organic Purosa A/X, Eastern Highlands",10
3/18/2025,"Uganda: Organic Bugisu, Sipi Falls",8.1
3/18/2025,CBC Blend: True Mocca Java,10.75
3/18/2025,"Peru: Organic Finca La Esperanza G1, San Martin",9.45
3/18/2025,"Guatemala: Finca Vallure, Huehuetenango",9.05
3/18/2025,"Ethiopia: Queen City, Harrar",9.95
3/18/2025,"Sumatra: Organic Mandheling, Aceh",11.4
3/18/2025,CBC Blend: Onobeano's Latte,7.9
3/18/2025,"Timor: Organic Cafe Timor Coop, East Timor",8.6
3/18/2025,"Kenya: Select Plus AA, Kiambu County",10.4
3/18/2025,"Brazil: CHC Reserve Espresso, Daterra Estate",8.65
3/18/2025,"Timor: Organic Heritage Reserve FTO, East Timor",9.68
3/18/2025,CBC Blend: Four Horseman,7.9
3/18/2025,"El Salvador: Finca La Esperanza, Santa Ana",7.8
3/18/2025,"Guatemala: Organic Asdecafe SHB, Huehuetenango",8.35
3/18/2025,"Dominican Republic: Organic Ramirez Red Honey, Jarabacoa",9.75
3/18/2025,"Dominican Republic: Organic Ramirez Washed, Jarabacoa",8.95
3/18/2025,"Sulawesi:Toraja Sapan Minanga, Tana Toraja",9.15
3/18/2025,"Honduras: Organic 18 Rabbit Black, Marcala",9.7
3/18/2025,Rwanda: Organic Hingakawa Women’s Co-op FTO,8.25
3/18/2025,"Indonesia: Organic Decaf Bali Hai, Indonesia Blend",9.35
3/18/2025,"Ethiopia: Longberry, Harrar",8.5
3/18/2025,"India: Monsooned Malabar AA, Karnataka",10.4
3/18/2025,"Uganda: Mt Elgon A, Bugisu",7.95
3/18/2025,"Panama: Finca La Santa SHB EP, Boquete",9.55
3/18/2025,"Mexico: Turquesa HG, Chiapas",9.85
3/18/2025,"Java: Blawan Estate, East Java",10.95
3/18/2025,CBC Blend: Organic Big Black,9.15
3/18/2025,"Nicaragua: Las Segovias Coop SHG, San Juan del Rio Coco",9.05
3/18/2025,"Sulawesi: Kalossi, Tana Toraja",10.15
3/18/2025,"India: Mysore Nuggets, Chikmagalur District",8.24
3/18/2025,"Brazil: Decaf Mogiana, Sul de Minas",10.6
3/18/2025,Costa Rica: Decaf El Indio SWP,9.5
3/18/2025,"Honduras: Kingdom Growers SHG, Montecillos",8.35
3/18/2025,Brazil Daterra Summer Solstice,8.55
3/18/2025,CBC Blend: Red Sea,9.45
3/18/2025,"Yemen: Northern Crown Khulani, Sa'adah Governorate",18
3/18/2025,"Papua New Guinea: Arokara AA, Eastern Highlands",7.9
3/18/2025,"Dominican Republic: Ramirez Natural, Jarabacoa",9.6
3/18/2025,"Guatemala: HHT SHB, Huehuetenango",9.05
3/18/2025,"Colombia: Decaf EA, Cauca",10.4
3/18/2025,"Kenya: Peaberry Plus 15/16, Kirinyaga County",10.3
3/18/2025,"Java: Organic Taman Dadar, Kayumas",10.35
3/18/2025,"Sumatra: Organic Decaf Mandheling, Aceh",12.5
3/18/2025,"Ethiopia: Shantawene Abore G1, Sidamo",9.5
3/18/2025,"Papua New Guinea: Mile High A, Eastern Highlands",10.6
3/18/2025,"Multi Origin: Decaf Morning Glory, Multi Origin Blend",10.95
3/18/2025,"Bolivia: Apolo, La Paz Department",9.6
3/18/2025,"Haiti: Blue Pine, Central Plateau",10.75
3/18/2025,CBC Blend: Organic Kope Kapuna,9.15
3/18/2025,"Peru: Organic Decaf Sol Y Cafe, Cajamarca",11.35
3/18/2025,"Uganda: Kaweri Robusta, Mubende",8.4
3/18/2025,"Brazil: Pearl Bourbon Peaberry, Daterra Estate",9.55
3/18/2025,"Honduras: Organic 18 Rabbit Natural, Marcala",10.65
3/18/2025,"Brazil: Organic Fazenda Dutra 14/16, Matas de Minas",10.8
3/18/2025,"Ethiopia: Kembata G1, Durame Village",8.7
3/18/2025,CBC Blend: Kope Kapuna,7.9
3/18/2025,"Guatemala: Robusta, Chimaltenango",7.8
3/18/2025,"Guatemala: La Flor Del Cafe Peaberry, Antigua",8.35
3/18/2025,"Mexico: Rancho San Francisco, Chiapas",8.4
3/18/2025,"Haiti: Savanne Zombie, Central Plateau",10.8
3/18/2025,"Haiti: Marre Blanc, Central Plateau",12
3/18/2025,Seasoning Beans,5.95
3/18/2025,"Honduras: Organic 18 Rabbit Yellow, Marcala",10.65
3/18/2025,"Brazil: Sweet Yellow, Daterra Estate",9.35
3/18/2025,"Ethiopia: Decaf Sidamo Natural, Sidamo",10.6
3/18/2025,"Timor: Organic Decaf Cafe Timor Coop, East Timor",11.25
3/18/2025,"Sumatra: Tiger, Lintong",10.15
3/18/2025,"Guatemala: Dulce Leonarda Estate HHT, Huehuetenango",8.15
3/18/2025,CBC Blend: High Octane Blend,9.15
3/18/2025,"Jamaica: Blue Mountain, Clydesdale",43.95
3/18/2025,"Honduras: Organic 18 Rabbit Red, Marcala",10.65
3/18/2025,"Costa Rica: Finca El Melico Geisha, La Pena",27.95
3/18/2025,"Hawaii: Kona Purple Mountain, Honaunau District",44.75
3/18/2025,"Costa Rica: Organic La Amistad, Coto Brus",9.6
3/18/2025,"Brazil: Fazenda Bela Vista, Sul de Minas",9.5
3/18/2025,"Kenya: Organic Muiri Estate, Kiambu County",9.75
3/18/2025,"Sumatra: Raja Batak Peaberry, Lintong",8.9
3/18/2025,"Bolivia: Organic Caranavi FTO, La Paz Department",9.25
3/18/2025,"Burundi: Bavyeyi, Ngozi",9.7
3/18/2025,"Burundi: Hafi, Muyinga",9.7
3/18/2025,"Ethiopia: Adame Gorbota G1, Yirgacheffe",9.25
3/18/2025,"Ethiopia: Organic Shantawene G1, Sidamo",9.65
3/18/2025,"Ethiopia: Organic Zelelu Ararso G1, Yirgacheffe",9.85
3/18/2025,"Hawaii: Kona Peaberry, Mauka Honaunau District",47.15
3/18/2025,"Panama: Janson Farms Geisha, Volcan High Lands",34.85
3/18/2025,"Papua New Guinea: Organic Decaf Purosa A/X, Eastern Highlands",10.75
3/18/2025,"Sumatra: Mutu Batak, Lintong",8.45
3/18/2025,"Vietnam: Robusta Honey, Central Highlands",7.05
3/18/2025,"Yemen: Mocca Mattari, Sana’a Governorate",15.6
3/23/2025,"Costa Rica: La Minita Estate, Tarrazu",9.5
3/23/2025,"Guatemala: Finca Santa Margarita, Acatenango",8
3/23/2025,"Costa Rica: La Magnolia, Tres Rios",7.6
3/23/2025,"Ethiopia: Organic Limu G2, Oromia",8.3
3/23/2025,"Ethiopia: Misty Valley, Yirgacheffe",10.25
3/23/2025,"Colombia: Organic Sierra Nevada FTO, Santa Marta",10.3
3/23/2025,"Brazil: Cerrado 17/18, Minas Gerais",7.3
3/23/2025,"Mexico: La Laja Honey, Tlaltetela, Veracruz",7.4
3/23/2025,"Colombia: Reserva Del Patron, Narino",7.85
3/23/2025,"Colombia: El Gato Supremo, Bucaramanga",8.95
3/23/2025,"Colombia: Supremo EP, Huila",7.85
3/23/2025,"Brazil: Oberon, Cerrado",9.5
3/23/2025,"Tanzania: Peaberry, Kilimanjaro",8.46
3/23/2025,"Ethiopia: Organic Konga G2, Yirgacheffe",9.65
3/23/2025,CBC Blend: Ferdelance,7.9
3/23/2025,"Mexico: Organic Mocabe HG, Chiapas",10.25
3/23/2025,"Bali: Organic Blue Moon, Kintamani Highlands",10.12
3/23/2025,"Sumatra: Mandheling G1, Aceh",10.15
3/23/2025,"Mexico: Organic Cepco Oaxaca, Oaxaca",10.25
3/23/2025,India: Cherry Robusta,7.4
3/23/2025,"Haiti: Organic Haitian Blue, Norde",13.95
3/23/2025,"Ethiopia: Organic Buku Sayisa Gr1, Guji",9.85
3/23/2025,"Costa Rica: La Gladiola, Tarrazu",7.7
3/23/2025,"Guatemala: Decaf HHT Royal Select, Huehuetenango",10.85
3/23/2025,"Brazil: Sweet Blue, Daterra Estate",9.65
3/23/2025,"Guatemala: La Flor Del Cafe, Antigua",8.45
3/23/2025,"Costa Rica: El Conquistador, Tarrazu",8.15
3/23/2025,"Uganda: Organic Bugisu, Sipi Falls",8.1
3/23/2025,"Honduras: Organic 18 Rabbit Washed, Marcala",8.32
3/23/2025,"Bali: Organic Kintamani, Kintamani Highlands",10.65
3/23/2025,"Ethiopia: Durato Bombe, Sidamo",9.65
3/23/2025,"Ethiopia: Queen City, Harrar",9.95
3/23/2025,"Peru: Organic La Florida, Selva Central",8.15
3/23/2025,CBC Blend: True Mocca Java,10.75
3/23/2025,"Papua New Guinea: Organic Purosa A/X, Eastern Highlands",10
3/23/2025,"Sumatra: Organic Mandheling, Aceh",11.4
3/23/2025,"Guatemala: Finca Vallure, Huehuetenango",9.05
3/23/2025,"Timor: Organic Cafe Timor Coop, East Timor",8.6
3/23/2025,"Brazil: CHC Reserve Espresso, Daterra Estate",8.65
3/23/2025,"Kenya: Select Plus AA, Kiambu County",10.4
3/23/2025,"Timor: Organic Heritage Reserve FTO, East Timor",9.68
3/23/2025,CBC Blend: Onobeano's Latte,7.9
3/23/2025,CBC Blend: Four Horseman,7.9
3/23/2025,"Guatemala: Organic Asdecafe SHB, Huehuetenango",8.35
3/23/2025,"Sulawesi:Toraja Sapan Minanga, Tana Toraja",9.15
3/23/2025,"El Salvador: Finca La Esperanza, Santa Ana",7.8
3/23/2025,"Dominican Republic: Organic Ramirez Washed, Jarabacoa",8.95
3/23/2025,"Dominican Republic: Organic Ramirez Red Honey, Jarabacoa",9.75
3/23/2025,Rwanda: Organic Hingakawa Women’s Co-op FTO,8.25
3/23/2025,"Honduras: Organic 18 Rabbit Black, Marcala",9.7
3/23/2025,"Indonesia: Organic Decaf Bali Hai, Indonesia Blend",9.35
3/23/2025,"Peru: Organic Finca La Esperanza G1, San Martin",9.45
3/23/2025,"Ethiopia: Longberry, Harrar",8.5
3/23/2025,"Uganda: Mt Elgon A, Bugisu",9.3
3/23/2025,"Mexico: Turquesa HG, Chiapas",9.85
3/23/2025,"Java: Blawan Estate, East Java",10.95
3/23/2025,"Nicaragua: Las Segovias Coop SHG, San Juan del Rio Coco",9.05
3/23/2025,"Panama: Finca La Santa SHB EP, Boquete",9.55
3/23/2025,"Sulawesi: Kalossi, Tana Toraja",10.15
3/23/2025,"India: Monsooned Malabar AA, Karnataka",10.4
3/23/2025,"India: Mysore Nuggets, Chikmagalur District",8.24
3/23/2025,Costa Rica: Decaf El Indio SWP,9.5
3/23/2025,CBC Blend: Organic Big Black,9.15
3/23/2025,"Brazil: Decaf Mogiana, Sul de Minas",10.6
3/23/2025,"Guatemala: HHT SHB, Huehuetenango",9.05
3/23/2025,Brazil Daterra Summer Solstice,8.55
3/23/2025,CBC Blend: Red Sea,9.45
3/23/2025,"Yemen: Northern Crown Khulani, Sa'adah Governorate",18
3/23/2025,"Papua New Guinea: Arokara AA, Eastern Highlands",7.9
3/23/2025,"Honduras: Kingdom Growers SHG, Montecillos",9.55
3/23/2025,"Sumatra: Organic Decaf Mandheling, Aceh",12.5
3/23/2025,"Kenya: Peaberry Plus 15/16, Kirinyaga County",10.3
3/23/2025,"Dominican Republic: Ramirez Natural, Jarabacoa",9.6
3/23/2025,"Colombia: Decaf EA, Cauca",10.4
3/23/2025,"Ethiopia: Shantawene Abore G1, Sidamo",9.5
3/23/2025,"Multi Origin: Decaf Morning Glory, Multi Origin Blend",10.95
3/23/2025,"Papua New Guinea: Mile High A, Eastern Highlands",10.6
3/23/2025,"Brazil: Pearl Bourbon Peaberry, Daterra Estate",9.55
3/23/2025,"Haiti: Blue Pine, Central Plateau",10.75
3/23/2025,"Honduras: Organic 18 Rabbit Natural, Marcala",10.65
3/23/2025,"Java: Organic Taman Dadar, Kayumas",10.35
3/23/2025,"Peru: Organic Decaf Sol Y Cafe, Cajamarca",11.35
3/23/2025,"Bolivia: Apolo, La Paz Department",9.6
3/23/2025,"Uganda: Kaweri Robusta, Mubende",8.4
3/23/2025,CBC Blend: Organic Kope Kapuna,9.15
3/23/2025,"Brazil: Organic Fazenda Dutra 14/16, Matas de Minas",11.15
3/23/2025,"Ethiopia: Kembata G1, Durame Village",8.7
3/23/2025,CBC Blend: Kope Kapuna,7.9
3/23/2025,"Guatemala: Robusta, Chimaltenango",7.8
3/23/2025,"Guatemala: La Flor Del Cafe Peaberry, Antigua",8.35
3/23/2025,"Mexico: Rancho San Francisco, Chiapas",8.4
3/23/2025,"Haiti: Savanne Zombie, Central Plateau",10.8
3/23/2025,"Haiti: Marre Blanc, Central Plateau",12
3/23/2025,Seasoning Beans,5.95
3/23/2025,"Ethiopia: Decaf Sidamo Natural, Sidamo",10.6
3/23/2025,"Honduras: Organic 18 Rabbit Yellow, Marcala",10.65
3/23/2025,"Brazil: Sweet Yellow, Daterra Estate",9.35
3/23/2025,"Timor: Organic Decaf Cafe Timor Coop, East Timor",11.25
3/23/2025,"Sumatra: Tiger, Lintong",11.4
3/23/2025,"Guatemala: Dulce Leonarda Estate HHT, Huehuetenango",10.35
3/23/2025,"Jamaica: Blue Mountain, Clydesdale",43.95
3/23/2025,"Honduras: Organic 18 Rabbit Red, Marcala",10.65
3/23/2025,CBC Blend: High Octane Blend,9.15
3/23/2025,"Hawaii: Kona Purple Mountain, Honaunau District",44.75
3/23/2025,"Costa Rica: Finca El Melico Geisha, La Pena",27.95
3/23/2025,"Brazil: Fazenda Bela Vista, Sul de Minas",9.5
3/23/2025,"Kenya: Organic Muiri Estate, Kiambu County",9.75
3/23/2025,"Costa Rica: Organic La Amistad, Coto Brus",9.6
3/23/2025,"Sumatra: Raja Batak Peaberry, Lintong",8.9
3/23/2025,"Colombia: Pink Bourbon, Huila",10.05
3/23/2025,"Bolivia: Organic Caranavi FTO, La Paz Department",9.25
3/23/2025,"Burundi: Bavyeyi, Ngozi",9.7
3/23/2025,"Burundi: Hafi, Muyinga",9.7
3/23/2025,"Ethiopia: Adame Gorbota G1, Yirgacheffe",9.25
3/23/2025,"Ethiopia: Organic Shantawene G1, Sidamo",9.65
3/23/2025,"Ethiopia: Organic Zelelu Ararso G1, Yirgacheffe",9.85
3/23/2025,"Hawaii: Kona Peaberry, Mauka Honaunau District",47.15
3/23/2025,"Panama: Janson Farms Geisha, Volcan High Lands",34.85
3/23/2025,"Papua New Guinea: Organic Decaf Purosa A/X, Eastern Highlands",10.75
3/23/2025,"Sumatra: Mutu Batak, Lintong",8.45
3/23/2025,"Vietnam: Robusta Honey, Central Highlands",7.05
3/23/2025,"Yemen: Mocca Mattari, Sana’a Governorate",15.6
3/24/2025,"Costa Rica: La Minita Estate, Tarrazu",9.5
3/24/2025,"Guatemala: Finca Santa Margarita, Acatenango",8
3/24/2025,"Ethiopia: Misty Valley, Yirgacheffe",10.25
3/24/2025,"Ethiopia: Organic Limu G2, Oromia",8.3
3/24/2025,"Costa Rica: La Magnolia, Tres Rios",7.6
3/24/2025,"Brazil: Cerrado 17/18, Minas Gerais",7.3
3/24/2025,"Colombia: Organic Sierra Nevada FTO, Santa Marta",10.3
3/24/2025,"Mexico: La Laja Honey, Tlaltetela, Veracruz",7.4
3/24/2025,"Colombia: El Gato Supremo, Bucaramanga",8.95
3/24/2025,"Colombia: Reserva Del Patron, Narino",5.85
3/24/2025,"Colombia: Supremo EP, Huila",7.85
3/24/2025,"Brazil: Oberon, Cerrado",9.5
3/24/2025,"Tanzania: Peaberry, Kilimanjaro",8.46
3/24/2025,"Ethiopia: Organic Konga G2, Yirgacheffe",9.65
3/24/2025,"Bali: Organic Blue Moon, Kintamani Highlands",11.25
3/24/2025,CBC Blend: Ferdelance,7.9
3/24/2025,"Mexico: Organic Mocabe HG, Chiapas",10.25
3/24/2025,"Sumatra: Mandheling G1, Aceh",10.15
3/24/2025,"Mexico: Organic Cepco Oaxaca, Oaxaca",10.25
3/24/2025,"Haiti: Organic Haitian Blue, Norde",13.95
3/24/2025,"Ethiopia: Organic Buku Sayisa Gr1, Guji",9.85
3/24/2025,India: Cherry Robusta,7.4
3/24/2025,"Costa Rica: La Gladiola, Tarrazu",7.7
3/24/2025,"Brazil: Sweet Blue, Daterra Estate",7.65
3/24/2025,"Guatemala: Decaf HHT Royal Select, Huehuetenango",10.85
3/24/2025,"Guatemala: La Flor Del Cafe, Antigua",8.45
3/24/2025,"Uganda: Organic Bugisu, Sipi Falls",10.1
3/24/2025,"Costa Rica: El Conquistador, Tarrazu",8.15
3/24/2025,"Bali: Organic Kintamani, Kintamani Highlands",10.65
3/24/2025,"Honduras: Organic 18 Rabbit Washed, Marcala",9.25
3/24/2025,"Ethiopia: Durato Bombe, Sidamo",9.65
3/24/2025,"Ethiopia: Queen City, Harrar",9.95
3/24/2025,CBC Blend: True Mocca Java,10.75
3/24/2025,"Sumatra: Organic Mandheling, Aceh",11.4
3/24/2025,"Guatemala: Finca Vallure, Huehuetenango",9.05
3/24/2025,"Peru: Organic La Florida, Selva Central",8.15
3/24/2025,"Papua New Guinea: Organic Purosa A/X, Eastern Highlands",10
3/24/2025,"Brazil: CHC Reserve Espresso, Daterra Estate",8.65
3/24/2025,"Guatemala: Organic Asdecafe SHB, Huehuetenango",8.35
3/24/2025,"Timor: Organic Cafe Timor Coop, East Timor",8.6
3/24/2025,CBC Blend: Onobeano's Latte,7.9
3/24/2025,"Kenya: Select Plus AA, Kiambu County",10.4
3/24/2025,"Timor: Organic Heritage Reserve FTO, East Timor",10.75
3/24/2025,"Sulawesi:Toraja Sapan Minanga, Tana Toraja",9.15
3/24/2025,"Dominican Republic: Organic Ramirez Washed, Jarabacoa",8.95
3/24/2025,"El Salvador: Finca La Esperanza, Santa Ana",7.8
3/24/2025,CBC Blend: Four Horseman,7.9
3/24/2025,"Dominican Republic: Organic Ramirez Red Honey, Jarabacoa",9.75
3/24/2025,Rwanda: Organic Hingakawa Women’s Co-op FTO,8.25
3/24/2025,"Honduras: Organic 18 Rabbit Black, Marcala",9.7
3/24/2025,"Indonesia: Organic Decaf Bali Hai, Indonesia Blend",9.35
3/24/2025,"Ethiopia: Longberry, Harrar",8.5
3/24/2025,"Peru: Organic Finca La Esperanza G1, San Martin",9.45
3/24/2025,"Uganda: Mt Elgon A, Bugisu",9.3
3/24/2025,"Mexico: Turquesa HG, Chiapas",9.85
3/24/2025,"Java: Blawan Estate, East Java",10.95
3/24/2025,"India: Mysore Nuggets, Chikmagalur District",8.24
3/24/2025,"India: Monsooned Malabar AA, Karnataka",10.4
3/24/2025,"Nicaragua: Las Segovias Coop SHG, San Juan del Rio Coco",9.05
3/24/2025,"Panama: Finca La Santa SHB EP, Boquete",9.55
3/24/2025,Costa Rica: Decaf El Indio SWP,9.5
3/24/2025,"Sulawesi: Kalossi, Tana Toraja",10.15
3/24/2025,"Brazil: Decaf Mogiana, Sul de Minas",10.6
3/24/2025,"Guatemala: HHT SHB, Huehuetenango",9.05
3/24/2025,CBC Blend: Organic Big Black,9.15
3/24/2025,CBC Blend: Red Sea,9.45
3/24/2025,Brazil Daterra Summer Solstice,8.55
3/24/2025,"Yemen: Northern Crown Khulani, Sa'adah Governorate",18
3/24/2025,"Papua New Guinea: Arokara AA, Eastern Highlands",7.9
3/24/2025,"Honduras: Kingdom Growers SHG, Montecillos",9.55
3/24/2025,"Sumatra: Organic Decaf Mandheling, Aceh",12.5
3/24/2025,"Dominican Republic: Ramirez Natural, Jarabacoa",9.6
3/24/2025,"Kenya: Peaberry Plus 15/16, Kirinyaga County",10.3
3/24/2025,"Multi Origin: Decaf Morning Glory, Multi Origin Blend",10.95
3/24/2025,"Colombia: Decaf EA, Cauca",10.4
3/24/2025,"Ethiopia: Shantawene Abore G1, Sidamo",9.5
3/24/2025,"Brazil: Pearl Bourbon Peaberry, Daterra Estate",9.55
3/24/2025,"Papua New Guinea: Mile High A, Eastern Highlands",10.6
3/24/2025,"Honduras: Organic 18 Rabbit Natural, Marcala",10.65
3/24/2025,"Haiti: Blue Pine, Central Plateau",10.75
3/24/2025,"Bolivia: Apolo, La Paz Department",9.6
3/24/2025,"Java: Organic Taman Dadar, Kayumas",10.35
3/24/2025,"Uganda: Kaweri Robusta, Mubende",8.4
3/24/2025,"Brazil: Organic Fazenda Dutra 14/16, Matas de Minas",11.15
3/24/2025,"Peru: Organic Decaf Sol Y Cafe, Cajamarca",11.35
3/24/2025,CBC Blend: Organic Kope Kapuna,9.15
3/24/2025,"Ethiopia: Kembata G1, Durame Village",8.7
3/24/2025,CBC Blend: Kope Kapuna,7.9
3/24/2025,"Guatemala: La Flor Del Cafe Peaberry, Antigua",8.35
3/24/2025,"Guatemala: Robusta, Chimaltenango",7.8
3/24/2025,"Haiti: Savanne Zombie, Central Plateau",10.8
3/24/2025,"Mexico: Rancho San Francisco, Chiapas",8.4
3/24/2025,"Haiti: Marre Blanc, Central Plateau",12
3/24/2025,Seasoning Beans,5.95
3/24/2025,"Ethiopia: Decaf Sidamo Natural, Sidamo",10.6
3/24/2025,"Brazil: Sweet Yellow, Daterra Estate",9.35
3/24/2025,"Honduras: Organic 18 Rabbit Yellow, Marcala",10.65
3/24/2025,"Timor: Organic Decaf Cafe Timor Coop, East Timor",11.25
3/24/2025,"Sumatra: Tiger, Lintong",11.4
3/24/2025,"Honduras: Organic 18 Rabbit Red, Marcala",10.65
3/24/2025,"Guatemala: Dulce Leonarda Estate HHT, Huehuetenango",10.35
3/24/2025,"Jamaica: Blue Mountain, Clydesdale",43.95
3/24/2025,"Hawaii: Kona Purple Mountain, Honaunau District",44.75
3/24/2025,CBC Blend: High Octane Blend,9.15
3/24/2025,"Costa Rica: Finca El Melico Geisha, La Pena",27.95
3/24/2025,"Brazil: Fazenda Bela Vista, Sul de Minas",8.55
3/24/2025,"Kenya: Organic Muiri Estate, Kiambu County",9.75
3/24/2025,"Colombia: Pink Bourbon, Huila",10.05
3/24/2025,"Sumatra: Raja Batak Peaberry, Lintong",8.9
3/24/2025,"Costa Rica: Organic La Amistad, Coto Brus",9.6
3/24/2025,"Bolivia: Organic Caranavi FTO, La Paz Department",9.25
3/24/2025,"Burundi: Bavyeyi, Ngozi",9.7
3/24/2025,"Burundi: Hafi, Muyinga",9.7
3/24/2025,"Ethiopia: Adame Gorbota G1, Yirgacheffe",9.25
3/24/2025,"Ethiopia: Organic Shantawene G1, Sidamo",9.65
3/24/2025,"Ethiopia: Organic Zelelu Ararso G1, Yirgacheffe",9.85
3/24/2025,"Hawaii: Kona Peaberry, Mauka Honaunau District",47.15
3/24/2025,"Panama: Janson Farms Geisha, Volcan High Lands",34.85
3/24/2025,"Papua New Guinea: Organic Decaf Purosa A/X, Eastern Highlands",10.75
3/24/2025,"Sumatra: Mutu Batak, Lintong",8.45
3/24/2025,"Vietnam: Robusta Honey, Central Highlands",7.05
3/24/2025,"Yemen: Mocca Mattari, Sana’a Governorate",15.6
3/26/2025,"Costa Rica: La Minita Estate, Tarrazu",9.5
3/26/2025,"Guatemala: Finca Santa Margarita, Acatenango",8
3/26/2025,"Ethiopia: Misty Valley, Yirgacheffe",10.25
3/26/2025,"Colombia: Reserva Del Patron, Narino",7.85
3/26/2025,"Ethiopia: Organic Limu G2, Oromia",8.3
3/26/2025,"Costa Rica: La Magnolia, Tres Rios",7.6
3/26/2025,"Colombia: Organic Sierra Nevada FTO, Santa Marta",10.3
3/26/2025,"Mexico: La Laja Honey, Tlaltetela, Veracruz",7.4
3/26/2025,"Brazil: Cerrado 17/18, Minas Gerais",7.3
3/26/2025,"Colombia: El Gato Supremo, Bucaramanga",8.95
3/26/2025,"Colombia: Supremo EP, Huila",7.85
3/26/2025,"Tanzania: Peaberry, Kilimanjaro",8.46
3/26/2025,"Brazil: Oberon, Cerrado",9.5
3/26/2025,"Ethiopia: Organic Konga G2, Yirgacheffe",9.65
3/26/2025,"Bali: Organic Blue Moon, Kintamani Highlands",11.25
3/26/2025,"Mexico: Organic Mocabe HG, Chiapas",10.25
3/26/2025,CBC Blend: Ferdelance,7.9
3/26/2025,"Sumatra: Mandheling G1, Aceh",10.15
3/26/2025,"Mexico: Organic Cepco Oaxaca, Oaxaca",10.25
3/26/2025,India: Cherry Robusta,7.4
3/26/2025,"Ethiopia: Organic Buku Sayisa Gr1, Guji",9.85
3/26/2025,"Brazil: Sweet Blue, Daterra Estate",8.2
3/26/2025,"Haiti: Organic Haitian Blue, Norde",13.95
3/26/2025,"Costa Rica: La Gladiola, Tarrazu",7.7
3/26/2025,"Guatemala: La Flor Del Cafe, Antigua",8.45
3/26/2025,"Guatemala: Decaf HHT Royal Select, Huehuetenango",10.85
3/26/2025,"Uganda: Organic Bugisu, Sipi Falls",10.1
3/26/2025,"Honduras: Organic 18 Rabbit Washed, Marcala",9.25
3/26/2025,"Bali: Organic Kintamani, Kintamani Highlands",10.65
3/26/2025,"Costa Rica: El Conquistador, Tarrazu",8.15
3/26/2025,"Brazil: CHC Reserve Espresso, Daterra Estate",8.65
3/26/2025,"Ethiopia: Durato Bombe, Sidamo",9.65
3/26/2025,"Ethiopia: Queen City, Harrar",9.95
3/26/2025,CBC Blend: True Mocca Java,10.75
3/26/2025,"Sumatra: Organic Mandheling, Aceh",11.4
3/26/2025,"Guatemala: Finca Vallure, Huehuetenango",9.05
3/26/2025,"Peru: Organic La Florida, Selva Central",8.15
3/26/2025,"Guatemala: Organic Asdecafe SHB, Huehuetenango",8.35
3/26/2025,"Papua New Guinea: Organic Purosa A/X, Eastern Highlands",10
3/26/2025,"Timor: Organic Cafe Timor Coop, East Timor",8.6
3/26/2025,CBC Blend: Onobeano's Latte,7.9
3/26/2025,"Kenya: Select Plus AA, Kiambu County",10.4
3/26/2025,"Timor: Organic Heritage Reserve FTO, East Timor",10.75
3/26/2025,"Sulawesi:Toraja Sapan Minanga, Tana Toraja",9.15
3/26/2025,"Dominican Republic: Organic Ramirez Washed, Jarabacoa",8.95
3/26/2025,"El Salvador: Finca La Esperanza, Santa Ana",7.8
3/26/2025,CBC Blend: Four Horseman,7.9
3/26/2025,"Dominican Republic: Organic Ramirez Red Honey, Jarabacoa",9.75
3/26/2025,"Indonesia: Organic Decaf Bali Hai, Indonesia Blend",9.35
3/26/2025,"Ethiopia: Longberry, Harrar",8.5
3/26/2025,Rwanda: Organic Hingakawa Women’s Co-op FTO,8.25
3/26/2025,"Honduras: Organic 18 Rabbit Black, Marcala",9.7
3/26/2025,"Peru: Organic Finca La Esperanza G1, San Martin",9.45
3/26/2025,"Uganda: Mt Elgon A, Bugisu",9.3
3/26/2025,"India: Mysore Nuggets, Chikmagalur District",8.24
3/26/2025,"Mexico: Turquesa HG, Chiapas",9.85
3/26/2025,"Java: Blawan Estate, East Java",10.95
3/26/2025,Costa Rica: Decaf El Indio SWP,9.5
3/26/2025,"India: Monsooned Malabar AA, Karnataka",10.4
3/26/2025,"Nicaragua: Las Segovias Coop SHG, San Juan del Rio Coco",9.05
3/26/2025,"Sulawesi: Kalossi, Tana Toraja",10.15
3/26/2025,"Panama: Finca La Santa SHB EP, Boquete",9.55
3/26/2025,"Guatemala: HHT SHB, Huehuetenango",9.05
3/26/2025,"Brazil: Decaf Mogiana, Sul de Minas",10.6
3/26/2025,Brazil Daterra Summer Solstice,8.55
3/26/2025,CBC Blend: Organic Big Black,9.15
3/26/2025,"Yemen: Northern Crown Khulani, Sa'adah Governorate",18
3/26/2025,CBC Blend: Red Sea,9.45
3/26/2025,"Papua New Guinea: Arokara AA, Eastern Highlands",7.9
3/26/2025,"Honduras: Kingdom Growers SHG, Montecillos",9.55
3/26/2025,"Sumatra: Organic Decaf Mandheling, Aceh",12.5
3/26/2025,"Dominican Republic: Ramirez Natural, Jarabacoa",9.6
3/26/2025,"Kenya: Peaberry Plus 15/16, Kirinyaga County",10.3
3/26/2025,"Multi Origin: Decaf Morning Glory, Multi Origin Blend",10.95
3/26/2025,"Colombia: Decaf EA, Cauca",10.4
3/26/2025,"Ethiopia: Shantawene Abore G1, Sidamo",9.5
3/26/2025,CBC Blend: Kope Kapuna,7.9
3/26/2025,"Java: Organic Taman Dadar, Kayumas",10.35
3/26/2025,"Brazil: Pearl Bourbon Peaberry, Daterra Estate",9.55
3/26/2025,"Honduras: Organic 18 Rabbit Natural, Marcala",10.65
3/26/2025,"Bolivia: Apolo, La Paz Department",9.6
3/26/2025,"Uganda: Kaweri Robusta, Mubende",8.4
3/26/2025,"Haiti: Blue Pine, Central Plateau",10.75
3/26/2025,"Peru: Organic Decaf Sol Y Cafe, Cajamarca",11.35
3/26/2025,"Papua New Guinea: Mile High A, Eastern Highlands",10.6
3/26/2025,"Brazil: Organic Fazenda Dutra 14/16, Matas de Minas",11.15
3/26/2025,CBC Blend: Organic Kope Kapuna,9.15
3/26/2025,"Guatemala: La Flor Del Cafe Peaberry, Antigua",8.35
3/26/2025,"Ethiopia: Kembata G1, Durame Village",8.7
3/26/2025,"Guatemala: Robusta, Chimaltenango",7.8
3/26/2025,"Mexico: Rancho San Francisco, Chiapas",8.4
3/26/2025,"Haiti: Savanne Zombie, Central Plateau",10.8
3/26/2025,"Haiti: Marre Blanc, Central Plateau",12
3/26/2025,"Ethiopia: Decaf Sidamo Natural, Sidamo",10.6
3/26/2025,Seasoning Beans,5.95
3/26/2025,"Brazil: Sweet Yellow, Daterra Estate",9.35
3/26/2025,"Honduras: Organic 18 Rabbit Yellow, Marcala",10.65
3/26/2025,"Timor: Organic Decaf Cafe Timor Coop, East Timor",11.25
3/26/2025,"Sumatra: Tiger, Lintong",11.4
3/26/2025,"Honduras: Organic 18 Rabbit Red, Marcala",10.65
3/26/2025,"Guatemala: Dulce Leonarda Estate HHT, Huehuetenango",10.35
3/26/2025,"Hawaii: Kona Purple Mountain, Honaunau District",44.75
3/26/2025,"Jamaica: Blue Mountain, Clydesdale",43.95
3/26/2025,CBC Blend: High Octane Blend,9.15
3/26/2025,"Colombia: Pink Bourbon, Huila",10.05
3/26/2025,"Brazil: Fazenda Bela Vista, Sul de Minas",8.55
3/26/2025,"Costa Rica: Finca El Melico Geisha, La Pena",27.95
3/26/2025,"Kenya: Organic Muiri Estate, Kiambu County",9.75
3/26/2025,"Sumatra: Raja Batak Peaberry, Lintong",8.9
3/26/2025,"Bolivia: Organic Caranavi FTO, La Paz Department",9.25
3/26/2025,"Burundi: Bavyeyi, Ngozi",9.7
3/26/2025,"Burundi: Hafi, Muyinga",9.7
3/26/2025,"Costa Rica: Organic La Amistad, Coto Brus",9.6
3/26/2025,"Ethiopia: Adame Gorbota G1, Yirgacheffe",9.25
3/26/2025,"Ethiopia: Organic Shantawene G1, Sidamo",9.65
3/26/2025,"Ethiopia: Organic Zelelu Ararso G1, Yirgacheffe",9.85
3/26/2025,"Hawaii: Kona Peaberry, Mauka Honaunau District",47.15
3/26/2025,"Panama: Janson Farms Geisha, Volcan High Lands",34.85
3/26/2025,"Papua New Guinea: Organic Decaf Purosa A/X, Eastern Highlands",10.75
3/26/2025,"Sumatra: Mutu Batak, Lintong",8.45
3/26/2025,"Vietnam: Robusta Honey, Central Highlands",7.05
3/26/2025,"Yemen: Mocca Mattari, Sana’a Governorate",15.6
3/28/2025,"Costa Rica: La Minita Estate, Tarrazu",9.5
3/28/2025,"Guatemala: Finca Santa Margarita, Acatenango",8
3/28/2025,"Ethiopia: Misty Valley, Yirgacheffe",10.25
3/28/2025,"Ethiopia: Organic Limu G2, Oromia",8.3
3/28/2025,"Costa Rica: La Magnolia, Tres Rios",7.6
3/28/2025,"Colombia: Reserva Del Patron, Narino",7.85
3/28/2025,"Mexico: La Laja Honey, Tlaltetela, Veracruz",7.4
3/28/2025,"Colombia: Organic Sierra Nevada FTO, Santa Marta",10.3
3/28/2025,"Colombia: El Gato Supremo, Bucaramanga",8.95
3/28/2025,"Brazil: Cerrado 17/18, Minas Gerais",7.3
3/28/2025,"Colombia: Supremo EP, Huila",7.85
3/28/2025,"Tanzania: Peaberry, Kilimanjaro",8.46
3/28/2025,"Brazil: Oberon, Cerrado",9.5
3/28/2025,"Ethiopia: Organic Konga G2, Yirgacheffe",9.65
3/28/2025,"Bali: Organic Blue Moon, Kintamani Highlands",11.25
3/28/2025,CBC Blend: Ferdelance,7.9
3/28/2025,"Haiti: Organic Haitian Blue, Norde",13.95
3/28/2025,"Sumatra: Mandheling G1, Aceh",10.15
3/28/2025,"Mexico: Organic Cepco Oaxaca, Oaxaca",10.25
3/28/2025,"Brazil: Sweet Blue, Daterra Estate",8.2
3/28/2025,India: Cherry Robusta,7.4
3/28/2025,"Mexico: Organic Mocabe HG, Chiapas",10.25
3/28/2025,"Ethiopia: Organic Buku Sayisa Gr1, Guji",9.85
3/28/2025,"Costa Rica: La Gladiola, Tarrazu",7.7
3/28/2025,"Guatemala: La Flor Del Cafe, Antigua",8.45
3/28/2025,"Bali: Organic Kintamani, Kintamani Highlands",10.65
3/28/2025,"Honduras: Organic 18 Rabbit Washed, Marcala",9.25
3/28/2025,"Uganda: Organic Bugisu, Sipi Falls",10.1
3/28/2025,"Costa Rica: El Conquistador, Tarrazu",8.15
3/28/2025,"Brazil: CHC Reserve Espresso, Daterra Estate",8.65
3/28/2025,"Ethiopia: Queen City, Harrar",9.95
3/28/2025,"Guatemala: Decaf HHT Royal Select, Huehuetenango",10.85
3/28/2025,CBC Blend: True Mocca Java,10.75
3/28/2025,"Ethiopia: Durato Bombe, Sidamo",9.65
3/28/2025,"Sumatra: Organic Mandheling, Aceh",11.4
3/28/2025,"Peru: Organic La Florida, Selva Central",10.55
3/28/2025,"Guatemala: Organic Asdecafe SHB, Huehuetenango",8.35
3/28/2025,"Papua New Guinea: Organic Purosa A/X, Eastern Highlands",10
3/28/2025,"Guatemala: Finca Vallure, Huehuetenango",9.05
3/28/2025,"Timor: Organic Cafe Timor Coop, East Timor",8.6
3/28/2025,"Kenya: Select Plus AA, Kiambu County",10.4
3/28/2025,"Timor: Organic Heritage Reserve FTO, East Timor",10.75
3/28/2025,"Sulawesi:Toraja Sapan Minanga, Tana Toraja",9.15
3/28/2025,CBC Blend: Onobeano's Latte,7.9
3/28/2025,"Dominican Republic: Organic Ramirez Washed, Jarabacoa",8.95
3/28/2025,"Dominican Republic: Organic Ramirez Red Honey, Jarabacoa",9.75
3/28/2025,CBC Blend: Four Horseman,7.9
3/28/2025,"Indonesia: Organic Decaf Bali Hai, Indonesia Blend",9.35
3/28/2025,"Ethiopia: Longberry, Harrar",8.5
3/28/2025,Rwanda: Organic Hingakawa Women’s Co-op FTO,8.25
3/28/2025,"El Salvador: Finca La Esperanza, Santa Ana",7.8
3/28/2025,"Honduras: Organic 18 Rabbit Black, Marcala",9.7
3/28/2025,"Peru: Organic Finca La Esperanza G1, San Martin",9.45
3/28/2025,"Uganda: Mt Elgon A, Bugisu",9.3
3/28/2025,"India: Mysore Nuggets, Chikmagalur District",9.15
3/28/2025,"Mexico: Turquesa HG, Chiapas",9.85
3/28/2025,"Java: Blawan Estate, East Java",10.95
3/28/2025,Costa Rica: Decaf El Indio SWP,9.5
3/28/2025,"India: Monsooned Malabar AA, Karnataka",10.4
3/28/2025,"Sulawesi: Kalossi, Tana Toraja",10.15
3/28/2025,"Panama: Finca La Santa SHB EP, Boquete",9.55
3/28/2025,"Nicaragua: Las Segovias Coop SHG, San Juan del Rio Coco",9.05
3/28/2025,"Guatemala: HHT SHB, Huehuetenango",9.05
3/28/2025,Brazil Daterra Summer Solstice,8.55
3/28/2025,"Brazil: Decaf Mogiana, Sul de Minas",10.6
3/28/2025,"Yemen: Northern Crown Khulani, Sa'adah Governorate",18
3/28/2025,CBC Blend: Red Sea,9.45
3/28/2025,CBC Blend: Organic Big Black,9.15
3/28/2025,"Papua New Guinea: Arokara AA, Eastern Highlands",7.9
3/28/2025,"Kenya: Peaberry Plus 15/16, Kirinyaga County",10.3
3/28/2025,"Sumatra: Organic Decaf Mandheling, Aceh",12.5
3/28/2025,"Honduras: Kingdom Growers SHG, Montecillos",9.55
3/28/2025,"Dominican Republic: Ramirez Natural, Jarabacoa",9.6
3/28/2025,"Multi Origin: Decaf Morning Glory, Multi Origin Blend",10.95
3/28/2025,"Brazil: Pearl Bourbon Peaberry, Daterra Estate",9.55
3/28/2025,"Ethiopia: Shantawene Abore G1, Sidamo",9.5
3/28/2025,"Colombia: Decaf EA, Cauca",10.4
3/28/2025,"Java: Organic Taman Dadar, Kayumas",10.35
3/28/2025,CBC Blend: Kope Kapuna,7.9
3/28/2025,"Bolivia: Apolo, La Paz Department",9.6
3/28/2025,"Uganda: Kaweri Robusta, Mubende",8.4
3/28/2025,"Haiti: Blue Pine, Central Plateau",10.75
3/28/2025,"Papua New Guinea: Mile High A, Eastern Highlands",10.6
3/28/2025,"Honduras: Organic 18 Rabbit Natural, Marcala",10.65
3/28/2025,"Brazil: Organic Fazenda Dutra 14/16, Matas de Minas",11.15
3/28/2025,CBC Blend: Organic Kope Kapuna,9.15
3/28/2025,"Peru: Organic Decaf Sol Y Cafe, Cajamarca",11.35
3/28/2025,"Guatemala: La Flor Del Cafe Peaberry, Antigua",8.35
3/28/2025,"Guatemala: Robusta, Chimaltenango",7.8
3/28/2025,"Ethiopia: Kembata G1, Durame Village",8.7
3/28/2025,"Mexico: Rancho San Francisco, Chiapas",8.4
3/28/2025,"Haiti: Savanne Zombie, Central Plateau",10.8
3/28/2025,"Haiti: Marre Blanc, Central Plateau",12
3/28/2025,"Ethiopia: Decaf Sidamo Natural, Sidamo",10.6
3/28/2025,Seasoning Beans,5.95
3/28/2025,"Brazil: Sweet Yellow, Daterra Estate",9.35
3/28/2025,"Honduras: Organic 18 Rabbit Yellow, Marcala",10.65
3/28/2025,"Timor: Organic Decaf Cafe Timor Coop, East Timor",11.25
3/28/2025,"Sumatra: Tiger, Lintong",11.4
3/28/2025,"Honduras: Organic 18 Rabbit Red, Marcala",10.65
3/28/2025,"Guatemala: Dulce Leonarda Estate HHT, Huehuetenango",10.35
3/28/2025,"Hawaii: Kona Purple Mountain, Honaunau District",44.75
3/28/2025,"Jamaica: Blue Mountain, Clydesdale",43.95
3/28/2025,CBC Blend: High Octane Blend,9.15
3/28/2025,"Colombia: Pink Bourbon, Huila",10.05
3/28/2025,"Brazil: Fazenda Bela Vista, Sul de Minas",8.55
3/28/2025,"Kenya: Organic Muiri Estate, Kiambu County",9.75
3/28/2025,"Sumatra: Raja Batak Peaberry, Lintong",8.9
3/28/2025,"Costa Rica: Finca El Melico Geisha, La Pena",27.95
3/28/2025,"Bolivia: Organic Caranavi FTO, La Paz Department",9.25
3/28/2025,"Burundi: Bavyeyi, Ngozi",9.7
3/28/2025,"Burundi: Hafi, Muyinga",9.7
3/28/2025,"Costa Rica: Organic La Amistad, Coto Brus",10.7
3/28/2025,"Ethiopia: Adame Gorbota G1, Yirgacheffe",9.25
3/28/2025,"Ethiopia: Organic Shantawene G1, Sidamo",9.65
3/28/2025,"Ethiopia: Organic Zelelu Ararso G1, Yirgacheffe",9.85
3/28/2025,"Hawaii: Kona Peaberry, Mauka Honaunau District",47.15
3/28/2025,"Panama: Janson Farms Geisha, Volcan High Lands",34.85
3/28/2025,"Papua New Guinea: Organic Decaf Purosa A/X, Eastern Highlands",10.75
3/28/2025,"Sumatra: Mutu Batak, Lintong",8.45
3/28/2025,"Vietnam: Robusta Honey, Central Highlands",7.05
3/28/2025,"Yemen: Mocca Mattari, Sana’a Governorate",15.6
3/29/2025,"Costa Rica: La Minita Estate, Tarrazu",9.5
3/29/2025,"Guatemala: Finca Santa Margarita, Acatenango",8
3/29/2025,"Ethiopia: Misty Valley, Yirgacheffe",10.25
3/29/2025,"Mexico: La Laja Honey, Tlaltetela, Veracruz",7.4
3/29/2025,"Ethiopia: Organic Limu G2, Oromia",8.3
3/29/2025,"Costa Rica: La Magnolia, Tres Rios",7.6
3/29/2025,"Colombia: Reserva Del Patron, Narino",7.85
3/29/2025,"Colombia: Organic Sierra Nevada FTO, Santa Marta",10.3
3/29/2025,"Colombia: Supremo EP, Huila",7.85
3/29/2025,"Colombia: El Gato Supremo, Bucaramanga",8.95
3/29/2025,"Brazil: Cerrado 17/18, Minas Gerais",7.3
3/29/2025,"Tanzania: Peaberry, Kilimanjaro",8.46
3/29/2025,"Brazil: Oberon, Cerrado",9.5
3/29/2025,"Bali: Organic Blue Moon, Kintamani Highlands",11.25
3/29/2025,CBC Blend: Ferdelance,7.9
3/29/2025,"Ethiopia: Organic Konga G2, Yirgacheffe",9.65
3/29/2025,"Brazil: Sweet Blue, Daterra Estate",8.2
3/29/2025,"Haiti: Organic Haitian Blue, Norde",13.95
3/29/2025,"Sumatra: Mandheling G1, Aceh",10.15
3/29/2025,"Mexico: Organic Cepco Oaxaca, Oaxaca",10.25
3/29/2025,"Ethiopia: Organic Buku Sayisa Gr1, Guji",9.85
3/29/2025,"Mexico: Organic Mocabe HG, Chiapas",10.25
3/29/2025,India: Cherry Robusta,7.4
3/29/2025,"Costa Rica: La Gladiola, Tarrazu",7.7
3/29/2025,"Guatemala: La Flor Del Cafe, Antigua",8.45
3/29/2025,"Bali: Organic Kintamani, Kintamani Highlands",10.65
3/29/2025,"Honduras: Organic 18 Rabbit Washed, Marcala",9.25
3/29/2025,CBC Blend: True Mocca Java,10.75
3/29/2025,"Uganda: Organic Bugisu, Sipi Falls",10.1
3/29/2025,"Brazil: CHC Reserve Espresso, Daterra Estate",8.65
3/29/2025,"Ethiopia: Queen City, Harrar",9.95
3/29/2025,"Costa Rica: El Conquistador, Tarrazu",8.15
3/29/2025,"Ethiopia: Durato Bombe, Sidamo",9.65
3/29/2025,"Peru: Organic La Florida, Selva Central",10.55
3/29/2025,"Sumatra: Organic Mandheling, Aceh",11.4
3/29/2025,"Guatemala: Decaf HHT Royal Select, Huehuetenango",10.85
3/29/2025,"Guatemala: Finca Vallure, Huehuetenango",9.05
3/29/2025,"Guatemala: Organic Asdecafe SHB, Huehuetenango",8.35
3/29/2025,"Timor: Organic Cafe Timor Coop, East Timor",8.6
3/29/2025,"Kenya: Select Plus AA, Kiambu County",10.4
3/29/2025,"Timor: Organic Heritage Reserve FTO, East Timor",10.75
3/29/2025,"Sulawesi:Toraja Sapan Minanga, Tana Toraja",9.15
3/29/2025,CBC Blend: Onobeano's Latte,7.9
3/29/2025,"Dominican Republic: Organic Ramirez Red Honey, Jarabacoa",9.75
3/29/2025,"Papua New Guinea: Organic Purosa A/X, Eastern Highlands",10
3/29/2025,"Dominican Republic: Organic Ramirez Washed, Jarabacoa",8.95
3/29/2025,"Indonesia: Organic Decaf Bali Hai, Indonesia Blend",9.35
3/29/2025,CBC Blend: Four Horseman,7.9
3/29/2025,"El Salvador: Finca La Esperanza, Santa Ana",7.8
3/29/2025,Rwanda: Organic Hingakawa Women’s Co-op FTO,8.25
3/29/2025,"Ethiopia: Longberry, Harrar",8.5
3/29/2025,"Honduras: Organic 18 Rabbit Black, Marcala",9.7
3/29/2025,"Peru: Organic Finca La Esperanza G1, San Martin",9.45
3/29/2025,"Mexico: Turquesa HG, Chiapas",9.85
3/29/2025,"Uganda: Mt Elgon A, Bugisu",9.3
3/29/2025,"India: Mysore Nuggets, Chikmagalur District",9.15
3/29/2025,Costa Rica: Decaf El Indio SWP,9.5
3/29/2025,"Java: Blawan Estate, East Java",10.95
3/29/2025,"India: Monsooned Malabar AA, Karnataka",10.4
3/29/2025,"Sulawesi: Kalossi, Tana Toraja",10.15
3/29/2025,"Panama: Finca La Santa SHB EP, Boquete",9.55
3/29/2025,Brazil Daterra Summer Solstice,8.55
3/29/2025,"Guatemala: HHT SHB, Huehuetenango",9.05
3/29/2025,"Yemen: Northern Crown Khulani, Sa'adah Governorate",18
3/29/2025,"Brazil: Decaf Mogiana, Sul de Minas",10.6
3/29/2025,"Nicaragua: Las Segovias Coop SHG, San Juan del Rio Coco",9.05
3/29/2025,CBC Blend: Red Sea,9.45
3/29/2025,CBC Blend: Organic Big Black,9.15
3/29/2025,"Papua New Guinea: Arokara AA, Eastern Highlands",7.9
3/29/2025,"Sumatra: Organic Decaf Mandheling, Aceh",12.5
3/29/2025,"Colombia: Decaf EA, Cauca",10.4
3/29/2025,"Honduras: Kingdom Growers SHG, Montecillos",9.55
3/29/2025,"Dominican Republic: Ramirez Natural, Jarabacoa",9.6
3/29/2025,"Brazil: Pearl Bourbon Peaberry, Daterra Estate",9.55
3/29/2025,"Java: Organic Taman Dadar, Kayumas",10.35
3/29/2025,"Multi Origin: Decaf Morning Glory, Multi Origin Blend",10.95
3/29/2025,"Ethiopia: Shantawene Abore G1, Sidamo",9.5
3/29/2025,CBC Blend: Kope Kapuna,7.9
3/29/2025,"Bolivia: Apolo, La Paz Department",9.6
3/29/2025,"Uganda: Kaweri Robusta, Mubende",8.4
3/29/2025,"Haiti: Blue Pine, Central Plateau",10.75
3/29/2025,"Papua New Guinea: Mile High A, Eastern Highlands",10.6
3/29/2025,"Brazil: Organic Fazenda Dutra 14/16, Matas de Minas",11.15
3/29/2025,"Honduras: Organic 18 Rabbit Natural, Marcala",10.65
3/29/2025,CBC Blend: Organic Kope Kapuna,9.15
3/29/2025,"Peru: Organic Decaf Sol Y Cafe, Cajamarca",11.35
3/29/2025,"Guatemala: La Flor Del Cafe Peaberry, Antigua",8.35
3/29/2025,"Guatemala: Robusta, Chimaltenango",7.8
3/29/2025,"Mexico: Rancho San Francisco, Chiapas",8.4
3/29/2025,"Ethiopia: Kembata G1, Durame Village",8.7
3/29/2025,"Kenya: Peaberry Plus 15/16, Kirinyaga County",10.3
3/29/2025,"Haiti: Savanne Zombie, Central Plateau",10.8
3/29/2025,"Haiti: Marre Blanc, Central Plateau",12
3/29/2025,"Ethiopia: Decaf Sidamo Natural, Sidamo",10.6
3/29/2025,Seasoning Beans,5.95
3/29/2025,"Brazil: Sweet Yellow, Daterra Estate",9.35
3/29/2025,"Timor: Organic Decaf Cafe Timor Coop, East Timor",11.25
3/29/2025,"Honduras: Organic 18 Rabbit Yellow, Marcala",10.65
3/29/2025,"Colombia: Pink Bourbon, Huila",10.05
3/29/2025,"Honduras: Organic 18 Rabbit Red, Marcala",10.65
3/29/2025,"Guatemala: Dulce Leonarda Estate HHT, Huehuetenango",10.35
3/29/2025,"Hawaii: Kona Purple Mountain, Honaunau District",44.75
3/29/2025,"Sumatra: Tiger, Lintong",11.4
3/29/2025,"Jamaica: Blue Mountain, Clydesdale",43.95
3/29/2025,CBC Blend: High Octane Blend,9.15
3/29/2025,"Brazil: Fazenda Bela Vista, Sul de Minas",8.55
3/29/2025,"Kenya: Organic Muiri Estate, Kiambu County",9.75
3/29/2025,"Sumatra: Raja Batak Peaberry, Lintong",8.9
3/29/2025,"Costa Rica: Finca El Melico Geisha, La Pena",27.95
3/29/2025,"Costa Rica: Organic La Amistad, Coto Brus",10.7
3/29/2025,"Bolivia: Organic Caranavi FTO, La Paz Department",9.25
3/29/2025,"Burundi: Bavyeyi, Ngozi",9.7
3/29/2025,"Burundi: Hafi, Muyinga",9.7
3/29/2025,"Ethiopia: Adame Gorbota G1, Yirgacheffe",9.25
3/29/2025,"Ethiopia: Organic Shantawene G1, Sidamo",9.65
3/29/2025,"Ethiopia: Organic Zelelu Ararso G1, Yirgacheffe",9.85
3/29/2025,"Hawaii: Kona Peaberry, Mauka Honaunau District",47.15
3/29/2025,"Panama: Janson Farms Geisha, Volcan High Lands",34.85
3/29/2025,"Papua New Guinea: Organic Decaf Purosa A/X, Eastern Highlands",10.75
3/29/2025,"Rwanda: Kawa Yacu Women's Co-Op, Karongi District",9.75
3/29/2025,"Sumatra: Mutu Batak, Lintong",8.45
3/29/2025,"Vietnam: Robusta Honey, Central Highlands",7.05
3/29/2025,"Yemen: Mocca Mattari, Sana’a Governorate",15.6
4/1/2025,"Costa Rica: La Minita Estate, Tarrazu",9.5
4/1/2025,"Guatemala: Finca Santa Margarita, Acatenango",8
4/1/2025,"Ethiopia: Misty Valley, Yirgacheffe",10.25
4/1/2025,"Costa Rica: La Magnolia, Tres Rios",7.6
4/1/2025,"Mexico: La Laja Honey, Tlaltetela, Veracruz",7.4
4/1/2025,"Colombia: Organic Sierra Nevada FTO, Santa Marta",8.8
4/1/2025,"Ethiopia: Organic Limu G2, Oromia",8.3
4/1/2025,"Colombia: Supremo EP, Huila",7.85
4/1/2025,"Colombia: Reserva Del Patron, Narino",7.85
4/1/2025,"Colombia: El Gato Supremo, Bucaramanga",8.95
4/1/2025,"Brazil: Cerrado 17/18, Minas Gerais",7.3
4/1/2025,"Tanzania: Peaberry, Kilimanjaro",9.4
4/1/2025,"Brazil: Oberon, Cerrado",9.5
4/1/2025,CBC Blend: Ferdelance,7.9
4/1/2025,"Brazil: Sweet Blue, Daterra Estate",9.65
4/1/2025,"Bali: Organic Blue Moon, Kintamani Highlands",11.25
4/1/2025,"Ethiopia: Organic Konga G2, Yirgacheffe",9.65
4/1/2025,"Haiti: Organic Haitian Blue, Norde",12.56
4/1/2025,"Sumatra: Mandheling G1, Aceh",10.15
4/1/2025,"Mexico: Organic Cepco Oaxaca, Oaxaca",10.25
4/1/2025,"Ethiopia: Organic Buku Sayisa Gr1, Guji",9.85
4/1/2025,"Costa Rica: La Gladiola, Tarrazu",7.7
4/1/2025,India: Cherry Robusta,7.4
4/1/2025,"Guatemala: La Flor Del Cafe, Antigua",8.45
4/1/2025,"Mexico: Organic Mocabe HG, Chiapas",10.25
4/1/2025,"Honduras: Organic 18 Rabbit Washed, Marcala",9.25
4/1/2025,CBC Blend: True Mocca Java,10.75
4/1/2025,"Brazil: CHC Reserve Espresso, Daterra Estate",8.65
4/1/2025,"Ethiopia: Queen City, Harrar",9.95
4/1/2025,"Bali: Organic Kintamani, Kintamani Highlands",10.65
4/1/2025,"Ethiopia: Durato Bombe, Sidamo",9.65
4/1/2025,"Costa Rica: El Conquistador, Tarrazu",8.15
4/1/2025,"Uganda: Organic Bugisu, Sipi Falls",10.1
4/1/2025,"Peru: Organic La Florida, Selva Central",10.55
4/1/2025,"Sumatra: Organic Mandheling, Aceh",11.4
4/1/2025,"Guatemala: Organic Asdecafe SHB, Huehuetenango",8.35
4/1/2025,"Timor: Organic Cafe Timor Coop, East Timor",8.6
4/1/2025,"El Salvador: Finca La Esperanza, Santa Ana",7.8
4/1/2025,"Kenya: Select Plus AA, Kiambu County",10.4
4/1/2025,CBC Blend: Onobeano's Latte,7.9
4/1/2025,"Guatemala: Decaf HHT Royal Select, Huehuetenango",10.85
4/1/2025,"Indonesia: Organic Decaf Bali Hai, Indonesia Blend",9.35
4/1/2025,"Guatemala: Finca Vallure, Huehuetenango",9.05
4/1/2025,"Timor: Organic Heritage Reserve FTO, East Timor",10.75
4/1/2025,"Sulawesi:Toraja Sapan Minanga, Tana Toraja",9.15
4/1/2025,"Dominican Republic: Organic Ramirez Red Honey, Jarabacoa",9.75
4/1/2025,"Dominican Republic: Organic Ramirez Washed, Jarabacoa",8.95
4/1/2025,CBC Blend: Four Horseman,7.9
4/1/2025,Rwanda: Organic Hingakawa Women’s Co-op FTO,8.25
4/1/2025,"Papua New Guinea: Organic Purosa A/X, Eastern Highlands",10
4/1/2025,"Peru: Organic Finca La Esperanza G1, San Martin",9.45
4/1/2025,"Uganda: Mt Elgon A, Bugisu",9.3
4/1/2025,"Ethiopia: Longberry, Harrar",8.5
4/1/2025,"India: Mysore Nuggets, Chikmagalur District",9.15
4/1/2025,"Honduras: Organic 18 Rabbit Black, Marcala",9.7
4/1/2025,Costa Rica: Decaf El Indio SWP,11.5
4/1/2025,"Mexico: Turquesa HG, Chiapas",9.85
4/1/2025,"India: Monsooned Malabar AA, Karnataka",10.4
4/1/2025,"Java: Blawan Estate, East Java",10.95
4/1/2025,"Sulawesi: Kalossi, Tana Toraja",10.15
4/1/2025,Brazil Daterra Summer Solstice,8.55
4/1/2025,"Yemen: Northern Crown Khulani, Sa'adah Governorate",18
4/1/2025,"Panama: Finca La Santa SHB EP, Boquete",9.55
4/1/2025,"Guatemala: HHT SHB, Huehuetenango",9.05
4/1/2025,"Honduras: Kingdom Growers SHG, Montecillos",9.55
4/1/2025,"Nicaragua: Las Segovias Coop SHG, San Juan del Rio Coco",9.05
4/1/2025,"Brazil: Decaf Mogiana, Sul de Minas",10.6
4/1/2025,"Sumatra: Organic Decaf Mandheling, Aceh",12.5
4/1/2025,CBC Blend: Organic Big Black,9.15
4/1/2025,"Papua New Guinea: Arokara AA, Eastern Highlands",7.9
4/1/2025,"Java: Organic Taman Dadar, Kayumas",10.35
4/1/2025,"Brazil: Pearl Bourbon Peaberry, Daterra Estate",9.55
4/1/2025,"Dominican Republic: Ramirez Natural, Jarabacoa",9.6
4/1/2025,CBC Blend: Kope Kapuna,7.9
4/1/2025,"Ethiopia: Shantawene Abore G1, Sidamo",9.5
4/1/2025,"Bolivia: Apolo, La Paz Department",9.6
4/1/2025,"Colombia: Decaf EA, Cauca",10.4
4/1/2025,"Multi Origin: Decaf Morning Glory, Multi Origin Blend",10.95
4/1/2025,"Uganda: Kaweri Robusta, Mubende",8.4
4/1/2025,"Papua New Guinea: Mile High A, Eastern Highlands",10.6
4/1/2025,CBC Blend: Red Sea,9.45
4/1/2025,"Haiti: Blue Pine, Central Plateau",10.75
4/1/2025,"Brazil: Organic Fazenda Dutra 14/16, Matas de Minas",11.15
4/1/2025,"Guatemala: La Flor Del Cafe Peaberry, Antigua",8.35
4/1/2025,"Peru: Organic Decaf Sol Y Cafe, Cajamarca",11.35
4/1/2025,"Mexico: Rancho San Francisco, Chiapas",8.4
4/1/2025,"Guatemala: Robusta, Chimaltenango",7.8
4/1/2025,CBC Blend: Organic Kope Kapuna,9.15
4/1/2025,"Honduras: Organic 18 Rabbit Natural, Marcala",10.65
4/1/2025,"Haiti: Savanne Zombie, Central Plateau",10.95
4/1/2025,"Kenya: Peaberry Plus 15/16, Kirinyaga County",10.3
4/1/2025,"Ethiopia: Decaf Sidamo Natural, Sidamo",10.6
4/1/2025,"Haiti: Marre Blanc, Central Plateau",12
4/1/2025,"Ethiopia: Kembata G1, Durame Village",8.7
4/1/2025,Seasoning Beans,5.95
4/1/2025,"Colombia: Pink Bourbon, Huila",10.05
4/1/2025,"Brazil: Sweet Yellow, Daterra Estate",9.35
4/1/2025,"Timor: Organic Decaf Cafe Timor Coop, East Timor",11.25
4/1/2025,"Honduras: Organic 18 Rabbit Yellow, Marcala",10.65
4/1/2025,"Brazil: Fazenda Bela Vista, Sul de Minas",8.55
4/1/2025,"Honduras: Organic 18 Rabbit Red, Marcala",10.65
4/1/2025,"Sumatra: Tiger, Lintong",11.4
4/1/2025,"Hawaii: Kona Purple Mountain, Honaunau District",44.75
4/1/2025,"Guatemala: Dulce Leonarda Estate HHT, Huehuetenango",10.35
4/1/2025,"Sumatra: Raja Batak Peaberry, Lintong",8.01
4/1/2025,"Jamaica: Blue Mountain, Clydesdale",43.95
4/1/2025,"Costa Rica: Organic La Amistad, Coto Brus",10.7
4/1/2025,CBC Blend: High Octane Robusta Blend,9.15
4/1/2025,"Costa Rica: Finca El Melico Geisha, La Pena",27.95
4/1/2025,"Sumatra: Mutu Batak, Lintong",9.05
4/1/2025,"Rwanda: Kawa Yacu Women's Co-Op, Karongi District",9.75
4/1/2025,"Yemen: Mocca Peaberry, Sana'a Governorate",18
4/1/2025,"Bolivia: Organic Caranavi FTO, La Paz Department",9.25
4/1/2025,"Burundi: Bavyeyi, Ngozi",9.7
4/1/2025,"Burundi: Hafi, Muyinga",9.7
4/1/2025,"Ethiopia: Adame Gorbota G1, Yirgacheffe",9.25
4/1/2025,"Ethiopia: Organic Shantawene G1, Sidamo",9.65
4/1/2025,"Ethiopia: Organic Zelelu Ararso G1, Yirgacheffe",9.85
4/1/2025,"Hawaii: Kona Peaberry, Mauka Honaunau District",47.15
4/1/2025,"Kenya: Organic Muiri Estate, Kiambu County",9.75
4/1/2025,"Panama: Janson Farms Geisha, Volcan High Lands",34.85
4/1/2025,"Papua New Guinea: Organic Decaf Purosa A/X, Eastern Highlands",10.75
4/1/2025,"Vietnam: Robusta Honey, Central Highlands",7.05
4/1/2025,"Yemen: Mocca Mattari, Sana’a Governorate",15.6
4/2/2025,"Costa Rica: La Minita Estate, Tarrazu",9.5
4/2/2025,"Guatemala: Finca Santa Margarita, Acatenango",8
4/2/2025,"Ethiopia: Misty Valley, Yirgacheffe",10.25
4/2/2025,"Colombia: Organic Sierra Nevada FTO, Santa Marta",8.8
4/2/2025,"Mexico: La Laja Honey, Tlaltetela, Veracruz",7.4
4/2/2025,"Costa Rica: La Magnolia, Tres Rios",7.6
4/2/2025,"Ethiopia: Organic Limu G2, Oromia",8.3
4/2/2025,"Colombia: Supremo EP, Huila",7.85
4/2/2025,"Colombia: Reserva Del Patron, Narino",7.85
4/2/2025,"Colombia: El Gato Supremo, Bucaramanga",8.95
4/2/2025,"Tanzania: Peaberry, Kilimanjaro",9.4
4/2/2025,"Brazil: Cerrado 17/18, Minas Gerais",7.3
4/2/2025,"Brazil: Oberon, Cerrado",9.5
4/2/2025,"Brazil: Sweet Blue, Daterra Estate",9.65
4/2/2025,CBC Blend: Ferdelance,7.9
4/2/2025,"Bali: Organic Blue Moon, Kintamani Highlands",11.25
4/2/2025,"Ethiopia: Organic Konga G2, Yirgacheffe",9.65
4/2/2025,"Haiti: Organic Haitian Blue, Norde",12.56
4/2/2025,"Mexico: Organic Cepco Oaxaca, Oaxaca",10.25
4/2/2025,"Sumatra: Mandheling G1, Aceh",10.15
4/2/2025,"Costa Rica: La Gladiola, Tarrazu",7.7
4/2/2025,"Ethiopia: Organic Buku Sayisa Gr1, Guji",9.85
4/2/2025,India: Cherry Robusta,7.4
4/2/2025,"Guatemala: La Flor Del Cafe, Antigua",8.45
4/2/2025,"Honduras: Organic 18 Rabbit Washed, Marcala",9.25
4/2/2025,"Mexico: Organic Mocabe HG, Chiapas",10.25
4/2/2025,CBC Blend: True Mocca Java,10.75
4/2/2025,"Brazil: CHC Reserve Espresso, Daterra Estate",8.65
4/2/2025,"Ethiopia: Queen City, Harrar",9.95
4/2/2025,"Bali: Organic Kintamani, Kintamani Highlands",10.65
4/2/2025,"Ethiopia: Durato Bombe, Sidamo",9.65
4/2/2025,"Costa Rica: El Conquistador, Tarrazu",8.15
4/2/2025,"Uganda: Organic Bugisu, Sipi Falls",10.1
4/2/2025,"Peru: Organic La Florida, Selva Central",10.55
4/2/2025,"Sumatra: Organic Mandheling, Aceh",11.4
4/2/2025,"Guatemala: Organic Asdecafe SHB, Huehuetenango",8.35
4/2/2025,"El Salvador: Finca La Esperanza, Santa Ana",7.8
4/2/2025,"Timor: Organic Cafe Timor Coop, East Timor",8.6
4/2/2025,"Kenya: Select Plus AA, Kiambu County",10.4
4/2/2025,CBC Blend: Onobeano's Latte,7.9
4/2/2025,"Indonesia: Organic Decaf Bali Hai, Indonesia Blend",9.35
4/2/2025,"Guatemala: Finca Vallure, Huehuetenango",9.05
4/2/2025,"Sulawesi:Toraja Sapan Minanga, Tana Toraja",9.15
4/2/2025,"Timor: Organic Heritage Reserve FTO, East Timor",10.75
4/2/2025,"Dominican Republic: Organic Ramirez Red Honey, Jarabacoa",9.75
4/2/2025,"Dominican Republic: Organic Ramirez Washed, Jarabacoa",8.95
4/2/2025,Rwanda: Organic Hingakawa Women’s Co-op FTO,8.25
4/2/2025,CBC Blend: Four Horseman,7.9
4/2/2025,"Papua New Guinea: Organic Purosa A/X, Eastern Highlands",10
4/2/2025,"Peru: Organic Finca La Esperanza G1, San Martin",9.45
4/2/2025,"Uganda: Mt Elgon A, Bugisu",9.3
4/2/2025,"Honduras: Organic 18 Rabbit Black, Marcala",9.7
4/2/2025,"India: Mysore Nuggets, Chikmagalur District",9.15
4/2/2025,"Ethiopia: Longberry, Harrar",8.5
4/2/2025,Costa Rica: Decaf El Indio SWP,9.5
4/2/2025,"Mexico: Turquesa HG, Chiapas",9.85
4/2/2025,"India: Monsooned Malabar AA, Karnataka",10.4
4/2/2025,"Sulawesi: Kalossi, Tana Toraja",10.15
4/2/2025,"Java: Blawan Estate, East Java",10.95
4/2/2025,Brazil Daterra Summer Solstice,8.55
4/2/2025,"Yemen: Northern Crown Khulani, Sa'adah Governorate",18
4/2/2025,"Panama: Finca La Santa SHB EP, Boquete",9.55
4/2/2025,"Guatemala: HHT SHB, Huehuetenango",9.05
4/2/2025,"Brazil: Decaf Mogiana, Sul de Minas",10.6
4/2/2025,"Honduras: Kingdom Growers SHG, Montecillos",9.55
4/2/2025,"Nicaragua: Las Segovias Coop SHG, San Juan del Rio Coco",9.05
4/2/2025,"Sumatra: Organic Decaf Mandheling, Aceh",12.5
4/2/2025,"Papua New Guinea: Arokara AA, Eastern Highlands",7.9
4/2/2025,CBC Blend: Organic Big Black,9.15
4/2/2025,"Java: Organic Taman Dadar, Kayumas",10.35
4/2/2025,"Brazil: Pearl Bourbon Peaberry, Daterra Estate",9.55
4/2/2025,"Dominican Republic: Ramirez Natural, Jarabacoa",9.6
4/2/2025,CBC Blend: Kope Kapuna,7.9
4/2/2025,"Colombia: Decaf EA, Cauca",10.4
4/2/2025,"Ethiopia: Shantawene Abore G1, Sidamo",9.5
4/2/2025,"Bolivia: Apolo, La Paz Department",9.6
4/2/2025,"Uganda: Kaweri Robusta, Mubende",8.4
4/2/2025,"Papua New Guinea: Mile High A, Eastern Highlands",10.6
4/2/2025,"Multi Origin: Decaf Morning Glory, Multi Origin Blend",10.95
4/2/2025,CBC Blend: Red Sea,9.45
4/2/2025,"Brazil: Organic Fazenda Dutra 14/16, Matas de Minas",11.15
4/2/2025,"Mexico: Rancho San Francisco, Chiapas",8.4
4/2/2025,"Haiti: Blue Pine, Central Plateau",10.75
4/2/2025,"Guatemala: La Flor Del Cafe Peaberry, Antigua",8.35
4/2/2025,"Peru: Organic Decaf Sol Y Cafe, Cajamarca",11.35
4/2/2025,"Guatemala: Robusta, Chimaltenango",7.8
4/2/2025,"Haiti: Savanne Zombie, Central Plateau",10.8
4/2/2025,CBC Blend: Organic Kope Kapuna,9.15
4/2/2025,"Honduras: Organic 18 Rabbit Natural, Marcala",10.65
4/2/2025,"Kenya: Peaberry Plus 15/16, Kirinyaga County",10.3
4/2/2025,"Ethiopia: Decaf Sidamo Natural, Sidamo",10.6
4/2/2025,"Haiti: Marre Blanc, Central Plateau",12
4/2/2025,Seasoning Beans,5.95
4/2/2025,"Ethiopia: Kembata G1, Durame Village",8.7
4/2/2025,"Colombia: Pink Bourbon, Huila",10.05
4/2/2025,"Brazil: Sweet Yellow, Daterra Estate",9.35
4/2/2025,"Timor: Organic Decaf Cafe Timor Coop, East Timor",11.25
4/2/2025,"Honduras: Organic 18 Rabbit Yellow, Marcala",10.65
4/2/2025,"Brazil: Fazenda Bela Vista, Sul de Minas",8.55
4/2/2025,"Sumatra: Tiger, Lintong",11.4
4/2/2025,"Honduras: Organic 18 Rabbit Red, Marcala",10.65
4/2/2025,"Hawaii: Kona Purple Mountain, Honaunau District",44.75
4/2/2025,"Guatemala: Dulce Leonarda Estate HHT, Huehuetenango",10.35
4/2/2025,"Sumatra: Raja Batak Peaberry, Lintong",8.01
4/2/2025,"Jamaica: Blue Mountain, Clydesdale",43.95
4/2/2025,"Costa Rica: Organic La Amistad, Coto Brus",10.7
4/2/2025,"Sumatra: Mutu Batak, Lintong",8.45
4/2/2025,CBC Blend: High Octane Blend,9.15
4/2/2025,"Costa Rica: Finca El Melico Geisha, La Pena",27.95
4/2/2025,"Rwanda: Kawa Yacu Women's Co-Op, Karongi District",9.75
4/2/2025,"Yemen: Mocca Peaberry, Sana'a Governorate",18
4/2/2025,"Bolivia: Organic Caranavi FTO, La Paz Department",9.25
4/2/2025,"Burundi: Bavyeyi, Ngozi",9.7
4/2/2025,"Burundi: Hafi, Muyinga",9.7
4/2/2025,"Ethiopia: Adame Gorbota G1, Yirgacheffe",9.25
4/2/2025,"Ethiopia: Organic Shantawene G1, Sidamo",9.65
4/2/2025,"Ethiopia: Organic Zelelu Ararso G1, Yirgacheffe",9.85
4/2/2025,"Hawaii: Kona Peaberry, Mauka Honaunau District",47.15
4/2/2025,"Kenya: Organic Muiri Estate, Kiambu County",9.75
4/2/2025,"Panama: Janson Farms Geisha, Volcan High Lands",34.85
4/2/2025,"Papua New Guinea: Organic Decaf Purosa A/X, Eastern Highlands",10.75
4/2/2025,"Vietnam: Robusta Honey, Central Highlands",7.05
4/2/2025,"Yemen: Mocca Mattari, Sana’a Governorate",15.6
4/3/2025,"Costa Rica: La Minita Estate, Tarrazu",9.5
4/3/2025,"Guatemala: Finca Santa Margarita, Acatenango",8
4/3/2025,"Ethiopia: Misty Valley, Yirgacheffe",10.25
4/3/2025,"Colombia: Organic Sierra Nevada FTO, Santa Marta",8.8
4/3/2025,"Costa Rica: La Magnolia, Tres Rios",7.6
4/3/2025,"Mexico: La Laja Honey, Tlaltetela, Veracruz",7.4
4/3/2025,"Ethiopia: Organic Limu G2, Oromia",8.3
4/3/2025,"Colombia: Supremo EP, Huila",7.85
4/3/2025,"Colombia: Reserva Del Patron, Narino",7.85
4/3/2025,"Colombia: El Gato Supremo, Bucaramanga",8.95
4/3/2025,"Tanzania: Peaberry, Kilimanjaro",9.4
4/3/2025,"Brazil: Cerrado 17/18, Minas Gerais",7.3
4/3/2025,"Brazil: Oberon, Cerrado",9.5
4/3/2025,"Brazil: Sweet Blue, Daterra Estate",9.65
4/3/2025,CBC Blend: Ferdelance,7.9
4/3/2025,"Bali: Organic Blue Moon, Kintamani Highlands",11.25
4/3/2025,"Ethiopia: Organic Konga G2, Yirgacheffe",9.65
4/3/2025,"Haiti: Organic Haitian Blue, Norde",12.56
4/3/2025,"Mexico: Organic Cepco Oaxaca, Oaxaca",10.25
4/3/2025,"Sumatra: Mandheling G1, Aceh",10.15
4/3/2025,"Costa Rica: La Gladiola, Tarrazu",7.7
4/3/2025,"Ethiopia: Organic Buku Sayisa Gr1, Guji",9.85
4/3/2025,"Guatemala: La Flor Del Cafe, Antigua",8.45
4/3/2025,India: Cherry Robusta,7.4
4/3/2025,"Honduras: Organic 18 Rabbit Washed, Marcala",9.25
4/3/2025,CBC Blend: True Mocca Java,10.75
4/3/2025,"Mexico: Organic Mocabe HG, Chiapas",10.25
4/3/2025,"Brazil: CHC Reserve Espresso, Daterra Estate",8.65
4/3/2025,"Bali: Organic Kintamani, Kintamani Highlands",10.65
4/3/2025,"Ethiopia: Queen City, Harrar",9.95
4/3/2025,"Ethiopia: Durato Bombe, Sidamo",9.65
4/3/2025,"Costa Rica: El Conquistador, Tarrazu",8.15
4/3/2025,"Uganda: Organic Bugisu, Sipi Falls",10.1
4/3/2025,"Peru: Organic La Florida, Selva Central",10.55
4/3/2025,"Sumatra: Organic Mandheling, Aceh",11.4
4/3/2025,"Guatemala: Organic Asdecafe SHB, Huehuetenango",8.35
4/3/2025,"Kenya: Select Plus AA, Kiambu County",10.4
4/3/2025,"El Salvador: Finca La Esperanza, Santa Ana",7.8
4/3/2025,"Timor: Organic Cafe Timor Coop, East Timor",8.6
4/3/2025,CBC Blend: Onobeano's Latte,7.9
4/3/2025,"Indonesia: Organic Decaf Bali Hai, Indonesia Blend",9.35
4/3/2025,"Timor: Organic Heritage Reserve FTO, East Timor",10.75
4/3/2025,"Sulawesi:Toraja Sapan Minanga, Tana Toraja",9.15
4/3/2025,"Guatemala: Finca Vallure, Huehuetenango",9.05
4/3/2025,"Dominican Republic: Organic Ramirez Red Honey, Jarabacoa",9.75
4/3/2025,"Dominican Republic: Organic Ramirez Washed, Jarabacoa",8.95
4/3/2025,Rwanda: Organic Hingakawa Women’s Co-op FTO,8.25
4/3/2025,CBC Blend: Four Horseman,7.9
4/3/2025,"Papua New Guinea: Organic Purosa A/X, Eastern Highlands",10
4/3/2025,"Peru: Organic Finca La Esperanza G1, San Martin",9.45
4/3/2025,"Uganda: Mt Elgon A, Bugisu",9.3
4/3/2025,"Ethiopia: Longberry, Harrar",8.5
4/3/2025,"India: Mysore Nuggets, Chikmagalur District",9.15
4/3/2025,"India: Monsooned Malabar AA, Karnataka",10.4
4/3/2025,Costa Rica: Decaf El Indio SWP,11.5
4/3/2025,"Honduras: Organic 18 Rabbit Black, Marcala",9.7
4/3/2025,"Mexico: Turquesa HG, Chiapas",9.85
4/3/2025,"Sulawesi: Kalossi, Tana Toraja",10.15
4/3/2025,"Java: Blawan Estate, East Java",10.95
4/3/2025,Brazil Daterra Summer Solstice,8.55
4/3/2025,"Yemen: Northern Crown Khulani, Sa'adah Governorate",18
4/3/2025,"Panama: Finca La Santa SHB EP, Boquete",9.55
4/3/2025,"Guatemala: HHT SHB, Huehuetenango",9.05
4/3/2025,"Brazil: Decaf Mogiana, Sul de Minas",10.6
4/3/2025,"Honduras: Kingdom Growers SHG, Montecillos",9.55
4/3/2025,"Nicaragua: Las Segovias Coop SHG, San Juan del Rio Coco",9.05
4/3/2025,"Sumatra: Organic Decaf Mandheling, Aceh",12.5
4/3/2025,"Papua New Guinea: Arokara AA, Eastern Highlands",7.9
4/3/2025,"Java: Organic Taman Dadar, Kayumas",10.35
4/3/2025,"Brazil: Pearl Bourbon Peaberry, Daterra Estate",9.55
4/3/2025,CBC Blend: Organic Big Black,9.15
4/3/2025,CBC Blend: Kope Kapuna,7.9
4/3/2025,"Dominican Republic: Ramirez Natural, Jarabacoa",9.6
4/3/2025,"Colombia: Decaf EA, Cauca",10.4
4/3/2025,"Bolivia: Apolo, La Paz Department",9.6
4/3/2025,"Papua New Guinea: Mile High A, Eastern Highlands",10.6
4/3/2025,"Uganda: Kaweri Robusta, Mubende",8.4
4/3/2025,"Ethiopia: Shantawene Abore G1, Sidamo",9.5
4/3/2025,"Multi Origin: Decaf Morning Glory, Multi Origin Blend",10.95
4/3/2025,CBC Blend: Red Sea,9.45
4/3/2025,"Haiti: Blue Pine, Central Plateau",10.75
4/3/2025,"Mexico: Rancho San Francisco, Chiapas",8.4
4/3/2025,"Peru: Organic Decaf Sol Y Cafe, Cajamarca",11.35
4/3/2025,"Guatemala: La Flor Del Cafe Peaberry, Antigua",8.35
4/3/2025,"Brazil: Organic Fazenda Dutra 14/16, Matas de Minas",11.15
4/3/2025,"Guatemala: Robusta, Chimaltenango",7.8
4/3/2025,"Haiti: Savanne Zombie, Central Plateau",10.95
4/3/2025,CBC Blend: Organic Kope Kapuna,9.15
4/3/2025,"Ethiopia: Decaf Sidamo Natural, Sidamo",10.6
4/3/2025,"Colombia: Pink Bourbon, Huila",10.05
4/3/2025,"Haiti: Marre Blanc, Central Plateau",12
4/3/2025,"Kenya: Peaberry Plus 15/16, Kirinyaga County",10.3
4/3/2025,"Honduras: Organic 18 Rabbit Natural, Marcala",10.65
4/3/2025,Seasoning Beans,5.95
4/3/2025,"Ethiopia: Kembata G1, Durame Village",8.7
4/3/2025,"Brazil: Sweet Yellow, Daterra Estate",9.35
4/3/2025,"Timor: Organic Decaf Cafe Timor Coop, East Timor",11.25
4/3/2025,"Honduras: Organic 18 Rabbit Yellow, Marcala",10.65
4/3/2025,"Brazil: Fazenda Bela Vista, Sul de Minas",8.55
4/3/2025,"Sumatra: Tiger, Lintong",11.4
4/3/2025,CBC Blend: Highland,7.9
4/3/2025,"Honduras: Organic 18 Rabbit Red, Marcala",10.65
4/3/2025,"Sumatra: Raja Batak Peaberry, Lintong",8.01
4/3/2025,"Hawaii: Kona Purple Mountain, Honaunau District",44.75
4/3/2025,"Guatemala: Dulce Leonarda Estate HHT, Huehuetenango",10.35
4/3/2025,"Sumatra: Mutu Batak, Lintong",9.05
4/3/2025,"Jamaica: Blue Mountain, Clydesdale",43.95
4/3/2025,"Costa Rica: Organic La Amistad, Coto Brus",10.7
4/3/2025,"Rwanda: Kawa Yacu Women's Co-Op, Karongi District",9.75
4/3/2025,CBC Blend: High Octane Robusta Blend,9.15
4/3/2025,"Costa Rica: Finca El Melico Geisha, La Pena",27.95
4/3/2025,"Yemen: Mocca Peaberry, Sana'a Governorate",18
4/3/2025,"Bolivia: Organic Caranavi FTO, La Paz Department",9.25
4/3/2025,"Burundi: Bavyeyi, Ngozi",9.7
4/3/2025,"Burundi: Hafi, Muyinga",9.7
4/3/2025,"Ethiopia: Adame Gorbota G1, Yirgacheffe",9.25
4/3/2025,"Ethiopia: Organic Shantawene G1, Sidamo",9.65
4/3/2025,"Ethiopia: Organic Zelelu Ararso G1, Yirgacheffe",9.85
4/3/2025,"Hawaii: Kona Peaberry, Mauka Honaunau District",47.15
4/3/2025,"Kenya: Organic Muiri Estate, Kiambu County",9.75
4/3/2025,"Panama: Janson Farms Geisha, Volcan High Lands",34.85
4/3/2025,"Papua New Guinea: Organic Decaf Purosa A/X, Eastern Highlands",10.75
4/3/2025,"Vietnam: Robusta Honey, Central Highlands",7.05
4/3/2025,"Yemen: Mocca Mattari, Sana’a Governorate",15.6
4/4/2025,"Costa Rica: La Minita Estate, Tarrazu",9.5
4/4/2025,"Guatemala: Finca Santa Margarita, Acatenango",8
4/4/2025,"Ethiopia: Misty Valley, Yirgacheffe",10.25
4/4/2025,"Colombia: Organic Sierra Nevada FTO, Santa Marta",8.8
4/4/2025,"Costa Rica: La Magnolia, Tres Rios",7.6
4/4/2025,"Mexico: La Laja Honey, Tlaltetela, Veracruz",7.4
4/4/2025,"Ethiopia: Organic Limu G2, Oromia",8.3
4/4/2025,"Colombia: Supremo EP, Huila",7.85
4/4/2025,"Colombia: Reserva Del Patron, Narino",7.85
4/4/2025,"Colombia: El Gato Supremo, Bucaramanga",8.95
4/4/2025,"Tanzania: Peaberry, Kilimanjaro",9.4
4/4/2025,"Brazil: Cerrado 17/18, Minas Gerais",7.3
4/4/2025,"Brazil: Oberon, Cerrado",9.5
4/4/2025,"Brazil: Sweet Blue, Daterra Estate",9.65
4/4/2025,CBC Blend: Ferdelance,7.9
4/4/2025,"Bali: Organic Blue Moon, Kintamani Highlands",11.25
4/4/2025,"Ethiopia: Organic Konga G2, Yirgacheffe",9.65
4/4/2025,"Haiti: Organic Haitian Blue, Norde",12.56
4/4/2025,"Mexico: Organic Cepco Oaxaca, Oaxaca",10.25
4/4/2025,"Sumatra: Mandheling G1, Aceh",10.15
4/4/2025,"Costa Rica: La Gladiola, Tarrazu",7.7
4/4/2025,"Ethiopia: Organic Buku Sayisa Gr1, Guji",9.85
4/4/2025,"Guatemala: La Flor Del Cafe, Antigua",8.45
4/4/2025,India: Cherry Robusta,7.4
4/4/2025,"Honduras: Organic 18 Rabbit Washed, Marcala",9.25
4/4/2025,CBC Blend: True Mocca Java,10.75
4/4/2025,"Mexico: Organic Mocabe HG, Chiapas",10.25
4/4/2025,"Brazil: CHC Reserve Espresso, Daterra Estate",8.65
4/4/2025,"Bali: Organic Kintamani, Kintamani Highlands",10.65
4/4/2025,"Ethiopia: Queen City, Harrar",9.95
4/4/2025,"Ethiopia: Durato Bombe, Sidamo",9.65
4/4/2025,"Costa Rica: El Conquistador, Tarrazu",8.15
4/4/2025,"Uganda: Organic Bugisu, Sipi Falls",10.1
4/4/2025,"Peru: Organic La Florida, Selva Central",10.55
4/4/2025,"Sumatra: Organic Mandheling, Aceh",11.4
4/4/2025,"Guatemala: Organic Asdecafe SHB, Huehuetenango",8.35
4/4/2025,"Kenya: Select Plus AA, Kiambu County",10.4
4/4/2025,"El Salvador: Finca La Esperanza, Santa Ana",7.8
4/4/2025,"Timor: Organic Cafe Timor Coop, East Timor",8.6
4/4/2025,CBC Blend: Onobeano's Latte,7.9
4/4/2025,"Indonesia: Organic Decaf Bali Hai, Indonesia Blend",9.35
4/4/2025,"Timor: Organic Heritage Reserve FTO, East Timor",10.75
4/4/2025,"Sulawesi:Toraja Sapan Minanga, Tana Toraja",9.15
4/4/2025,"Guatemala: Finca Vallure, Huehuetenango",9.05
4/4/2025,"Dominican Republic: Organic Ramirez Red Honey, Jarabacoa",9.75
4/4/2025,"Dominican Republic: Organic Ramirez Washed, Jarabacoa",8.95
4/4/2025,Rwanda: Organic Hingakawa Women’s Co-op FTO,8.25
4/4/2025,CBC Blend: Four Horseman,7.9
4/4/2025,"Papua New Guinea: Organic Purosa A/X, Eastern Highlands",10
4/4/2025,"Peru: Organic Finca La Esperanza G1, San Martin",9.45
4/4/2025,"Uganda: Mt Elgon A, Bugisu",9.3
4/4/2025,"Ethiopia: Longberry, Harrar",8.5
4/4/2025,"India: Mysore Nuggets, Chikmagalur District",9.15
4/4/2025,"India: Monsooned Malabar AA, Karnataka",10.4
4/4/2025,Costa Rica: Decaf El Indio SWP,11.5
4/4/2025,"Honduras: Organic 18 Rabbit Black, Marcala",9.7
4/4/2025,"Mexico: Turquesa HG, Chiapas",9.85
4/4/2025,"Sulawesi: Kalossi, Tana Toraja",10.15
4/4/2025,"Java: Blawan Estate, East Java",10.95
4/4/2025,Brazil Daterra Summer Solstice,8.55
4/4/2025,"Yemen: Northern Crown Khulani, Sa'adah Governorate",18
4/4/2025,"Panama: Finca La Santa SHB EP, Boquete",9.55
4/4/2025,"Guatemala: HHT SHB, Huehuetenango",9.05
4/4/2025,"Brazil: Decaf Mogiana, Sul de Minas",10.6
4/4/2025,"Honduras: Kingdom Growers SHG, Montecillos",9.55
4/4/2025,"Nicaragua: Las Segovias Coop SHG, San Juan del Rio Coco",9.05
4/4/2025,"Sumatra: Organic Decaf Mandheling, Aceh",12.5
4/4/2025,"Papua New Guinea: Arokara AA, Eastern Highlands",7.9
4/4/2025,"Java: Organic Taman Dadar, Kayumas",10.35
4/4/2025,"Brazil: Pearl Bourbon Peaberry, Daterra Estate",9.55
4/4/2025,CBC Blend: Organic Big Black,9.15
4/4/2025,CBC Blend: Kope Kapuna,7.9
4/4/2025,"Dominican Republic: Ramirez Natural, Jarabacoa",9.6
4/4/2025,"Colombia: Decaf EA, Cauca",10.4
4/4/2025,"Bolivia: Apolo, La Paz Department",9.6
4/4/2025,"Papua New Guinea: Mile High A, Eastern Highlands",10.6
4/4/2025,"Uganda: Kaweri Robusta, Mubende",8.4
4/4/2025,"Ethiopia: Shantawene Abore G1, Sidamo",9.5
4/4/2025,"Multi Origin: Decaf Morning Glory, Multi Origin Blend",10.95
4/4/2025,CBC Blend: Red Sea,9.45
4/4/2025,"Haiti: Blue Pine, Central Plateau",10.75
4/4/2025,"Mexico: Rancho San Francisco, Chiapas",8.4
4/4/2025,"Peru: Organic Decaf Sol Y Cafe, Cajamarca",11.35
4/4/2025,"Guatemala: La Flor Del Cafe Peaberry, Antigua",8.35
4/4/2025,"Brazil: Organic Fazenda Dutra 14/16, Matas de Minas",11.15
4/4/2025,"Guatemala: Robusta, Chimaltenango",7.8
4/4/2025,"Haiti: Savanne Zombie, Central Plateau",10.95
4/4/2025,CBC Blend: Organic Kope Kapuna,9.15
4/4/2025,"Ethiopia: Decaf Sidamo Natural, Sidamo",10.6
4/4/2025,"Colombia: Pink Bourbon, Huila",10.05
4/4/2025,"Haiti: Marre Blanc, Central Plateau",12
4/4/2025,"Kenya: Peaberry Plus 15/16, Kirinyaga County",10.3
4/4/2025,"Honduras: Organic 18 Rabbit Natural, Marcala",10.65
4/4/2025,Seasoning Beans,5.95
4/4/2025,"Ethiopia: Kembata G1, Durame Village",8.7
4/4/2025,"Brazil: Sweet Yellow, Daterra Estate",9.35
4/4/2025,"Timor: Organic Decaf Cafe Timor Coop, East Timor",11.25
4/4/2025,"Honduras: Organic 18 Rabbit Yellow, Marcala",10.65
4/4/2025,"Brazil: Fazenda Bela Vista, Sul de Minas",8.55
4/4/2025,"Sumatra: Tiger, Lintong",11.4
4/4/2025,CBC Blend: Highland,7.9
4/4/2025,"Honduras: Organic 18 Rabbit Red, Marcala",10.65
4/4/2025,"Sumatra: Raja Batak Peaberry, Lintong",8.01
4/4/2025,"Hawaii: Kona Purple Mountain, Honaunau District",44.75
4/4/2025,"Guatemala: Dulce Leonarda Estate HHT, Huehuetenango",10.35
4/4/2025,"Sumatra: Mutu Batak, Lintong",9.05
4/4/2025,"Jamaica: Blue Mountain, Clydesdale",43.95
4/4/2025,"Costa Rica: Organic La Amistad, Coto Brus",10.7
4/4/2025,"Rwanda: Kawa Yacu Women's Co-Op, Karongi District",9.75
4/4/2025,CBC Blend: High Octane Robusta Blend,9.15
4/4/2025,"Costa Rica: Finca El Melico Geisha, La Pena",27.95
4/4/2025,"Yemen: Mocca Peaberry, Sana'a Governorate",18
4/4/2025,"Bolivia: Organic Caranavi FTO, La Paz Department",9.25
4/4/2025,"Burundi: Bavyeyi, Ngozi",9.7
4/4/2025,"Burundi: Hafi, Muyinga",9.7
4/4/2025,"Ethiopia: Adame Gorbota G1, Yirgacheffe",9.25
4/4/2025,"Ethiopia: Organic Shantawene G1, Sidamo",9.65
4/4/2025,"Ethiopia: Organic Zelelu Ararso G1, Yirgacheffe",9.85
4/4/2025,"Hawaii: Kona Peaberry, Mauka Honaunau District",47.15
4/4/2025,"Kenya: Organic Muiri Estate, Kiambu County",9.75
4/4/2025,"Panama: Janson Farms Geisha, Volcan High Lands",34.85
4/4/2025,"Papua New Guinea: Organic Decaf Purosa A/X, Eastern Highlands",10.75
4/4/2025,"Vietnam: Robusta Honey, Central Highlands",7.05
4/4/2025,"Yemen: Mocca Mattari, Sana’a Governorate",15.6
4/6/2025,"Costa Rica: La Minita Estate, Tarrazu",9.5
4/6/2025,"Guatemala: Finca Santa Margarita, Acatenango",8
4/6/2025,"Ethiopia: Misty Valley, Yirgacheffe",10.25
4/6/2025,"Colombia: Organic Sierra Nevada FTO, Santa Marta",8.8
4/6/2025,"Mexico: La Laja Honey, Tlaltetela, Veracruz",7.4
4/6/2025,"Costa Rica: La Magnolia, Tres Rios",7.6
4/6/2025,"Colombia: El Gato Supremo, Bucaramanga",8.95
4/6/2025,"Ethiopia: Organic Limu G2, Oromia",8.3
4/6/2025,"Colombia: Reserva Del Patron, Narino",7.85
4/6/2025,"Colombia: Supremo EP, Huila",7.85
4/6/2025,"Tanzania: Peaberry, Kilimanjaro",9.4
4/6/2025,"Brazil: Cerrado 17/18, Minas Gerais",7.3
4/6/2025,"Brazil: Oberon, Cerrado",9.5
4/6/2025,"Brazil: Sweet Blue, Daterra Estate",9.65
4/6/2025,CBC Blend: Ferdelance,7.9
4/6/2025,"Ethiopia: Organic Konga G2, Yirgacheffe",9.65
4/6/2025,"Bali: Organic Blue Moon, Kintamani Highlands",11.25
4/6/2025,"Haiti: Organic Haitian Blue, Norde",12.56
4/6/2025,"Mexico: Organic Cepco Oaxaca, Oaxaca",10.25
4/6/2025,"Costa Rica: La Gladiola, Tarrazu",7.7
4/6/2025,"Sumatra: Mandheling G1, Aceh",10.15
4/6/2025,"Ethiopia: Organic Buku Sayisa Gr1, Guji",9.85
4/6/2025,"Guatemala: La Flor Del Cafe, Antigua",8.45
4/6/2025,"Brazil: CHC Reserve Espresso, Daterra Estate",8.65
4/6/2025,India: Cherry Robusta,7.4
4/6/2025,"Mexico: Organic Mocabe HG, Chiapas",10.25
4/6/2025,CBC Blend: True Mocca Java,10.75
4/6/2025,"Ethiopia: Queen City, Harrar",9.95
4/6/2025,"Honduras: Organic 18 Rabbit Washed, Marcala",9.25
4/6/2025,"El Salvador: Finca La Esperanza, Santa Ana",7.8
4/6/2025,"Bali: Organic Kintamani, Kintamani Highlands",10.65
4/6/2025,"Ethiopia: Durato Bombe, Sidamo",9.65
4/6/2025,"Peru: Organic La Florida, Selva Central",10.55
4/6/2025,"Uganda: Organic Bugisu, Sipi Falls",10.1
4/6/2025,"Kenya: Select Plus AA, Kiambu County",10.4
4/6/2025,"Indonesia: Organic Decaf Bali Hai, Indonesia Blend",9.35
4/6/2025,"Sumatra: Organic Mandheling, Aceh",11.4
4/6/2025,CBC Blend: Onobeano's Latte,7.9
4/6/2025,"Costa Rica: El Conquistador, Tarrazu",8.15
4/6/2025,"Timor: Organic Cafe Timor Coop, East Timor",8.6
4/6/2025,"Timor: Organic Heritage Reserve FTO, East Timor",10.75
4/6/2025,"Guatemala: Organic Asdecafe SHB, Huehuetenango",8.35
4/6/2025,"Dominican Republic: Organic Ramirez Red Honey, Jarabacoa",9.75
4/6/2025,"Guatemala: Finca Vallure, Huehuetenango",9.05
4/6/2025,"Sulawesi:Toraja Sapan Minanga, Tana Toraja",9.15
4/6/2025,"Dominican Republic: Organic Ramirez Washed, Jarabacoa",8.95
4/6/2025,Rwanda: Organic Hingakawa Women’s Co-op FTO,8.25
4/6/2025,CBC Blend: Four Horseman,7.9
4/6/2025,"Uganda: Mt Elgon A, Bugisu",9.3
4/6/2025,"India: Monsooned Malabar AA, Karnataka",10.4
4/6/2025,"Peru: Organic Finca La Esperanza G1, San Martin",9.45
4/6/2025,Costa Rica: Decaf El Indio SWP,11.5
4/6/2025,"Ethiopia: Longberry, Harrar",8.5
4/6/2025,"India: Mysore Nuggets, Chikmagalur District",9.15
4/6/2025,"Papua New Guinea: Organic Purosa A/X, Eastern Highlands",10
4/6/2025,"Honduras: Organic 18 Rabbit Black, Marcala",9.7
4/6/2025,"Mexico: Turquesa HG, Chiapas",9.85
4/6/2025,"Sulawesi: Kalossi, Tana Toraja",10.15
4/6/2025,Brazil Daterra Summer Solstice,8.55
4/6/2025,"Yemen: Northern Crown Khulani, Sa'adah Governorate",18
4/6/2025,"Java: Blawan Estate, East Java",10.95
4/6/2025,"Brazil: Decaf Mogiana, Sul de Minas",10.6
4/6/2025,"Guatemala: HHT SHB, Huehuetenango",9.05
4/6/2025,"Panama: Finca La Santa SHB EP, Boquete",9.55
4/6/2025,"Honduras: Kingdom Growers SHG, Montecillos",9.55
4/6/2025,"Brazil: Pearl Bourbon Peaberry, Daterra Estate",9.55
4/6/2025,"Nicaragua: Las Segovias Coop SHG, San Juan del Rio Coco",9.05
4/6/2025,"Sumatra: Organic Decaf Mandheling, Aceh",12.5
4/6/2025,"Java: Organic Taman Dadar, Kayumas",10.35
4/6/2025,CBC Blend: Kope Kapuna,7.9
4/6/2025,"Colombia: Decaf EA, Cauca",10.4
4/6/2025,"Papua New Guinea: Arokara AA, Eastern Highlands",7.9
4/6/2025,CBC Blend: Organic Big Black,9.15
4/6/2025,"Mexico: Rancho San Francisco, Chiapas",8.4
4/6/2025,"Dominican Republic: Ramirez Natural, Jarabacoa",9.6
4/6/2025,"Guatemala: La Flor Del Cafe Peaberry, Antigua",8.35
4/6/2025,"Uganda: Kaweri Robusta, Mubende",8.4
4/6/2025,"Ethiopia: Shantawene Abore G1, Sidamo",9.5
4/6/2025,"Peru: Organic Decaf Sol Y Cafe, Cajamarca",11.35
4/6/2025,"Bolivia: Apolo, La Paz Department",9.6
4/6/2025,"Papua New Guinea: Mile High A, Eastern Highlands",10.6
4/6/2025,CBC Blend: Red Sea,9.45
4/6/2025,"Haiti: Blue Pine, Central Plateau",10.75
4/6/2025,"Brazil: Organic Fazenda Dutra 14/16, Matas de Minas",11.15
4/6/2025,"Multi Origin: Decaf Morning Glory, Multi Origin Blend",10.95
4/6/2025,"Haiti: Savanne Zombie, Central Plateau",10.95
4/6/2025,"Colombia: Pink Bourbon, Huila",10.05
4/6/2025,"Guatemala: Robusta, Chimaltenango",7.8
4/6/2025,"Ethiopia: Decaf Sidamo Natural, Sidamo",10.6
4/6/2025,CBC Blend: Organic Kope Kapuna,9.15
4/6/2025,"Haiti: Marre Blanc, Central Plateau",12
4/6/2025,"Kenya: Peaberry Plus 15/16, Kirinyaga County",10.3
4/6/2025,"Sumatra: Raja Batak Peaberry, Lintong",8.01
4/6/2025,Seasoning Beans,5.95
4/6/2025,"Brazil: Sweet Yellow, Daterra Estate",9.35
4/6/2025,"Timor: Organic Decaf Cafe Timor Coop, East Timor",11.25
4/6/2025,"Honduras: Organic 18 Rabbit Natural, Marcala",10.65
4/6/2025,"Brazil: Fazenda Bela Vista, Sul de Minas",8.55
4/6/2025,CBC Blend: Highland,7.9
4/6/2025,"Honduras: Organic 18 Rabbit Yellow, Marcala",10.65
4/6/2025,"Honduras: Organic 18 Rabbit Red, Marcala",10.65
4/6/2025,"Ethiopia: Kembata G1, Durame Village",8.7
4/6/2025,"Sumatra: Tiger, Lintong",11.4
4/6/2025,"Hawaii: Kona Purple Mountain, Honaunau District",44.75
4/6/2025,"Sumatra: Mutu Batak, Lintong",9.05
4/6/2025,"Costa Rica: Organic La Amistad, Coto Brus",10.7
4/6/2025,"Guatemala: Dulce Leonarda Estate HHT, Huehuetenango",10.35
4/6/2025,"Jamaica: Blue Mountain, Clydesdale",43.95
4/6/2025,"Rwanda: Kawa Yacu Women's Co-Op, Karongi District",9.75
4/6/2025,CBC Blend: High Octane Robusta Blend,9.15
4/6/2025,"Yemen: Mocca Peaberry, Sana'a Governorate",18
4/6/2025,"Costa Rica: Finca El Melico Geisha, La Pena",27.95
4/6/2025,"Bolivia: Organic Caranavi FTO, La Paz Department",9.25
4/6/2025,"Burundi: Bavyeyi, Ngozi",9.7
4/6/2025,"Burundi: Hafi, Muyinga",9.7
4/6/2025,"Ethiopia: Adame Gorbota G1, Yirgacheffe",9.25
4/6/2025,"Ethiopia: Organic Shantawene G1, Sidamo",9.65
4/6/2025,"Ethiopia: Organic Zelelu Ararso G1, Yirgacheffe",9.85
4/6/2025,"Hawaii: Kona Peaberry, Mauka Honaunau District",47.15
4/6/2025,"Kenya: Organic Muiri Estate, Kiambu County",9.75
4/6/2025,"Panama: Janson Farms Geisha, Volcan High Lands",34.85
4/6/2025,"Papua New Guinea: Organic Decaf Purosa A/X, Eastern Highlands",10.75
4/6/2025,"Vietnam: Robusta Honey, Central Highlands",7.05
4/6/2025,"Yemen: Mocca Mattari, Sana’a Governorate",15.6
4/7/2025,"Guatemala: Finca Santa Margarita, Acatenango",8
4/7/2025,"Costa Rica: La Minita Estate, Tarrazu",9.5
4/7/2025,"Ethiopia: Misty Valley, Yirgacheffe",10.25
4/7/2025,"Colombia: Organic Sierra Nevada FTO, Santa Marta",10.3
4/7/2025,"Mexico: La Laja Honey, Tlaltetela, Veracruz",5.65
4/7/2025,"Costa Rica: La Magnolia, Tres Rios",7.6
4/7/2025,"Ethiopia: Organic Limu G2, Oromia",8.3
4/7/2025,"Colombia: El Gato Supremo, Bucaramanga",8.95
4/7/2025,"Colombia: Reserva Del Patron, Narino",7.85
4/7/2025,"Colombia: Supremo EP, Huila",7.85
4/7/2025,"Brazil: Cerrado 17/18, Minas Gerais",7.3
4/7/2025,"Tanzania: Peaberry, Kilimanjaro",9.4
4/7/2025,"Brazil: Oberon, Cerrado",9.5
4/7/2025,CBC Blend: Ferdelance,7.9
4/7/2025,"Brazil: Sweet Blue, Daterra Estate",9.65
4/7/2025,"Ethiopia: Organic Konga G2, Yirgacheffe",9.65
4/7/2025,"Haiti: Organic Haitian Blue, Norde",12.56
4/7/2025,"Bali: Organic Blue Moon, Kintamani Highlands",11.25
4/7/2025,"Mexico: Organic Cepco Oaxaca, Oaxaca",10.25
4/7/2025,"Costa Rica: La Gladiola, Tarrazu",7.7
4/7/2025,"Sumatra: Mandheling G1, Aceh",10.15
4/7/2025,"Ethiopia: Organic Buku Sayisa Gr1, Guji",9.85
4/7/2025,"Brazil: CHC Reserve Espresso, Daterra Estate",8.65
4/7/2025,"Guatemala: La Flor Del Cafe, Antigua",8.45
4/7/2025,"Mexico: Organic Mocabe HG, Chiapas",8.25
4/7/2025,India: Cherry Robusta,7.4
4/7/2025,CBC Blend: True Mocca Java,10.75
4/7/2025,"Ethiopia: Queen City, Harrar",9.95
4/7/2025,"Honduras: Organic 18 Rabbit Washed, Marcala",9.25
4/7/2025,"Bali: Organic Kintamani, Kintamani Highlands",10.65
4/7/2025,"Uganda: Organic Bugisu, Sipi Falls",10.1
4/7/2025,"El Salvador: Finca La Esperanza, Santa Ana",7.8
4/7/2025,"Ethiopia: Durato Bombe, Sidamo",9.65
4/7/2025,"Sumatra: Organic Mandheling, Aceh",11.4
4/7/2025,"Peru: Organic La Florida, Selva Central",10.55
4/7/2025,"Kenya: Select Plus AA, Kiambu County",10.4
4/7/2025,"Indonesia: Organic Decaf Bali Hai, Indonesia Blend",9.35
4/7/2025,CBC Blend: Onobeano's Latte,7.9
4/7/2025,"Timor: Organic Heritage Reserve FTO, East Timor",10.75
4/7/2025,"Timor: Organic Cafe Timor Coop, East Timor",8.6
4/7/2025,"Costa Rica: El Conquistador, Tarrazu",8.15
4/7/2025,"Guatemala: Finca Vallure, Huehuetenango",9.05
4/7/2025,"Dominican Republic: Organic Ramirez Red Honey, Jarabacoa",9.75
4/7/2025,"Sulawesi:Toraja Sapan Minanga, Tana Toraja",9.15
4/7/2025,"Dominican Republic: Organic Ramirez Washed, Jarabacoa",8.95
4/7/2025,"Guatemala: Organic Asdecafe SHB, Huehuetenango",8.35
4/7/2025,Rwanda: Organic Hingakawa Women’s Co-op FTO,8.25
4/7/2025,CBC Blend: Four Horseman,7.9
4/7/2025,"Uganda: Mt Elgon A, Bugisu",9.3
4/7/2025,"Peru: Organic Finca La Esperanza G1, San Martin",9.45
4/7/2025,"India: Mysore Nuggets, Chikmagalur District",9.15
4/7/2025,"Ethiopia: Longberry, Harrar",8.5
4/7/2025,"India: Monsooned Malabar AA, Karnataka",10.4
4/7/2025,"Honduras: Organic 18 Rabbit Black, Marcala",9.7
4/7/2025,Costa Rica: Decaf El Indio SWP,11.5
4/7/2025,"Papua New Guinea: Organic Purosa A/X, Eastern Highlands",10
4/7/2025,Brazil Daterra Summer Solstice,8.55
4/7/2025,"Mexico: Turquesa HG, Chiapas",9.85
4/7/2025,"Sulawesi: Kalossi, Tana Toraja",10.15
4/7/2025,"Java: Blawan Estate, East Java",10.95
4/7/2025,"Yemen: Northern Crown Khulani, Sa'adah Governorate",18
4/7/2025,"Brazil: Decaf Mogiana, Sul de Minas",10.6
4/7/2025,"Guatemala: HHT SHB, Huehuetenango",9.05
4/7/2025,"Brazil: Pearl Bourbon Peaberry, Daterra Estate",9.55
4/7/2025,"Panama: Finca La Santa SHB EP, Boquete",9.55
4/7/2025,"Honduras: Kingdom Growers SHG, Montecillos",9.55
4/7/2025,"Sumatra: Organic Decaf Mandheling, Aceh",12.5
4/7/2025,"Nicaragua: Las Segovias Coop SHG, San Juan del Rio Coco",9.05
4/7/2025,"Java: Organic Taman Dadar, Kayumas",10.35
4/7/2025,"Colombia: Decaf EA, Cauca",10.4
4/7/2025,"Mexico: Rancho San Francisco, Chiapas",8.4
4/7/2025,CBC Blend: Organic Big Black,9.15
4/7/2025,CBC Blend: Kope Kapuna,7.9
4/7/2025,"Papua New Guinea: Arokara AA, Eastern Highlands",7.9
4/7/2025,"Dominican Republic: Ramirez Natural, Jarabacoa",9.6
4/7/2025,"Guatemala: La Flor Del Cafe Peaberry, Antigua",8.35
4/7/2025,"Uganda: Kaweri Robusta, Mubende",8.4
4/7/2025,"Ethiopia: Shantawene Abore G1, Sidamo",9.5
4/7/2025,"Peru: Organic Decaf Sol Y Cafe, Cajamarca",11.35
4/7/2025,"Bolivia: Apolo, La Paz Department",9.6
4/7/2025,CBC Blend: Red Sea,9.45
4/7/2025,"Papua New Guinea: Mile High A, Eastern Highlands",10.6
4/7/2025,"Haiti: Blue Pine, Central Plateau",10.75
4/7/2025,"Multi Origin: Decaf Morning Glory, Multi Origin Blend",10.95
4/7/2025,"Brazil: Organic Fazenda Dutra 14/16, Matas de Minas",11.15
4/7/2025,"Colombia: Pink Bourbon, Huila",10.05
4/7/2025,"Haiti: Savanne Zombie, Central Plateau",10.95
4/7/2025,"Ethiopia: Decaf Sidamo Natural, Sidamo",10.6
4/7/2025,"Guatemala: Robusta, Chimaltenango",7.8
4/7/2025,"Sumatra: Raja Batak Peaberry, Lintong",8.01
4/7/2025,"Haiti: Marre Blanc, Central Plateau",12
4/7/2025,"Kenya: Peaberry Plus 15/16, Kirinyaga County",10.3
4/7/2025,CBC Blend: Organic Kope Kapuna,9.15
4/7/2025,"Brazil: Fazenda Bela Vista, Sul de Minas",8.55
4/7/2025,"Timor: Organic Decaf Cafe Timor Coop, East Timor",11.25
4/7/2025,CBC Blend: Highland,7.9
4/7/2025,Seasoning Beans,5.95
4/7/2025,"Brazil: Sweet Yellow, Daterra Estate",9.35
4/7/2025,"Honduras: Organic 18 Rabbit Natural, Marcala",10.65
4/7/2025,"Honduras: Organic 18 Rabbit Red, Marcala",10.65
4/7/2025,"Honduras: Organic 18 Rabbit Yellow, Marcala",10.65
4/7/2025,"Sumatra: Tiger, Lintong",11.4
4/7/2025,"Ethiopia: Kembata G1, Durame Village",8.7
4/7/2025,"Hawaii: Kona Purple Mountain, Honaunau District",44.75
4/7/2025,"Costa Rica: Organic La Amistad, Coto Brus",10.7
4/7/2025,"Sumatra: Mutu Batak, Lintong",9.05
4/7/2025,"Guatemala: Dulce Leonarda Estate HHT, Huehuetenango",10.35
4/7/2025,"Jamaica: Blue Mountain, Clydesdale",43.95
4/7/2025,"Rwanda: Kawa Yacu Women's Co-Op, Karongi District",9.75
4/7/2025,"Yemen: Mocca Peaberry, Sana'a Governorate",18
4/7/2025,CBC Blend: High Octane Robusta Blend,9.15
4/7/2025,"Costa Rica: Finca El Melico Geisha, La Pena",27.95
4/7/2025,"Bolivia: Organic Caranavi FTO, La Paz Department",9.25
4/7/2025,"Burundi: Bavyeyi, Ngozi",9.7
4/7/2025,"Burundi: Hafi, Muyinga",9.7
4/7/2025,"Ethiopia: Adame Gorbota G1, Yirgacheffe",9.25
4/7/2025,"Ethiopia: Organic Shantawene G1, Sidamo",9.65
4/7/2025,"Ethiopia: Organic Zelelu Ararso G1, Yirgacheffe",9.85
4/7/2025,"Hawaii: Kona Peaberry, Mauka Honaunau District",47.15
4/7/2025,"Kenya: Organic Muiri Estate, Kiambu County",9.75
4/7/2025,"Panama: Janson Farms Geisha, Volcan High Lands",34.85
4/7/2025,"Papua New Guinea: Organic Decaf Purosa A/X, Eastern Highlands",10.75
4/7/2025,"Vietnam: Robusta Honey, Central Highlands",7.05
4/7/2025,"Yemen: Mocca Mattari, Sana’a Governorate",15.6
4/8/2025,"Mexico: La Laja Honey, Tlaltetela, Veracruz",7.4
4/8/2025,"Costa Rica: La Minita Estate, Tarrazu",9.5
4/8/2025,"Guatemala: Finca Santa Margarita, Acatenango",8
4/8/2025,"Ethiopia: Misty Valley, Yirgacheffe",10.25
4/8/2025,"Colombia: Organic Sierra Nevada FTO, Santa Marta",10.3
4/8/2025,"Costa Rica: La Magnolia, Tres Rios",7.6
4/8/2025,"Colombia: El Gato Supremo, Bucaramanga",8.95
4/8/2025,"Ethiopia: Organic Limu G2, Oromia",8.3
4/8/2025,"Colombia: Supremo EP, Huila",7.85
4/8/2025,"Colombia: Reserva Del Patron, Narino",7.85
4/8/2025,"Tanzania: Peaberry, Kilimanjaro",9.4
4/8/2025,"Brazil: Cerrado 17/18, Minas Gerais",7.3
4/8/2025,"Brazil: Oberon, Cerrado",9.5
4/8/2025,CBC Blend: Ferdelance,7.9
4/8/2025,"Ethiopia: Organic Konga G2, Yirgacheffe",9.65
4/8/2025,"Brazil: Sweet Blue, Daterra Estate",9.65
4/8/2025,"Haiti: Organic Haitian Blue, Norde",12.56
4/8/2025,"Bali: Organic Blue Moon, Kintamani Highlands",11.25
4/8/2025,"Mexico: Organic Cepco Oaxaca, Oaxaca",10.25
4/8/2025,"Costa Rica: La Gladiola, Tarrazu",7.7
4/8/2025,"Ethiopia: Organic Buku Sayisa Gr1, Guji",9.85
4/8/2025,"Sumatra: Mandheling G1, Aceh",10.15
4/8/2025,"Mexico: Organic Mocabe HG, Chiapas",8.25
4/8/2025,"Brazil: CHC Reserve Espresso, Daterra Estate",8.65
4/8/2025,"Guatemala: La Flor Del Cafe, Antigua",8.45
4/8/2025,CBC Blend: True Mocca Java,10.75
4/8/2025,India: Cherry Robusta,7.4
4/8/2025,"Ethiopia: Queen City, Harrar",9.95
4/8/2025,"Honduras: Organic 18 Rabbit Washed, Marcala",9.25
4/8/2025,"Bali: Organic Kintamani, Kintamani Highlands",10.65
4/8/2025,"Sumatra: Organic Mandheling, Aceh",11.4
4/8/2025,"Peru: Organic La Florida, Selva Central",10.55
4/8/2025,"Ethiopia: Durato Bombe, Sidamo",9.65
4/8/2025,"Uganda: Organic Bugisu, Sipi Falls",10.1
4/8/2025,"El Salvador: Finca La Esperanza, Santa Ana",7.8
4/8/2025,"Kenya: Select Plus AA, Kiambu County",10.4
4/8/2025,"Indonesia: Organic Decaf Bali Hai, Indonesia Blend",9.35
4/8/2025,"Timor: Organic Heritage Reserve FTO, East Timor",10.75
4/8/2025,"Timor: Organic Cafe Timor Coop, East Timor",8.6
4/8/2025,"Costa Rica: El Conquistador, Tarrazu",8.15
4/8/2025,"Guatemala: Finca Vallure, Huehuetenango",9.05
4/8/2025,"Dominican Republic: Organic Ramirez Red Honey, Jarabacoa",9.75
4/8/2025,CBC Blend: Onobeano's Latte,7.9
4/8/2025,"Sulawesi:Toraja Sapan Minanga, Tana Toraja",9.15
4/8/2025,"Dominican Republic: Organic Ramirez Washed, Jarabacoa",8.95
4/8/2025,"Guatemala: Organic Asdecafe SHB, Huehuetenango",8.35
4/8/2025,Rwanda: Organic Hingakawa Women’s Co-op FTO,8.25
4/8/2025,"Uganda: Mt Elgon A, Bugisu",9.3
4/8/2025,"India: Mysore Nuggets, Chikmagalur District",9.15
4/8/2025,"Peru: Organic Finca La Esperanza G1, San Martin",9.45
4/8/2025,"India: Monsooned Malabar AA, Karnataka",10.4
4/8/2025,"Ethiopia: Longberry, Harrar",8.5
4/8/2025,"Honduras: Organic 18 Rabbit Black, Marcala",9.7
4/8/2025,CBC Blend: Four Horseman,7.9
4/8/2025,"Papua New Guinea: Organic Purosa A/X, Eastern Highlands",10
4/8/2025,Costa Rica: Decaf El Indio SWP,11.5
4/8/2025,Brazil Daterra Summer Solstice,8.55
4/8/2025,"Mexico: Turquesa HG, Chiapas",9.85
4/8/2025,"Sulawesi: Kalossi, Tana Toraja",10.15
4/8/2025,"Java: Blawan Estate, East Java",10.95
4/8/2025,"Yemen: Northern Crown Khulani, Sa'adah Governorate",18
4/8/2025,"Brazil: Pearl Bourbon Peaberry, Daterra Estate",9.55
4/8/2025,"Guatemala: HHT SHB, Huehuetenango",9.05
4/8/2025,"Brazil: Decaf Mogiana, Sul de Minas",10.6
4/8/2025,"Sumatra: Organic Decaf Mandheling, Aceh",12.5
4/8/2025,"Colombia: Decaf EA, Cauca",10.4
4/8/2025,"Nicaragua: Las Segovias Coop SHG, San Juan del Rio Coco",9.05
4/8/2025,"Honduras: Kingdom Growers SHG, Montecillos",9.55
4/8/2025,"Panama: Finca La Santa SHB EP, Boquete",9.55
4/8/2025,"Java: Organic Taman Dadar, Kayumas",10.35
4/8/2025,CBC Blend: Organic Big Black,9.15
4/8/2025,"Mexico: Rancho San Francisco, Chiapas",8.4
4/8/2025,CBC Blend: Kope Kapuna,7.9
4/8/2025,"Dominican Republic: Ramirez Natural, Jarabacoa",9.6
4/8/2025,"Guatemala: La Flor Del Cafe Peaberry, Antigua",8.35
4/8/2025,"Papua New Guinea: Arokara AA, Eastern Highlands",7.9
4/8/2025,"Uganda: Kaweri Robusta, Mubende",8.4
4/8/2025,"Papua New Guinea: Mile High A, Eastern Highlands",10.6
4/8/2025,"Ethiopia: Shantawene Abore G1, Sidamo",9.5
4/8/2025,"Peru: Organic Decaf Sol Y Cafe, Cajamarca",11.35
4/8/2025,CBC Blend: Red Sea,9.45
4/8/2025,"Bolivia: Apolo, La Paz Department",9.6
4/8/2025,"Brazil: Organic Fazenda Dutra 14/16, Matas de Minas",11.15
4/8/2025,"Multi Origin: Decaf Morning Glory, Multi Origin Blend",10.95
4/8/2025,"Haiti: Blue Pine, Central Plateau",10.75
4/8/2025,"Colombia: Pink Bourbon, Huila",10.05
4/8/2025,"Haiti: Savanne Zombie, Central Plateau",10.95
4/8/2025,"Ethiopia: Decaf Sidamo Natural, Sidamo",10.6
4/8/2025,"Sumatra: Raja Batak Peaberry, Lintong",8.01
4/8/2025,CBC Blend: Organic Kope Kapuna,9.15
4/8/2025,"Guatemala: Robusta, Chimaltenango",7.8
4/8/2025,"Brazil: Fazenda Bela Vista, Sul de Minas",8.55
4/8/2025,"Haiti: Marre Blanc, Central Plateau",12
4/8/2025,"Kenya: Peaberry Plus 15/16, Kirinyaga County",10.3
4/8/2025,"Timor: Organic Decaf Cafe Timor Coop, East Timor",11.25
4/8/2025,Seasoning Beans,5.95
4/8/2025,CBC Blend: Highland,7.9
4/8/2025,"Brazil: Sweet Yellow, Daterra Estate",9.35
4/8/2025,"Honduras: Organic 18 Rabbit Natural, Marcala",10.65
4/8/2025,"Honduras: Organic 18 Rabbit Red, Marcala",10.65
4/8/2025,"Honduras: Organic 18 Rabbit Yellow, Marcala",10.65
4/8/2025,"Ethiopia: Kembata G1, Durame Village",8.7
4/8/2025,"Hawaii: Kona Purple Mountain, Honaunau District",44.75
4/8/2025,"Sumatra: Tiger, Lintong",11.4
4/8/2025,"Costa Rica: Organic La Amistad, Coto Brus",10.7
4/8/2025,"Sumatra: Mutu Batak, Lintong",9.05
4/8/2025,"Guatemala: Dulce Leonarda Estate HHT, Huehuetenango",10.35
4/8/2025,"Rwanda: Kawa Yacu Women's Co-Op, Karongi District",9.75
4/8/2025,"Jamaica: Blue Mountain, Clydesdale",43.95
4/8/2025,"Yemen: Mocca Peaberry, Sana'a Governorate",18
4/8/2025,CBC Blend: High Octane Robusta Blend,9.15
4/8/2025,"Costa Rica: Finca El Melico Geisha, La Pena",27.95
4/8/2025,"Bolivia: Organic Caranavi FTO, La Paz Department",9.25
4/8/2025,"Burundi: Bavyeyi, Ngozi",9.7
4/8/2025,"Burundi: Hafi, Muyinga",9.7
4/8/2025,"Ethiopia: Adame Gorbota G1, Yirgacheffe",9.25
4/8/2025,"Ethiopia: Organic Shantawene G1, Sidamo",9.65
4/8/2025,"Ethiopia: Organic Zelelu Ararso G1, Yirgacheffe",9.85
4/8/2025,"Hawaii: Kona Peaberry, Mauka Honaunau District",47.15
4/8/2025,"Kenya: Organic Muiri Estate, Kiambu County",9.75
4/8/2025,"Panama: Janson Farms Geisha, Volcan High Lands",34.85
4/8/2025,"Papua New Guinea: Organic Decaf Purosa A/X, Eastern Highlands",10.75
4/8/2025,"Vietnam: Robusta Honey, Central Highlands",7.05
4/8/2025,"Yemen: Mocca Mattari, Sana’a Governorate",15.6
4/9/2025,"Costa Rica: La Minita Estate, Tarrazu",9.5
4/9/2025,"Mexico: La Laja Honey, Tlaltetela, Veracruz",7.4
4/9/2025,"Guatemala: Finca Santa Margarita, Acatenango",8
4/9/2025,"Ethiopia: Misty Valley, Yirgacheffe",10.25
4/9/2025,"Colombia: Organic Sierra Nevada FTO, Santa Marta",10.3
4/9/2025,"Ethiopia: Organic Limu G2, Oromia",8.3
4/9/2025,"Costa Rica: La Magnolia, Tres Rios",7.6
4/9/2025,"Colombia: Supremo EP, Huila",7.85
4/9/2025,"Colombia: El Gato Supremo, Bucaramanga",8.95
4/9/2025,"Colombia: Reserva Del Patron, Narino",7.85
4/9/2025,"Tanzania: Peaberry, Kilimanjaro",9.4
4/9/2025,"Brazil: Cerrado 17/18, Minas Gerais",7.3
4/9/2025,CBC Blend: Ferdelance,7.9
4/9/2025,"Ethiopia: Organic Konga G2, Yirgacheffe",9.65
4/9/2025,"Brazil: Oberon, Cerrado",9.5
4/9/2025,"Brazil: Sweet Blue, Daterra Estate",9.65
4/9/2025,"Haiti: Organic Haitian Blue, Norde",12.56
4/9/2025,"Costa Rica: La Gladiola, Tarrazu",7.7
4/9/2025,"Bali: Organic Blue Moon, Kintamani Highlands",11.25
4/9/2025,"Mexico: Organic Cepco Oaxaca, Oaxaca",10.25
4/9/2025,"Mexico: Organic Mocabe HG, Chiapas",8.25
4/9/2025,"Ethiopia: Organic Buku Sayisa Gr1, Guji",9.85
4/9/2025,"Sumatra: Mandheling G1, Aceh",10.15
4/9/2025,"Brazil: CHC Reserve Espresso, Daterra Estate",8.65
4/9/2025,CBC Blend: True Mocca Java,10.75
4/9/2025,"Guatemala: La Flor Del Cafe, Antigua",8.45
4/9/2025,India: Cherry Robusta,7.4
4/9/2025,"Honduras: Organic 18 Rabbit Washed, Marcala",9.25
4/9/2025,"Sumatra: Organic Mandheling, Aceh",11.4
4/9/2025,"Ethiopia: Queen City, Harrar",9.95
4/9/2025,"Bali: Organic Kintamani, Kintamani Highlands",10.65
4/9/2025,"Ethiopia: Durato Bombe, Sidamo",9.65
4/9/2025,"Peru: Organic La Florida, Selva Central",10.55
4/9/2025,"Indonesia: Organic Decaf Bali Hai, Indonesia Blend",9.35
4/9/2025,"Uganda: Organic Bugisu, Sipi Falls",10.1
4/9/2025,"El Salvador: Finca La Esperanza, Santa Ana",7.8
4/9/2025,"Kenya: Select Plus AA, Kiambu County",10.4
4/9/2025,"Timor: Organic Heritage Reserve FTO, East Timor",10.75
4/9/2025,"Timor: Organic Cafe Timor Coop, East Timor",8.6
4/9/2025,CBC Blend: Onobeano's Latte,7.9
4/9/2025,"Guatemala: Finca Vallure, Huehuetenango",9.05
4/9/2025,"Dominican Republic: Organic Ramirez Red Honey, Jarabacoa",9.75
4/9/2025,"Sulawesi:Toraja Sapan Minanga, Tana Toraja",9.15
4/9/2025,"Dominican Republic: Organic Ramirez Washed, Jarabacoa",8.95
4/9/2025,"Guatemala: Organic Asdecafe SHB, Huehuetenango",8.35
4/9/2025,"Costa Rica: El Conquistador, Tarrazu",8.15
4/9/2025,Rwanda: Organic Hingakawa Women’s Co-op FTO,8.25
4/9/2025,"Uganda: Mt Elgon A, Bugisu",9.3
4/9/2025,"Ethiopia: Longberry, Harrar",8.5
4/9/2025,"Uganda: Kaweri Robusta, Mubende",8.4
4/9/2025,"India: Mysore Nuggets, Chikmagalur District",9.15
4/9/2025,"India: Monsooned Malabar AA, Karnataka",10.4
4/9/2025,"Yemen: Northern Crown Khulani, Sa'adah Governorate",18
4/9/2025,"Peru: Organic Finca La Esperanza G1, San Martin",9.45
4/9/2025,"Honduras: Organic 18 Rabbit Black, Marcala",9.7
4/9/2025,CBC Blend: Four Horseman,7.9
4/9/2025,Costa Rica: Decaf El Indio SWP,11.5
4/9/2025,"Papua New Guinea: Organic Purosa A/X, Eastern Highlands",10
4/9/2025,Brazil Daterra Summer Solstice,8.55
4/9/2025,"Mexico: Turquesa HG, Chiapas",9.85
4/9/2025,"Sulawesi: Kalossi, Tana Toraja",10.15
4/9/2025,"Java: Blawan Estate, East Java",10.95
4/9/2025,"Brazil: Pearl Bourbon Peaberry, Daterra Estate",9.55
4/9/2025,"Brazil: Decaf Mogiana, Sul de Minas",10.6
4/9/2025,"Guatemala: HHT SHB, Huehuetenango",9.05
4/9/2025,"Sumatra: Organic Decaf Mandheling, Aceh",12.5
4/9/2025,"Colombia: Decaf EA, Cauca",10.4
4/9/2025,"Nicaragua: Las Segovias Coop SHG, San Juan del Rio Coco",9.05
4/9/2025,CBC Blend: Red Sea,9.45
4/9/2025,"Honduras: Kingdom Growers SHG, Montecillos",9.55
4/9/2025,"Java: Organic Taman Dadar, Kayumas",10.35
4/9/2025,"Panama: Finca La Santa SHB EP, Boquete",9.55
4/9/2025,"Mexico: Rancho San Francisco, Chiapas",8.4
4/9/2025,CBC Blend: Organic Big Black,9.15
4/9/2025,CBC Blend: Kope Kapuna,7.9
4/9/2025,"Guatemala: La Flor Del Cafe Peaberry, Antigua",8.35
4/9/2025,"Dominican Republic: Ramirez Natural, Jarabacoa",9.6
4/9/2025,"Papua New Guinea: Arokara AA, Eastern Highlands",7.9
4/9/2025,"Brazil: Organic Fazenda Dutra 14/16, Matas de Minas",11.15
4/9/2025,"Papua New Guinea: Mile High A, Eastern Highlands",10.6
4/9/2025,"Peru: Organic Decaf Sol Y Cafe, Cajamarca",11.35
4/9/2025,"Ethiopia: Shantawene Abore G1, Sidamo",9.5
4/9/2025,"Bolivia: Apolo, La Paz Department",9.6
4/9/2025,"Colombia: Pink Bourbon, Huila",10.05
4/9/2025,"Multi Origin: Decaf Morning Glory, Multi Origin Blend",11.45
4/9/2025,"Haiti: Blue Pine, Central Plateau",11.15
4/9/2025,"Brazil: Fazenda Bela Vista, Sul de Minas",8.55
4/9/2025,"Sumatra: Raja Batak Peaberry, Lintong",8.01
4/9/2025,"Haiti: Savanne Zombie, Central Plateau",10.95
4/9/2025,"Ethiopia: Decaf Sidamo Natural, Sidamo",10.6
4/9/2025,CBC Blend: Organic Kope Kapuna,9.15
4/9/2025,"Guatemala: Robusta, Chimaltenango",7.8
4/9/2025,"Timor: Organic Decaf Cafe Timor Coop, East Timor",11.25
4/9/2025,"Haiti: Marre Blanc, Central Plateau",12
4/9/2025,"Kenya: Peaberry Plus 15/16, Kirinyaga County",10.3
4/9/2025,CBC Blend: Highland,7.9
4/9/2025,"Honduras: Organic 18 Rabbit Red, Marcala",10.65
4/9/2025,Seasoning Beans,5.95
4/9/2025,"Brazil: Sweet Yellow, Daterra Estate",9.35
4/9/2025,"Costa Rica: Organic La Amistad, Coto Brus",10.7
4/9/2025,"Honduras: Organic 18 Rabbit Natural, Marcala",10.65
4/9/2025,"Honduras: Organic 18 Rabbit Yellow, Marcala",10.65
4/9/2025,"Hawaii: Kona Purple Mountain, Honaunau District",44.75
4/9/2025,"Sumatra: Tiger, Lintong",11.4
4/9/2025,"Ethiopia: Kembata G1, Durame Village",8.7
4/9/2025,"Sumatra: Mutu Batak, Lintong",9.05
4/9/2025,"Guatemala: Dulce Leonarda Estate HHT, Huehuetenango",10.35
4/9/2025,"Rwanda: Kawa Yacu Women's Co-Op, Karongi District",9.75
4/9/2025,"Jamaica: Blue Mountain, Clydesdale",43.95
4/9/2025,"Yemen: Mocca Peaberry, Sana'a Governorate",18
4/9/2025,CBC Blend: High Octane Robusta Blend,9.15
4/9/2025,"Costa Rica: Finca El Melico Geisha, La Pena",27.95
4/9/2025,"Bolivia: Organic Caranavi FTO, La Paz Department",9.25
4/9/2025,"Burundi: Bavyeyi, Ngozi",9.7
4/9/2025,"Burundi: Hafi, Muyinga",9.7
4/9/2025,"Ethiopia: Adame Gorbota G1, Yirgacheffe",9.25
4/9/2025,"Ethiopia: Organic Shantawene G1, Sidamo",9.65
4/9/2025,"Ethiopia: Organic Zelelu Ararso G1, Yirgacheffe",9.85
4/9/2025,"Hawaii: Kona Peaberry, Mauka Honaunau District",47.15
4/9/2025,"Kenya: Organic Muiri Estate, Kiambu County",9.75
4/9/2025,"Panama: Janson Farms Geisha, Volcan High Lands",34.85
4/9/2025,"Papua New Guinea: Organic Decaf Purosa A/X, Eastern Highlands",10.75
4/9/2025,"Vietnam: Robusta Honey, Central Highlands",7.05
4/9/2025,"Yemen: Mocca Mattari, Sana’a Governorate",15.6
4/11/2025,"Costa Rica: La Minita Estate, Tarrazu",9.5
4/11/2025,"Mexico: La Laja Honey, Tlaltetela, Veracruz",7.4
4/11/2025,"Ethiopia: Misty Valley, Yirgacheffe",10.5
4/11/2025,"Guatemala: Finca Santa Margarita, Acatenango",8
4/11/2025,"Colombia: Organic Sierra Nevada FTO, Santa Marta",10.3
4/11/2025,"Ethiopia: Organic Limu G2, Oromia",8.3
4/11/2025,"Colombia: Supremo EP, Huila",7.85
4/11/2025,"Costa Rica: La Magnolia, Tres Rios",7.6
4/11/2025,"Colombia: El Gato Supremo, Bucaramanga",8.95
4/11/2025,"Colombia: Reserva Del Patron, Narino",7.85
4/11/2025,"Tanzania: Peaberry, Kilimanjaro",9.4
4/11/2025,"Brazil: Cerrado 17/18, Minas Gerais",7.3
4/11/2025,CBC Blend: Ferdelance,7.9
4/11/2025,"Brazil: Oberon, Cerrado",9.5
4/11/2025,"Brazil: Sweet Blue, Daterra Estate",9.65
4/11/2025,"Haiti: Organic Haitian Blue, Norde",12.56
4/11/2025,"Ethiopia: Organic Konga G2, Yirgacheffe",9.65
4/11/2025,"Costa Rica: La Gladiola, Tarrazu",7.7
4/11/2025,"Bali: Organic Blue Moon, Kintamani Highlands",11.25
4/11/2025,"Mexico: Organic Mocabe HG, Chiapas",8.25
4/11/2025,"Mexico: Organic Cepco Oaxaca, Oaxaca",10.25
4/11/2025,"Ethiopia: Organic Buku Sayisa Gr1, Guji",9.85
4/11/2025,"Sumatra: Mandheling G1, Aceh",11.15
4/11/2025,"Brazil: CHC Reserve Espresso, Daterra Estate",8.65
4/11/2025,CBC Blend: True Mocca Java,10.75
4/11/2025,India: Cherry Robusta,7.4
4/11/2025,"Honduras: Organic 18 Rabbit Washed, Marcala",9.25
4/11/2025,"Guatemala: La Flor Del Cafe, Antigua",8.45
4/11/2025,"Ethiopia: Queen City, Harrar",9.95
4/11/2025,"Sumatra: Organic Mandheling, Aceh",11.4
4/11/2025,"Bali: Organic Kintamani, Kintamani Highlands",10.65
4/11/2025,"Peru: Organic La Florida, Selva Central",10.55
4/11/2025,"Ethiopia: Durato Bombe, Sidamo",9.65
4/11/2025,"Indonesia: Organic Decaf Bali Hai, Indonesia Blend",9.35
4/11/2025,"Uganda: Organic Bugisu, Sipi Falls",10.1
4/11/2025,"Kenya: Select Plus AA, Kiambu County",10.4
4/11/2025,"El Salvador: Finca La Esperanza, Santa Ana",7.8
4/11/2025,"Timor: Organic Heritage Reserve FTO, East Timor",10.75
4/11/2025,"Guatemala: Finca Vallure, Huehuetenango",9.05
4/11/2025,"Timor: Organic Cafe Timor Coop, East Timor",9.95
4/11/2025,CBC Blend: Onobeano's Latte,7.9
4/11/2025,"Sulawesi:Toraja Sapan Minanga, Tana Toraja",9.15
4/11/2025,"Guatemala: Organic Asdecafe SHB, Huehuetenango",8.35
4/11/2025,"Dominican Republic: Organic Ramirez Washed, Jarabacoa",8.95
4/11/2025,"Dominican Republic: Organic Ramirez Red Honey, Jarabacoa",9.75
4/11/2025,"Costa Rica: El Conquistador, Tarrazu",8.15
4/11/2025,"Guatemala: Decaf HHT Royal Select, Huehuetenango",11.5
4/11/2025,Rwanda: Organic Hingakawa Women’s Co-op FTO,8.25
4/11/2025,"Uganda: Mt Elgon A, Bugisu",9.3
4/11/2025,"Ethiopia: Longberry, Harrar",8.5
4/11/2025,"India: Monsooned Malabar AA, Karnataka",10.4
4/11/2025,"Uganda: Kaweri Robusta, Mubende",8.4
4/11/2025,"India: Mysore Nuggets, Chikmagalur District",9.15
4/11/2025,"Peru: Organic Finca La Esperanza G1, San Martin",9.45
4/11/2025,"Yemen: Northern Crown Khulani, Sa'adah Governorate",18
4/11/2025,"Honduras: Organic 18 Rabbit Black, Marcala",9.7
4/11/2025,CBC Blend: Four Horseman,7.9
4/11/2025,Costa Rica: Decaf El Indio SWP,11.5
4/11/2025,"Papua New Guinea: Organic Purosa A/X, Eastern Highlands",10
4/11/2025,Brazil Daterra Summer Solstice,8.55
4/11/2025,"Sulawesi: Kalossi, Tana Toraja",10.15
4/11/2025,"Mexico: Turquesa HG, Chiapas",9.85
4/11/2025,"Java: Blawan Estate, East Java",10.95
4/11/2025,"Brazil: Pearl Bourbon Peaberry, Daterra Estate",9.55
4/11/2025,"Guatemala: HHT SHB, Huehuetenango",9.05
4/11/2025,"Brazil: Decaf Mogiana, Sul de Minas",10.6
4/11/2025,"Colombia: Decaf EA, Cauca",10.4
4/11/2025,"Sumatra: Organic Decaf Mandheling, Aceh",12.5
4/11/2025,"Java: Organic Taman Dadar, Kayumas",10.35
4/11/2025,CBC Blend: Red Sea,9.45
4/11/2025,"Nicaragua: Las Segovias Coop SHG, San Juan del Rio Coco",9.05
4/11/2025,"Mexico: Rancho San Francisco, Chiapas",8.4
4/11/2025,"Panama: Finca La Santa SHB EP, Boquete",9.55
4/11/2025,"Honduras: Kingdom Growers SHG, Montecillos",9.55
4/11/2025,CBC Blend: Organic Big Black,9.15
4/11/2025,CBC Blend: Kope Kapuna,7.9
4/11/2025,"Guatemala: La Flor Del Cafe Peaberry, Antigua",8.35
4/11/2025,"Dominican Republic: Ramirez Natural, Jarabacoa",9.6
4/11/2025,"Colombia: Pink Bourbon, Huila",10.05
4/11/2025,"Brazil: Organic Fazenda Dutra 14/16, Matas de Minas",11.15
4/11/2025,"Papua New Guinea: Arokara AA, Eastern Highlands",7.9
4/11/2025,"Papua New Guinea: Mile High A, Eastern Highlands",10.6
4/11/2025,"Multi Origin: Decaf Morning Glory, Multi Origin Blend",11.45
4/11/2025,"Peru: Organic Decaf Sol Y Cafe, Cajamarca",11.85
4/11/2025,"Ethiopia: Shantawene Abore G1, Sidamo",9.5
4/11/2025,"Bolivia: Apolo, La Paz Department",9.6
4/11/2025,"Sumatra: Raja Batak Peaberry, Lintong",8.01
4/11/2025,"Brazil: Fazenda Bela Vista, Sul de Minas",8.55
4/11/2025,"Ethiopia: Decaf Sidamo Natural, Sidamo",10.6
4/11/2025,"Haiti: Blue Pine, Central Plateau",11.15
4/11/2025,"Haiti: Savanne Zombie, Central Plateau",10.95
4/11/2025,CBC Blend: Organic Kope Kapuna,9.15
4/11/2025,"Guatemala: Robusta, Chimaltenango",7.8
4/11/2025,"Timor: Organic Decaf Cafe Timor Coop, East Timor",11.25
4/11/2025,"Haiti: Marre Blanc, Central Plateau",12
4/11/2025,"Kenya: Peaberry Plus 15/16, Kirinyaga County",10.3
4/11/2025,CBC Blend: Highland,7.9
4/11/2025,"Honduras: Organic 18 Rabbit Red, Marcala",10.65
4/11/2025,"Brazil: Sweet Yellow, Daterra Estate",9.35
4/11/2025,"Costa Rica: Organic La Amistad, Coto Brus",10.7
4/11/2025,"Honduras: Organic 18 Rabbit Natural, Marcala",10.65
4/11/2025,Seasoning Beans,5.95
4/11/2025,"Honduras: Organic 18 Rabbit Yellow, Marcala",10.65
4/11/2025,"Hawaii: Kona Purple Mountain, Honaunau District",44.75
4/11/2025,"Sumatra: Tiger, Lintong",11.4
4/11/2025,"Sumatra: Mutu Batak, Lintong",9.05
4/11/2025,"Ethiopia: Kembata G1, Durame Village",8.7
4/11/2025,"Rwanda: Kawa Yacu Women's Co-Op, Karongi District",9.75
4/11/2025,"Guatemala: Dulce Leonarda Estate HHT, Huehuetenango",10.35
4/11/2025,"Yemen: Mocca Peaberry, Sana'a Governorate",18
4/11/2025,"Jamaica: Blue Mountain, Clydesdale",43.95
4/11/2025,CBC Blend: High Octane Robusta Blend,9.15
4/11/2025,"Vietnam: Robusta, Central Highlands",8.1
4/11/2025,"Costa Rica: Finca El Melico Geisha, La Pena",27.95
4/11/2025,"Bolivia: Organic Caranavi FTO, La Paz Department",9.25
4/11/2025,"Burundi: Bavyeyi, Ngozi",9.7
4/11/2025,"Burundi: Hafi, Muyinga",9.7
4/11/2025,"Ethiopia: Adame Gorbota G1, Yirgacheffe",9.25
4/11/2025,"Ethiopia: Organic Shantawene G1, Sidamo",9.65
4/11/2025,"Ethiopia: Organic Zelelu Ararso G1, Yirgacheffe",9.85
4/11/2025,"Hawaii: Kona Peaberry, Mauka Honaunau District",47.15
4/11/2025,"Kenya: Organic Muiri Estate, Kiambu County",9.75
4/11/2025,"Panama: Janson Farms Geisha, Volcan High Lands",34.85
4/11/2025,"Papua New Guinea: Organic Decaf Purosa A/X, Eastern Highlands",10.75
4/11/2025,"Vietnam: Robusta Honey, Central Highlands",7.05
4/11/2025,"Yemen: Mocca Mattari, Sana’a Governorate",15.6
4/17/2025,"Ethiopia: Misty Valley, Yirgacheffe",10.5
4/17/2025,"Costa Rica: La Minita Estate, Tarrazu",9.5
4/17/2025,"Guatemala: Finca Santa Margarita, Acatenango",8
4/17/2025,"Mexico: La Laja Honey, Tlaltetela, Veracruz",7.4
4/17/2025,"Costa Rica: La Magnolia, Tres Rios",7.6
4/17/2025,"Colombia: Organic Sierra Nevada FTO, Santa Marta",10.3
4/17/2025,"Colombia: Supremo EP, Huila",7.85
4/17/2025,"Ethiopia: Organic Limu G2, Oromia",8.3
4/17/2025,"Colombia: Reserva Del Patron, Narino",7.85
4/17/2025,"Tanzania: Peaberry, Kilimanjaro",9.4
4/17/2025,"Mexico: Organic Mocabe HG, Chiapas",10.95
4/17/2025,"Brazil: Cerrado 17/18, Minas Gerais",7.3
4/17/2025,"Costa Rica: La Gladiola, Tarrazu",7.7
4/17/2025,CBC Blend: Ferdelance,9.5
4/17/2025,"Brazil: Sweet Blue, Daterra Estate",9.65
4/17/2025,"Haiti: Organic Haitian Blue, Norde",12.56
4/17/2025,"Ethiopia: Organic Konga G2, Yirgacheffe",9.65
4/17/2025,"Brazil: Oberon, Cerrado",9.95
4/17/2025,"Bali: Organic Blue Moon, Kintamani Highlands",11.25
4/17/2025,"Colombia: El Gato Supremo, Bucaramanga",8.95
4/17/2025,"Ethiopia: Organic Buku Sayisa Gr1, Guji",9.85
4/17/2025,"Mexico: Organic Cepco Oaxaca, Oaxaca",11.15
4/17/2025,"Sumatra: Mandheling G1, Aceh",11.15
4/17/2025,"Brazil: CHC Reserve Espresso, Daterra Estate",8.65
4/17/2025,CBC Blend: True Mocca Java,13.5
4/17/2025,"Indonesia: Organic Decaf Bali Hai, Indonesia Blend",9.35
4/17/2025,"Honduras: Organic 18 Rabbit Washed, Marcala",9.25
4/17/2025,"Bali: Organic Kintamani, Kintamani Highlands",10.65
4/17/2025,"Kenya: Select Plus AA, Kiambu County",10.4
4/17/2025,"Guatemala: La Flor Del Cafe, Antigua",8.45
4/17/2025,"Ethiopia: Queen City, Harrar",9.95
4/17/2025,"Sumatra: Organic Mandheling, Aceh",11.4
4/17/2025,India: Cherry Robusta,7.4
4/17/2025,"Peru: Organic La Florida, Selva Central",10.55
4/17/2025,"Peru: Organic Finca La Esperanza G1, San Martin",9.45
4/17/2025,"Ethiopia: Durato Bombe, Sidamo",9.65
4/17/2025,"El Salvador: Finca La Esperanza, Santa Ana",7.8
4/17/2025,"Guatemala: Finca Vallure, Huehuetenango",9.05
4/17/2025,"Timor: Organic Cafe Timor Coop, East Timor",9.95
4/17/2025,"Dominican Republic: Organic Ramirez Red Honey, Jarabacoa",9.75
4/17/2025,"Uganda: Organic Bugisu, Sipi Falls",10.1
4/17/2025,CBC Blend: Onobeano's Latte,10.9
4/17/2025,"Ethiopia: Longberry, Harrar",8.5
4/17/2025,"Timor: Organic Heritage Reserve FTO, East Timor",10.75
4/17/2025,"Sulawesi:Toraja Sapan Minanga, Tana Toraja",9.15
4/17/2025,"India: Monsooned Malabar AA, Karnataka",10.4
4/17/2025,"Guatemala: Organic Asdecafe SHB, Huehuetenango",8.35
4/17/2025,"Dominican Republic: Organic Ramirez Washed, Jarabacoa",8.95
4/17/2025,"Uganda: Mt Elgon A, Bugisu",9.3
4/17/2025,"Guatemala: Decaf HHT Royal Select, Huehuetenango",11.5
4/17/2025,Rwanda: Organic Hingakawa Women’s Co-op FTO,8.25
4/17/2025,"India: Mysore Nuggets, Chikmagalur District",9.15
4/17/2025,"Costa Rica: El Conquistador, Tarrazu",8.15
4/17/2025,"Uganda: Kaweri Robusta, Mubende",8.4
4/17/2025,"Honduras: Organic 18 Rabbit Black, Marcala",9.7
4/17/2025,"Yemen: Northern Crown Khulani, Sa'adah Governorate",18
4/17/2025,"Mexico: Rancho San Francisco, Chiapas",8.4
4/17/2025,"Guatemala: HHT SHB, Huehuetenango",9.05
4/17/2025,Brazil Daterra Summer Solstice,8.55
4/17/2025,Costa Rica: Decaf El Indio SWP,11.5
4/17/2025,"Papua New Guinea: Organic Purosa A/X, Eastern Highlands",10
4/17/2025,"Mexico: Turquesa HG, Chiapas",9.95
4/17/2025,"Sulawesi: Kalossi, Tana Toraja",10.15
4/17/2025,CBC Blend: Four Horseman,8.6
4/17/2025,"Brazil: Fazenda Bela Vista, Sul de Minas",7.5
4/17/2025,"Colombia: Decaf EA, Cauca",10.4
4/17/2025,"Brazil: Pearl Bourbon Peaberry, Daterra Estate",9.55
4/17/2025,"Java: Organic Taman Dadar, Kayumas",10.35
4/17/2025,"Java: Blawan Estate, East Java",10.95
4/17/2025,"Brazil: Decaf Mogiana, Sul de Minas",10.6
4/17/2025,"Sumatra: Raja Batak Peaberry, Lintong",8.01
4/17/2025,"Honduras: Kingdom Growers SHG, Montecillos",9.55
4/17/2025,"Brazil: Organic Fazenda Dutra 14/16, Matas de Minas",11.15
4/17/2025,"Panama: Finca La Santa SHB EP, Boquete",9.55
4/17/2025,"Colombia: Pink Bourbon, Huila",10.05
4/17/2025,"Nicaragua: Las Segovias Coop SHG, San Juan del Rio Coco",9.05
4/17/2025,CBC Blend: Kope Kapuna,8.9
4/17/2025,"Sumatra: Organic Decaf Mandheling, Aceh",12.5
4/17/2025,"Guatemala: La Flor Del Cafe Peaberry, Antigua",8.35
4/17/2025,CBC Blend: Red Sea,10.95
4/17/2025,CBC Blend: Organic Big Black,12.35
4/17/2025,"Papua New Guinea: Mile High A, Eastern Highlands",10.6
4/17/2025,"Multi Origin: Decaf Morning Glory, Multi Origin Blend",11.45
4/17/2025,"Dominican Republic: Ramirez Natural, Jarabacoa",9.6
4/17/2025,"Papua New Guinea: Arokara AA, Eastern Highlands",7.9
4/17/2025,"Peru: Organic Decaf Sol Y Cafe, Cajamarca",11.85
4/17/2025,"Ethiopia: Decaf Sidamo Natural, Sidamo",10.6
4/17/2025,"Costa Rica: Organic La Amistad, Coto Brus",10.7
4/17/2025,"Ethiopia: Shantawene Abore G1, Sidamo",9.5
4/17/2025,"Bolivia: Apolo, La Paz Department",9.6
4/17/2025,CBC Blend: Organic Kope Kapuna,10.5
4/17/2025,"Haiti: Savanne Zombie, Central Plateau",11.65
4/17/2025,"Haiti: Blue Pine, Central Plateau",11.15
4/17/2025,"Timor: Organic Decaf Cafe Timor Coop, East Timor",11.25
4/17/2025,"Vietnam: Robusta, Central Highlands",8.1
4/17/2025,"Guatemala: Robusta, Chimaltenango",7.8
4/17/2025,"Haiti: Marre Blanc, Central Plateau",13.5
4/17/2025,"Sumatra: Mutu Batak, Lintong",9.05
4/17/2025,"Honduras: Organic 18 Rabbit Natural, Marcala",10.65
4/17/2025,Seasoning Beans,5.95
4/17/2025,"Honduras: Organic 18 Rabbit Red, Marcala",10.65
4/17/2025,"Kenya: Peaberry Plus 15/16, Kirinyaga County",10.3
4/17/2025,"Brazil: Sweet Yellow, Daterra Estate",9.35
4/17/2025,CBC Blend: Highland,8.25
4/17/2025,"Honduras: Organic 18 Rabbit Yellow, Marcala",10.65
4/17/2025,"Rwanda: Kawa Yacu Women's Co-Op, Karongi District",9.75
4/17/2025,"Yemen: Mocca Peaberry, Sana'a Governorate",18
4/17/2025,"Hawaii: Kona Purple Mountain, Honaunau District",44.75
4/17/2025,"Sumatra: Tiger, Lintong",11.4
4/17/2025,"Guatemala: Geisha Honey SHB EP, San Marcos",21.6
4/17/2025,"Guatemala: Dulce Leonarda Estate HHT, Huehuetenango",10.35
4/17/2025,"Ethiopia: Kembata G1, Durame Village",8.7
4/17/2025,"Jamaica: Blue Mountain, Clydesdale",43.95
4/17/2025,CBC Blend: High Octane Robusta Blend,11.75
4/17/2025,"Costa Rica: Finca El Melico Geisha, La Pena",27.95
4/17/2025,"Bolivia: Organic Caranavi FTO, La Paz Department",9.25
4/17/2025,"Burundi: Bavyeyi, Ngozi",9.7
4/17/2025,"Burundi: Hafi, Muyinga",9.7
4/17/2025,"Ethiopia: Adame Gorbota G1, Yirgacheffe",9.25
4/17/2025,"Ethiopia: Organic Shantawene G1, Sidamo",9.65
4/17/2025,"Ethiopia: Organic Zelelu Ararso G1, Yirgacheffe",9.85
4/17/2025,"Hawaii: Kona Peaberry, Mauka Honaunau District",47.15
4/17/2025,"Kenya: Organic Muiri Estate, Kiambu County",9.75
4/17/2025,"Panama: Janson Farms Geisha, Volcan High Lands",34.85
4/17/2025,"Papua New Guinea: Organic Decaf Purosa A/X, Eastern Highlands",10.75
4/17/2025,"Vietnam: Robusta Honey, Central Highlands",7.05
4/17/2025,"Yemen: Mocca Mattari, Sana’a Governorate",15.6
4/26/2025,"Ethiopia: Misty Valley, Yirgacheffe",10.5
4/26/2025,"Costa Rica: La Minita Estate, Tarrazu",9.5
4/26/2025,"Costa Rica: La Magnolia, Tres Rios",7.6
4/26/2025,"Colombia: Organic Sierra Nevada FTO, Santa Marta",10.3
4/26/2025,"Guatemala: Finca Santa Margarita, Acatenango",8
4/26/2025,"Mexico: La Laja Honey, Tlaltetela, Veracruz",7.4
4/26/2025,"Colombia: Supremo EP, Huila",7.85
4/26/2025,"Ethiopia: Organic Limu G2, Oromia",8.3
4/26/2025,"Brazil: Cerrado 17/18, Minas Gerais",7.3
4/26/2025,"Tanzania: Peaberry, Kilimanjaro",9.4
4/26/2025,"Mexico: Organic Mocabe HG, Chiapas",10.95
4/26/2025,"Colombia: Reserva Del Patron, Narino",7.85
4/26/2025,"Costa Rica: La Gladiola, Tarrazu",7.7
4/26/2025,"Colombia: El Gato Supremo, Bucaramanga",8.95
4/26/2025,"Haiti: Organic Haitian Blue, Norde",15.26
4/26/2025,"Brazil: Sweet Blue, Daterra Estate",9.65
4/26/2025,CBC Blend: Ferdelance,9.5
4/26/2025,"Bali: Organic Blue Moon, Kintamani Highlands",11.25
4/26/2025,"Ethiopia: Organic Buku Sayisa Gr1, Guji",9.85
4/26/2025,"Brazil: Oberon, Cerrado",9.95
4/26/2025,"Guatemala: La Flor Del Cafe, Antigua",8.45
4/26/2025,"Ethiopia: Organic Konga G2, Yirgacheffe",9.65
4/26/2025,"Mexico: Organic Cepco Oaxaca, Oaxaca",11.15
4/26/2025,"Kenya: Select Plus AA, Kiambu County",10.4
4/26/2025,"Sumatra: Mandheling G1, Aceh",11.15
4/26/2025,"Peru: Organic Finca La Esperanza G1, San Martin",9.45
4/26/2025,"Honduras: Organic 18 Rabbit Washed, Marcala",10.85
4/26/2025,"Indonesia: Organic Decaf Bali Hai, Indonesia Blend",9.35
4/26/2025,"Ethiopia: Queen City, Harrar",9.95
4/26/2025,"Brazil: CHC Reserve Espresso, Daterra Estate",8.65
4/26/2025,CBC Blend: True Mocca Java,13.5
4/26/2025,"Ethiopia: Durato Bombe, Sidamo",9.65
4/26/2025,"Sumatra: Organic Mandheling, Aceh",11.4
4/26/2025,"Bali: Organic Kintamani, Kintamani Highlands",10.65
4/26/2025,India: Cherry Robusta,7.4
4/26/2025,"Peru: Organic La Florida, Selva Central",11.25
4/26/2025,"Guatemala: HHT SHB, Huehuetenango",9.05
4/26/2025,"Timor: Organic Cafe Timor Coop, East Timor",9.95
4/26/2025,"Uganda: Organic Bugisu, Sipi Falls",10.1
4/26/2025,"Guatemala: Finca Vallure, Huehuetenango",9.05
4/26/2025,"El Salvador: Finca La Esperanza, Santa Ana",10.8
4/26/2025,"Ethiopia: Longberry, Harrar",8.5
4/26/2025,"Timor: Organic Heritage Reserve FTO, East Timor",9.68
4/26/2025,CBC Blend: Onobeano's Latte,10.9
4/26/2025,"Dominican Republic: Organic Ramirez Red Honey, Jarabacoa",9.75
4/26/2025,"India: Monsooned Malabar AA, Karnataka",10.4
4/26/2025,"Uganda: Mt Elgon A, Bugisu",9.3
4/26/2025,"Guatemala: Decaf HHT Royal Select, Huehuetenango",11.5
4/26/2025,"Dominican Republic: Organic Ramirez Washed, Jarabacoa",11.45
4/26/2025,Rwanda: Organic Hingakawa Women’s Co-op FTO,8.25
4/26/2025,"Sulawesi:Toraja Sapan Minanga, Tana Toraja",9.15
4/26/2025,"Uganda: Kaweri Robusta, Mubende",10.25
4/26/2025,"India: Mysore Nuggets, Chikmagalur District",9.15
4/26/2025,"Guatemala: Organic Asdecafe SHB, Huehuetenango",8.35
4/26/2025,"Honduras: Organic 18 Rabbit Black, Marcala",9.7
4/26/2025,"Brazil: Fazenda Bela Vista, Sul de Minas",9.5
4/26/2025,"Mexico: Rancho San Francisco, Chiapas",8.4
4/26/2025,"Costa Rica: El Conquistador, Tarrazu",8.15
4/26/2025,"Yemen: Northern Crown Khulani, Sa'adah Governorate",18
4/26/2025,Brazil Daterra Summer Solstice,9.6
4/26/2025,Costa Rica: Decaf El Indio SWP,11.5
4/26/2025,"Colombia: Decaf EA, Cauca",10.4
4/26/2025,"Mexico: Turquesa HG, Chiapas",8.96
4/26/2025,"Sulawesi: Kalossi, Tana Toraja",10.15
4/26/2025,"Sumatra: Raja Batak Peaberry, Lintong",8.9
4/26/2025,CBC Blend: Four Horseman,8.6
4/26/2025,"Brazil: Pearl Bourbon Peaberry, Daterra Estate",9.55
4/26/2025,"Guatemala: La Flor Del Cafe Peaberry, Antigua",8.35
4/26/2025,"Java: Organic Taman Dadar, Kayumas",11.5
4/26/2025,"Brazil: Organic Fazenda Dutra 14/16, Matas de Minas",11.15
4/26/2025,"Brazil: Decaf Mogiana, Sul de Minas",10.6
4/26/2025,"Java: Blawan Estate, East Java",10.95
4/26/2025,"Papua New Guinea: Mile High A, Eastern Highlands",10.6
4/26/2025,"Honduras: Kingdom Growers SHG, Montecillos",9.55
4/26/2025,"Papua New Guinea: Organic Purosa A/X, Eastern Highlands",10
4/26/2025,"Nicaragua: Las Segovias Coop SHG, San Juan del Rio Coco",9.05
4/26/2025,"Costa Rica: Organic La Amistad, Coto Brus",10.7
4/26/2025,"Colombia: Pink Bourbon, Huila",10.05
4/26/2025,CBC Blend: Red Sea,10.95
4/26/2025,"Peru: Organic Decaf Sol Y Cafe, Cajamarca",11.85
4/26/2025,CBC Blend: Kope Kapuna,8.9
4/26/2025,"Panama: Finca La Santa SHB EP, Boquete",9.55
4/26/2025,CBC Blend: Organic Big Black,12.35
4/26/2025,"Vietnam: Robusta, Central Highlands",8.1
4/26/2025,"Ethiopia: Decaf Sidamo Natural, Sidamo",10.6
4/26/2025,"Papua New Guinea: Arokara AA, Eastern Highlands",7.9
4/26/2025,"Multi Origin: Decaf Morning Glory, Multi Origin Blend",11.45
4/26/2025,"Dominican Republic: Ramirez Natural, Jarabacoa",9.6
4/26/2025,CBC Blend: Organic Kope Kapuna,10.5
4/26/2025,"Honduras: Organic 18 Rabbit Natural, Marcala",12.1
4/26/2025,"Sumatra: Mutu Batak, Lintong",9.05
4/26/2025,"Haiti: Savanne Zombie, Central Plateau",11.65
4/26/2025,"Bolivia: Apolo, La Paz Department",9.6
4/26/2025,"Timor: Organic Decaf Cafe Timor Coop, East Timor",11.25
4/26/2025,"Brazil: Sweet Yellow, Daterra Estate",9.6
4/26/2025,"Guatemala: Robusta, Chimaltenango",7.8
4/26/2025,"Honduras: Organic 18 Rabbit Red, Marcala",10.65
4/26/2025,"Haiti: Blue Pine, Central Plateau",11.15
4/26/2025,"Haiti: Marre Blanc, Central Plateau",13.5
4/26/2025,"Ethiopia: Shantawene Abore G1, Sidamo",9.5
4/26/2025,"Kenya: Peaberry Plus 15/16, Kirinyaga County",10.3
4/26/2025,CBC Blend: Highland,8.25
4/26/2025,"Rwanda: Kawa Yacu Women's Co-Op, Karongi District",9.75
4/26/2025,"Honduras: Organic 18 Rabbit Yellow, Marcala",10.65
4/26/2025,"Guatemala: Geisha Honey SHB EP, San Marcos",21.6
4/26/2025,"Yemen: Mocca Peaberry, Sana'a Governorate",18
4/26/2025,"Sumatra: Organic Decaf Mandheling, Aceh",14.75
4/26/2025,Seasoning Beans,5.95
4/26/2025,"Sumatra: Tiger, Lintong",11.4
4/26/2025,"Hawaii: Kona Purple Mountain, Honaunau District",44.75
4/26/2025,"Ethiopia: Kembata G1, Durame Village",8.7
4/26/2025,"Jamaica: Blue Mountain, Clydesdale",43.95
4/26/2025,CBC Blend: High Octane Robusta Blend,11.75
4/26/2025,"Guatemala: Dulce Leonarda Estate HHT, Huehuetenango",10.35
4/26/2025,"Bolivia: Organic Caranavi FTO, La Paz Department",9.25
4/26/2025,"Burundi: Bavyeyi, Ngozi",9.7
4/26/2025,"Burundi: Hafi, Muyinga",9.7
4/26/2025,"Costa Rica: Finca El Melico Geisha, La Pena",27.95
4/26/2025,"Ethiopia: Adame Gorbota G1, Yirgacheffe",9.25
4/26/2025,"Ethiopia: Organic Shantawene G1, Sidamo",9.65
4/26/2025,"Ethiopia: Organic Zelelu Ararso G1, Yirgacheffe",9.85
4/26/2025,"Hawaii: Kona Peaberry, Mauka Honaunau District",47.15
4/26/2025,"Kenya: Organic Muiri Estate, Kiambu County",9.75
4/26/2025,"Panama: Janson Farms Geisha, Volcan High Lands",34.85
4/26/2025,"Papua New Guinea: Organic Decaf Purosa A/X, Eastern Highlands",10.75
4/26/2025,"Vietnam: Robusta Honey, Central Highlands",7.05
4/26/2025,"Yemen: Mocca Mattari, Sana’a Governorate",15.6
4/28/2025,"Ethiopia: Misty Valley, Yirgacheffe",10.5
4/28/2025,"Costa Rica: La Minita Estate, Tarrazu",9.5
4/28/2025,"Costa Rica: La Magnolia, Tres Rios",7.6
4/28/2025,"Guatemala: Finca Santa Margarita, Acatenango",8
4/28/2025,"Mexico: La Laja Honey, Tlaltetela, Veracruz",7.4
4/28/2025,"Ethiopia: Organic Limu G2, Oromia",8.3
4/28/2025,"Colombia: Organic Sierra Nevada FTO, Santa Marta",10.3
4/28/2025,"Colombia: Supremo EP, Huila",7.85
4/28/2025,"Brazil: Cerrado 17/18, Minas Gerais",7.3
4/28/2025,"Mexico: Organic Mocabe HG, Chiapas",10.95
4/28/2025,"Colombia: Reserva Del Patron, Narino",7.85
4/28/2025,"Costa Rica: La Gladiola, Tarrazu",7.7
4/28/2025,"Colombia: El Gato Supremo, Bucaramanga",8.95
4/28/2025,"Tanzania: Peaberry, Kilimanjaro",9.4
4/28/2025,"Haiti: Organic Haitian Blue, Norde",15.26
4/28/2025,CBC Blend: Ferdelance,9.5
4/28/2025,"Guatemala: La Flor Del Cafe, Antigua",8.45
4/28/2025,"Ethiopia: Organic Buku Sayisa Gr1, Guji",9.85
4/28/2025,"Brazil: Oberon, Cerrado",9.95
4/28/2025,"Bali: Organic Blue Moon, Kintamani Highlands",11.25
4/28/2025,"Brazil: Sweet Blue, Daterra Estate",9.65
4/28/2025,"Kenya: Select Plus AA, Kiambu County",10.4
4/28/2025,"Mexico: Organic Cepco Oaxaca, Oaxaca",11.15
4/28/2025,"Ethiopia: Organic Konga G2, Yirgacheffe",9.65
4/28/2025,"Honduras: Organic 18 Rabbit Washed, Marcala",10.85
4/28/2025,"Peru: Organic Finca La Esperanza G1, San Martin",9.45
4/28/2025,"Indonesia: Organic Decaf Bali Hai, Indonesia Blend",9.35
4/28/2025,"Ethiopia: Queen City, Harrar",9.95
4/28/2025,"Sumatra: Mandheling G1, Aceh",11.15
4/28/2025,"Ethiopia: Durato Bombe, Sidamo",9.65
4/28/2025,"Brazil: CHC Reserve Espresso, Daterra Estate",8.65
4/28/2025,"Sumatra: Organic Mandheling, Aceh",11.4
4/28/2025,India: Cherry Robusta,7.4
4/28/2025,CBC Blend: True Mocca Java,13.5
4/28/2025,"Guatemala: HHT SHB, Huehuetenango",9.05
4/28/2025,"Uganda: Organic Bugisu, Sipi Falls",10.1
4/28/2025,"Timor: Organic Cafe Timor Coop, East Timor",9.95
4/28/2025,"Peru: Organic La Florida, Selva Central",11.25
4/28/2025,"Bali: Organic Kintamani, Kintamani Highlands",10.65
4/28/2025,"Guatemala: Finca Vallure, Huehuetenango",9.05
4/28/2025,"El Salvador: Finca La Esperanza, Santa Ana",10.8
4/28/2025,"Ethiopia: Longberry, Harrar",8.5
4/28/2025,CBC Blend: Onobeano's Latte,10.9
4/28/2025,"India: Monsooned Malabar AA, Karnataka",10.4
4/28/2025,"Dominican Republic: Organic Ramirez Red Honey, Jarabacoa",9.75
4/28/2025,"Timor: Organic Heritage Reserve FTO, East Timor",9.68
4/28/2025,"Guatemala: Decaf HHT Royal Select, Huehuetenango",11.5
4/28/2025,"Uganda: Mt Elgon A, Bugisu",9.3
4/28/2025,"Dominican Republic: Organic Ramirez Washed, Jarabacoa",11.45
4/28/2025,"Uganda: Kaweri Robusta, Mubende",10.25
4/28/2025,Rwanda: Organic Hingakawa Women’s Co-op FTO,8.25
4/28/2025,"Sulawesi:Toraja Sapan Minanga, Tana Toraja",9.15
4/28/2025,"Brazil: Fazenda Bela Vista, Sul de Minas",9.5
4/28/2025,"Honduras: Organic 18 Rabbit Black, Marcala",9.7
4/28/2025,"India: Mysore Nuggets, Chikmagalur District",9.15
4/28/2025,"Mexico: Rancho San Francisco, Chiapas",8.4
4/28/2025,"Guatemala: Organic Asdecafe SHB, Huehuetenango",8.35
4/28/2025,"Yemen: Northern Crown Khulani, Sa'adah Governorate",18
4/28/2025,Brazil Daterra Summer Solstice,9.6
4/28/2025,"Costa Rica: El Conquistador, Tarrazu",8.15
4/28/2025,Costa Rica: Decaf El Indio SWP,11.5
4/28/2025,"Colombia: Decaf EA, Cauca",10.4
4/28/2025,"Mexico: Turquesa HG, Chiapas",8.96
4/28/2025,"Sumatra: Raja Batak Peaberry, Lintong",8.9
4/28/2025,"Sulawesi: Kalossi, Tana Toraja",10.15
4/28/2025,CBC Blend: Four Horseman,8.6
4/28/2025,"Brazil: Pearl Bourbon Peaberry, Daterra Estate",9.55
4/28/2025,"Brazil: Organic Fazenda Dutra 14/16, Matas de Minas",11.15
4/28/2025,"Guatemala: La Flor Del Cafe Peaberry, Antigua",8.35
4/28/2025,"Java: Organic Taman Dadar, Kayumas",11.5
4/28/2025,"Papua New Guinea: Mile High A, Eastern Highlands",10.6
4/28/2025,"Brazil: Decaf Mogiana, Sul de Minas",10.6
4/28/2025,"Java: Blawan Estate, East Java",10.95
4/28/2025,"Honduras: Kingdom Growers SHG, Montecillos",9.55
4/28/2025,"Costa Rica: Organic La Amistad, Coto Brus",10.7
4/28/2025,"Nicaragua: Las Segovias Coop SHG, San Juan del Rio Coco",9.05
4/28/2025,"Colombia: Pink Bourbon, Huila",10.05
4/28/2025,"Peru: Organic Decaf Sol Y Cafe, Cajamarca",11.85
4/28/2025,CBC Blend: Red Sea,10.95
4/28/2025,"Papua New Guinea: Organic Purosa A/X, Eastern Highlands",10
4/28/2025,CBC Blend: Kope Kapuna,8.9
4/28/2025,CBC Blend: Organic Big Black,12.35
4/28/2025,"Vietnam: Robusta, Central Highlands",8.1
4/28/2025,"Panama: Finca La Santa SHB EP, Boquete",9.55
4/28/2025,"Ethiopia: Decaf Sidamo Natural, Sidamo",10.6
4/28/2025,"Papua New Guinea: Arokara AA, Eastern Highlands",7.9
4/28/2025,"Dominican Republic: Ramirez Natural, Jarabacoa",9.6
4/28/2025,"Multi Origin: Decaf Morning Glory, Multi Origin Blend",11.45
4/28/2025,CBC Blend: Organic Kope Kapuna,10.5
4/28/2025,"Honduras: Organic 18 Rabbit Natural, Marcala",12.1
4/28/2025,"Sumatra: Mutu Batak, Lintong",9.05
4/28/2025,"Haiti: Savanne Zombie, Central Plateau",11.65
4/28/2025,"Brazil: Sweet Yellow, Daterra Estate",9.6
4/28/2025,"Timor: Organic Decaf Cafe Timor Coop, East Timor",11.25
4/28/2025,"Bolivia: Apolo, La Paz Department",9.6
4/28/2025,"Guatemala: Robusta, Chimaltenango",7.8
4/28/2025,"Honduras: Organic 18 Rabbit Red, Marcala",10.65
4/28/2025,"Haiti: Marre Blanc, Central Plateau",13.5
4/28/2025,"Haiti: Blue Pine, Central Plateau",11.15
4/28/2025,"Kenya: Peaberry Plus 15/16, Kirinyaga County",10.3
4/28/2025,"Ethiopia: Shantawene Abore G1, Sidamo",9.5
4/28/2025,CBC Blend: Highland,8.25
4/28/2025,"Rwanda: Kawa Yacu Women's Co-Op, Karongi District",9.75
4/28/2025,"Honduras: Organic 18 Rabbit Yellow, Marcala",10.65
4/28/2025,"Guatemala: Geisha Honey SHB EP, San Marcos",21.6
4/28/2025,"Yemen: Mocca Peaberry, Sana'a Governorate",18
4/28/2025,"Sumatra: Organic Decaf Mandheling, Aceh",14.75
4/28/2025,Seasoning Beans,5.95
4/28/2025,"Sumatra: Tiger, Lintong",11.4
4/28/2025,"Hawaii: Kona Purple Mountain, Honaunau District",44.75
4/28/2025,"Ethiopia: Kembata G1, Durame Village",8.7
4/28/2025,"Jamaica: Blue Mountain, Clydesdale",43.95
4/28/2025,CBC Blend: High Octane Robusta Blend,11.75
4/28/2025,"Guatemala: Dulce Leonarda Estate HHT, Huehuetenango",10.35
4/28/2025,"Bolivia: Organic Caranavi FTO, La Paz Department",9.25
4/28/2025,"Burundi: Bavyeyi, Ngozi",9.7
4/28/2025,"Burundi: Hafi, Muyinga",9.7
4/28/2025,"Costa Rica: Finca El Melico Geisha, La Pena",27.95
4/28/2025,"Ethiopia: Adame Gorbota G1, Yirgacheffe",9.25
4/28/2025,"Ethiopia: Organic Shantawene G1, Sidamo",9.65
4/28/2025,"Ethiopia: Organic Zelelu Ararso G1, Yirgacheffe",9.85
4/28/2025,"Hawaii: Kona Peaberry, Mauka Honaunau District",47.15
4/28/2025,"Kenya: Organic Muiri Estate, Kiambu County",9.75
4/28/2025,"Panama: Janson Farms Geisha, Volcan High Lands",34.85
4/28/2025,"Papua New Guinea: Organic Decaf Purosa A/X, Eastern Highlands",10.75
4/28/2025,"Vietnam: Robusta Honey, Central Highlands",7.05
4/28/2025,"Yemen: Mocca Mattari, Sana’a Governorate",15.6
5/2/2025,"Ethiopia: Misty Valley, Yirgacheffe",10.5
5/2/2025,"Costa Rica: La Minita Estate, Tarrazu",9.5
5/2/2025,"Costa Rica: La Magnolia, Tres Rios",7.6
5/2/2025,"Mexico: La Laja Honey, Tlaltetela, Veracruz",7.4
5/2/2025,"Guatemala: Finca Santa Margarita, Acatenango",8
5/2/2025,"Ethiopia: Organic Limu G2, Oromia",8.3
5/2/2025,"Colombia: Organic Sierra Nevada FTO, Santa Marta",10.3
5/2/2025,"Brazil: Cerrado 17/18, Minas Gerais",7.3
5/2/2025,"Colombia: Supremo EP, Huila",7.85
5/2/2025,"Mexico: Organic Mocabe HG, Chiapas",10.95
5/2/2025,"Colombia: Reserva Del Patron, Narino",7.85
5/2/2025,"Colombia: El Gato Supremo, Bucaramanga",8.95
5/2/2025,"Tanzania: Peaberry, Kilimanjaro",9.4
5/2/2025,"Costa Rica: La Gladiola, Tarrazu",7.7
5/2/2025,"Haiti: Organic Haitian Blue, Norde",16.95
5/2/2025,"Guatemala: La Flor Del Cafe, Antigua",8.45
5/2/2025,"Bali: Organic Blue Moon, Kintamani Highlands",11.25
5/2/2025,CBC Blend: Ferdelance,9.5
5/2/2025,"Brazil: Oberon, Cerrado",9.95
5/2/2025,"Brazil: Sweet Blue, Daterra Estate",9.65
5/2/2025,"Mexico: Organic Cepco Oaxaca, Oaxaca",11.15
5/2/2025,"Ethiopia: Organic Konga G2, Yirgacheffe",9.65
5/2/2025,"Peru: Organic Finca La Esperanza G1, San Martin",9.45
5/2/2025,"Honduras: Organic 18 Rabbit Washed, Marcala",10.85
5/2/2025,"Ethiopia: Queen City, Harrar",9.95
5/2/2025,"Indonesia: Organic Decaf Bali Hai, Indonesia Blend",9.35
5/2/2025,"Kenya: Select Plus AA, Kiambu County",10.4
5/2/2025,"Ethiopia: Durato Bombe, Sidamo",9.65
5/2/2025,"Sumatra: Mandheling G1, Aceh",11.15
5/2/2025,"Sumatra: Organic Mandheling, Aceh",11.4
5/2/2025,"Brazil: CHC Reserve Espresso, Daterra Estate",8.65
5/2/2025,India: Cherry Robusta,7.4
5/2/2025,"Timor: Organic Cafe Timor Coop, East Timor",8.96
5/2/2025,CBC Blend: True Mocca Java,13.5
5/2/2025,"Uganda: Organic Bugisu, Sipi Falls",10.1
5/2/2025,"El Salvador: Finca La Esperanza, Santa Ana",10.8
5/2/2025,"Guatemala: HHT SHB, Huehuetenango",9.05
5/2/2025,CBC Blend: Onobeano's Latte,10.9
5/2/2025,"Bali: Organic Kintamani, Kintamani Highlands",10.65
5/2/2025,"Peru: Organic La Florida, Selva Central",11.25
5/2/2025,"Ethiopia: Longberry, Harrar",8.5
5/2/2025,"Guatemala: Finca Vallure, Huehuetenango",9.05
5/2/2025,"India: Monsooned Malabar AA, Karnataka",10.4
5/2/2025,"Timor: Organic Heritage Reserve FTO, East Timor",10.75
5/2/2025,"Dominican Republic: Organic Ramirez Washed, Jarabacoa",11.45
5/2/2025,"Dominican Republic: Organic Ramirez Red Honey, Jarabacoa",9.75
5/2/2025,"Uganda: Mt Elgon A, Bugisu",9.3
5/2/2025,"Uganda: Kaweri Robusta, Mubende",10.25
5/2/2025,"Guatemala: Decaf HHT Royal Select, Huehuetenango",12.75
5/2/2025,"Mexico: Rancho San Francisco, Chiapas",8.4
5/2/2025,"Costa Rica: El Conquistador, Tarrazu",8.25
5/2/2025,"India: Mysore Nuggets, Chikmagalur District",8.24
5/2/2025,"Sulawesi:Toraja Sapan Minanga, Tana Toraja",9.15
5/2/2025,"Brazil: Fazenda Bela Vista, Sul de Minas",9.5
5/2/2025,Rwanda: Organic Hingakawa Women’s Co-op FTO,8.25
5/2/2025,"Guatemala: Organic Asdecafe SHB, Huehuetenango",11.5
5/2/2025,"Honduras: Organic 18 Rabbit Black, Marcala",9.7
5/2/2025,"Mexico: Turquesa HG, Chiapas",9.95
5/2/2025,Brazil Daterra Summer Solstice,9.6
5/2/2025,"Colombia: Decaf EA, Cauca",10.4
5/2/2025,Costa Rica: Decaf El Indio SWP,11.5
5/2/2025,"Yemen: Northern Crown Khulani, Sa'adah Governorate",18
5/2/2025,"Sumatra: Raja Batak Peaberry, Lintong",8.9
5/2/2025,CBC Blend: Four Horseman,8.6
5/2/2025,"Sulawesi: Kalossi, Tana Toraja",8.15
5/2/2025,"Brazil: Pearl Bourbon Peaberry, Daterra Estate",9.55
5/2/2025,"Guatemala: La Flor Del Cafe Peaberry, Antigua",8.35
5/2/2025,"Papua New Guinea: Mile High A, Eastern Highlands",10.6
5/2/2025,"Java: Organic Taman Dadar, Kayumas",11.5
5/2/2025,"Costa Rica: Organic La Amistad, Coto Brus",10.7
5/2/2025,"Vietnam: Robusta, Central Highlands",8.1
5/2/2025,"Brazil: Organic Fazenda Dutra 14/16, Matas de Minas",11.15
5/2/2025,"Nicaragua: Las Segovias Coop SHG, San Juan del Rio Coco",9.05
5/2/2025,"Brazil: Decaf Mogiana, Sul de Minas",10.6
5/2/2025,"Honduras: Kingdom Growers SHG, Montecillos",9.55
5/2/2025,CBC Blend: Red Sea,10.95
5/2/2025,"Java: Blawan Estate, East Java",10.95
5/2/2025,"Peru: Organic Decaf Sol Y Cafe, Cajamarca",11.85
5/2/2025,CBC Blend: Kope Kapuna,8.9
5/2/2025,CBC Blend: Organic Big Black,12.35
5/2/2025,"Panama: Finca La Santa SHB EP, Boquete",9.55
5/2/2025,"Ethiopia: Decaf Sidamo Natural, Sidamo",10.6
5/2/2025,"Papua New Guinea: Organic Purosa A/X, Eastern Highlands",10
5/2/2025,"Sumatra: Mutu Batak, Lintong",8.14
5/2/2025,"Multi Origin: Decaf Morning Glory, Multi Origin Blend",11.45
5/2/2025,"Dominican Republic: Ramirez Natural, Jarabacoa",9.6
5/2/2025,CBC Blend: Organic Kope Kapuna,10.5
5/2/2025,"Honduras: Organic 18 Rabbit Natural, Marcala",12.1
5/2/2025,"Papua New Guinea: Arokara AA, Eastern Highlands",7.9
5/2/2025,"Haiti: Savanne Zombie, Central Plateau",11.65
5/2/2025,"Brazil: Sweet Yellow, Daterra Estate",9.6
5/2/2025,"Honduras: Organic 18 Rabbit Red, Marcala",10.65
5/2/2025,"Timor: Organic Decaf Cafe Timor Coop, East Timor",11.25
5/2/2025,"Kenya: Peaberry Plus 15/16, Kirinyaga County",10.3
5/2/2025,"Bolivia: Apolo, La Paz Department",9.6
5/2/2025,"Haiti: Blue Pine, Central Plateau",11.15
5/2/2025,"Haiti: Marre Blanc, Central Plateau",13.5
5/2/2025,"Ethiopia: Shantawene Abore G1, Sidamo",9.5
5/2/2025,CBC Blend: Highland,8.25
5/2/2025,"Guatemala: Geisha Honey SHB EP, San Marcos",24
5/2/2025,"Honduras: Organic 18 Rabbit Yellow, Marcala",10.65
5/2/2025,"Rwanda: Kawa Yacu Women's Co-Op, Karongi District",9.75
5/2/2025,"Yemen: Mocca Peaberry, Sana'a Governorate",18
5/2/2025,"Sumatra: Organic Decaf Mandheling, Aceh",14.75
5/2/2025,Seasoning Beans,5.95
5/2/2025,"Sumatra: Tiger, Lintong",13.65
5/2/2025,"Hawaii: Kona Purple Mountain, Honaunau District",44.75
5/2/2025,"Ethiopia: Kembata G1, Durame Village",8.7
5/2/2025,CBC Blend: High Octane Robusta Blend,11.75
5/2/2025,"Jamaica: Blue Mountain, Clydesdale",43.95
5/2/2025,"Guatemala: Dulce Leonarda Estate HHT, Huehuetenango",10.35
5/2/2025,"Bolivia: Organic Caranavi FTO, La Paz Department",9.25
5/2/2025,"Guatemala: Robusta, Chimaltenango",7.8
5/2/2025,"Hawaii: Kona Peaberry, Mauka Honaunau District",47.15
5/2/2025,"Panama: Janson Farms Geisha, Volcan High Lands",34.85
5/2/2025,"Papua New Guinea: Organic Decaf Purosa A/X, Eastern Highlands",10.75
5/2/2025,"Yemen: Mocca Mattari, Sana’a Governorate",15.6
5/6/2025,"Costa Rica: La Minita Estate, Tarrazu",10
5/6/2025,"Costa Rica: La Magnolia, Tres Rios",8
5/6/2025,"Ethiopia: Misty Valley, Yirgacheffe",11.5
5/6/2025,"Guatemala: Finca Santa Margarita, Acatenango",8.4
5/6/2025,"Mexico: La Laja Honey, Tlaltetela, Veracruz",7.8
5/6/2025,"Colombia: Organic Sierra Nevada FTO, Santa Marta",10.85
5/6/2025,"Ethiopia: Organic Limu G2, Oromia",8.75
5/6/2025,"Colombia: El Gato Supremo, Bucaramanga",9.4
5/6/2025,"Brazil: Cerrado 17/18, Minas Gerais",7.7
5/6/2025,"Colombia: Reserva Del Patron, Narino",8.25
5/6/2025,"Mexico: Organic Mocabe HG, Chiapas",11.5
5/6/2025,"Colombia: Supremo EP, Huila",8.25
5/6/2025,"Tanzania: Peaberry, Kilimanjaro",9.9
5/6/2025,"Costa Rica: La Gladiola, Tarrazu",8.1
5/6/2025,"Bali: Organic Blue Moon, Kintamani Highlands",11.85
5/6/2025,"Guatemala: La Flor Del Cafe, Antigua",8.9
5/6/2025,"Haiti: Organic Haitian Blue, Norde",17.8
5/6/2025,"Brazil: Oberon, Cerrado",10.45
5/6/2025,CBC Blend: Ferdelance,10
5/6/2025,"Mexico: Organic Cepco Oaxaca, Oaxaca",11.75
5/6/2025,"Brazil: Sweet Blue, Daterra Estate",10.15
5/6/2025,"Ethiopia: Queen City, Harrar",8.45
5/6/2025,"Indonesia: Organic Decaf Bali Hai, Indonesia Blend",9.85
5/6/2025,"Timor: Organic Cafe Timor Coop, East Timor",9.4
5/6/2025,"Honduras: Organic 18 Rabbit Washed, Marcala",11.4
5/6/2025,"Kenya: Select Plus AA, Kiambu County",10.95
5/6/2025,"Peru: Organic Finca La Esperanza G1, San Martin",9.95
5/6/2025,"Brazil: CHC Reserve Espresso, Daterra Estate",9.1
5/6/2025,"Ethiopia: Organic Konga G2, Yirgacheffe",10.15
5/6/2025,"Sumatra: Mandheling G1, Aceh",11.75
5/6/2025,India: Cherry Robusta,7.8
5/6/2025,"Sumatra: Organic Mandheling, Aceh",12
5/6/2025,"Mexico: Rancho San Francisco, Chiapas",8.85
5/6/2025,"Guatemala: HHT SHB, Huehuetenango",9.5
5/6/2025,"Uganda: Organic Bugisu, Sipi Falls",10.6
5/6/2025,"El Salvador: Finca La Esperanza, Santa Ana",11.35
5/6/2025,CBC Blend: True Mocca Java,14.2
5/6/2025,"Ethiopia: Durato Bombe, Sidamo",10.15
5/6/2025,CBC Blend: Onobeano's Latte,11.45
5/6/2025,"Uganda: Kaweri Robusta, Mubende",10.8
5/6/2025,"Ethiopia: Longberry, Harrar",8.95
5/6/2025,"Peru: Organic La Florida, Selva Central",11.85
5/6/2025,"Costa Rica: El Conquistador, Tarrazu",8.7
5/6/2025,"Bali: Organic Kintamani, Kintamani Highlands",11.2
5/6/2025,"Sulawesi: Kalossi, Tana Toraja",10.7
5/6/2025,"Dominican Republic: Organic Ramirez Washed, Jarabacoa",12.05
5/6/2025,"Guatemala: Finca Vallure, Huehuetenango",9.5
5/6/2025,"Timor: Organic Heritage Reserve FTO, East Timor",11.3
5/6/2025,"Uganda: Mt Elgon A, Bugisu",9.8
5/6/2025,"India: Mysore Nuggets, Chikmagalur District",8.68
5/6/2025,"India: Monsooned Malabar AA, Karnataka",10.95
5/6/2025,"Guatemala: Organic Asdecafe SHB, Huehuetenango",12.1
5/6/2025,"Guatemala: Decaf HHT Royal Select, Huehuetenango",12.06
5/6/2025,"Brazil: Fazenda Bela Vista, Sul de Minas",10
5/6/2025,"Dominican Republic: Organic Ramirez Red Honey, Jarabacoa",10.25
5/6/2025,"Sulawesi:Toraja Sapan Minanga, Tana Toraja",9.65
5/6/2025,"Colombia: Decaf EA, Cauca",10.95
5/6/2025,"Mexico: Turquesa HG, Chiapas",10.45
5/6/2025,Brazil Daterra Summer Solstice,10.1
5/6/2025,Costa Rica: Decaf El Indio SWP,12.1
5/6/2025,"Vietnam: Robusta, Central Highlands",8.5
5/6/2025,Rwanda: Organic Hingakawa Women’s Co-op FTO,8.7
5/6/2025,"Guatemala: La Flor Del Cafe Peaberry, Antigua",8.8
5/6/2025,"Yemen: Northern Crown Khulani, Sa'adah Governorate",18.9
5/6/2025,"Sumatra: Raja Batak Peaberry, Lintong",9.35
5/6/2025,CBC Blend: Four Horseman,9.05
5/6/2025,"Honduras: Organic 18 Rabbit Black, Marcala",10.2
5/6/2025,"Papua New Guinea: Mile High A, Eastern Highlands",11.15
5/6/2025,"Brazil: Pearl Bourbon Peaberry, Daterra Estate",10.05
5/6/2025,"Costa Rica: Organic La Amistad, Coto Brus",11.25
5/6/2025,"Java: Organic Taman Dadar, Kayumas",12.1
5/6/2025,"Peru: Organic Decaf Sol Y Cafe, Cajamarca",12.45
5/6/2025,"Sumatra: Mutu Batak, Lintong",8.55
5/6/2025,CBC Blend: Red Sea,11.5
5/6/2025,"Yemen: Mocca Peaberry, Sana'a Governorate",18.9
5/6/2025,"Brazil: Organic Fazenda Dutra 14/16, Matas de Minas",11.75
5/6/2025,CBC Blend: Kope Kapuna,9.35
5/6/2025,CBC Blend: Organic Big Black,13
5/6/2025,"Honduras: Kingdom Growers SHG, Montecillos",10.05
5/6/2025,"Java: Blawan Estate, East Java",11.5
5/6/2025,"Nicaragua: Las Segovias Coop SHG, San Juan del Rio Coco",9.5
5/6/2025,"Brazil: Decaf Mogiana, Sul de Minas",11.15
5/6/2025,"Ethiopia: Decaf Sidamo Natural, Sidamo",11.15
5/6/2025,"Honduras: Organic 18 Rabbit Natural, Marcala",12.7
5/6/2025,"Panama: Finca La Santa SHB EP, Boquete",10.05
5/6/2025,"Honduras: Organic 18 Rabbit Red, Marcala",11.2
5/6/2025,"Dominican Republic: Ramirez Natural, Jarabacoa",10.1
5/6/2025,"Multi Origin: Decaf Morning Glory, Multi Origin Blend",12.05
5/6/2025,CBC Blend: Organic Kope Kapuna,11.05
5/6/2025,"Brazil: Sweet Yellow, Daterra Estate",10.1
5/6/2025,"Kenya: Peaberry Plus 15/16, Kirinyaga County",10.85
5/6/2025,"Papua New Guinea: Organic Purosa A/X, Eastern Highlands",10.5
5/6/2025,"Haiti: Savanne Zombie, Central Plateau",12.25
5/6/2025,"Papua New Guinea: Arokara AA, Eastern Highlands",8.3
5/6/2025,"Timor: Organic Decaf Cafe Timor Coop, East Timor",11.85
5/6/2025,"Haiti: Blue Pine, Central Plateau",11.75
5/6/2025,"Haiti: Marre Blanc, Central Plateau",14.2
5/6/2025,"Guatemala: Geisha Honey SHB EP, San Marcos",25.2
5/6/2025,CBC Blend: Highland,8.7
5/6/2025,"Bolivia: Apolo, La Paz Department",10.1
5/6/2025,"Honduras: Organic 18 Rabbit Yellow, Marcala",11.2
5/6/2025,"Rwanda: Kawa Yacu Women's Co-Op, Karongi District",10.25
5/6/2025,Seasoning Beans,6.25
5/6/2025,"Ethiopia: Shantawene Abore G1, Sidamo",10
5/6/2025,"Sumatra: Organic Decaf Mandheling, Aceh",15.5
5/6/2025,"Sumatra: Tiger, Lintong",14.35
5/6/2025,"Hawaii: Kona Purple Mountain, Honaunau District",44.75
5/6/2025,"Ethiopia: Kembata G1, Durame Village",9.15
5/6/2025,CBC Blend: High Octane Robusta Blend,12.35
5/6/2025,"Jamaica: Blue Mountain, Clydesdale",46.15
5/6/2025,"Guatemala: Dulce Leonarda Estate HHT, Huehuetenango",10.9
5/6/2025,"Bolivia: Organic Caranavi FTO, La Paz Department",9.75
5/6/2025,"Guatemala: Robusta, Chimaltenango",8.2
5/6/2025,"Hawaii: Kona Peaberry, Mauka Honaunau District",47.15
5/6/2025,"Panama: Janson Farms Geisha, Volcan High Lands",36.6
5/6/2025,"Papua New Guinea: Organic Decaf Purosa A/X, Eastern Highlands",11.3
5/6/2025,"Yemen: Mocca Mattari, Sana’a Governorate",16.4
5/12/2025,"Ethiopia: Misty Valley, Yirgacheffe",11.5
5/12/2025,"Costa Rica: La Magnolia, Tres Rios",8
5/12/2025,"Costa Rica: La Minita Estate, Tarrazu",10
5/12/2025,"Colombia: Organic Sierra Nevada FTO, Santa Marta",10.85
5/12/2025,"Mexico: La Laja Honey, Tlaltetela, Veracruz",7.8
5/12/2025,"Guatemala: Finca Santa Margarita, Acatenango",8.4
5/12/2025,"Colombia: El Gato Supremo, Bucaramanga",9.4
5/12/2025,"Brazil: Cerrado 17/18, Minas Gerais",7.7
5/12/2025,"Colombia: Supremo EP, Huila",8.25
5/12/2025,"Colombia: Reserva Del Patron, Narino",8.25
5/12/2025,"Mexico: Organic Mocabe HG, Chiapas",11.5
5/12/2025,"Ethiopia: Organic Limu G2, Oromia",8.75
5/12/2025,"Tanzania: Peaberry, Kilimanjaro",9.9
5/12/2025,"Bali: Organic Blue Moon, Kintamani Highlands",11.85
5/12/2025,"Costa Rica: La Gladiola, Tarrazu",8.1
5/12/2025,"Ethiopia: Queen City, Harrar",10.45
5/12/2025,"Guatemala: La Flor Del Cafe, Antigua",8.9
5/12/2025,"Haiti: Organic Haitian Blue, Norde",17.8
5/12/2025,"Timor: Organic Cafe Timor Coop, East Timor",9.4
5/12/2025,"Brazil: Oberon, Cerrado",10.45
5/12/2025,CBC Blend: Ferdelance,10
5/12/2025,"Brazil: Sweet Blue, Daterra Estate",10.15
5/12/2025,"Mexico: Organic Cepco Oaxaca, Oaxaca",11.75
5/12/2025,"Kenya: Select Plus AA, Kiambu County",10.95
5/12/2025,"Honduras: Organic 18 Rabbit Washed, Marcala",11.4
5/12/2025,"Indonesia: Organic Decaf Bali Hai, Indonesia Blend",9.85
5/12/2025,"Mexico: Rancho San Francisco, Chiapas",8.85
5/12/2025,"Costa Rica: El Conquistador, Tarrazu",8.7
5/12/2025,"Sumatra: Mandheling G1, Aceh",11.75
5/12/2025,"Guatemala: HHT SHB, Huehuetenango",9.5
5/12/2025,India: Cherry Robusta,7.8
5/12/2025,"Uganda: Organic Bugisu, Sipi Falls",10.6
5/12/2025,"Brazil: CHC Reserve Espresso, Daterra Estate",9.1
5/12/2025,"El Salvador: Finca La Esperanza, Santa Ana",11.35
5/12/2025,"Sumatra: Organic Mandheling, Aceh",12
5/12/2025,CBC Blend: True Mocca Java,14.2
5/12/2025,"Peru: Organic Finca La Esperanza G1, San Martin",9.95
5/12/2025,"Ethiopia: Durato Bombe, Sidamo",10.15
5/12/2025,"Uganda: Kaweri Robusta, Mubende",10.8
5/12/2025,"Ethiopia: Organic Konga G2, Yirgacheffe",10.15
5/12/2025,CBC Blend: Onobeano's Latte,11.45
5/12/2025,"Ethiopia: Longberry, Harrar",8.95
5/12/2025,"Bali: Organic Kintamani, Kintamani Highlands",11.2
5/12/2025,"Sulawesi: Kalossi, Tana Toraja",10.7
5/12/2025,"Peru: Organic La Florida, Selva Central",11.85
5/12/2025,"India: Mysore Nuggets, Chikmagalur District",8.68
5/12/2025,"Guatemala: Finca Vallure, Huehuetenango",9.5
5/12/2025,"Dominican Republic: Organic Ramirez Washed, Jarabacoa",12.05
5/12/2025,"Timor: Organic Heritage Reserve FTO, East Timor",11.3
5/12/2025,"Vietnam: Robusta, Central Highlands",8.5
5/12/2025,"Uganda: Mt Elgon A, Bugisu",9.8
5/12/2025,"Guatemala: Decaf HHT Royal Select, Huehuetenango",12.06
5/12/2025,"Colombia: Decaf EA, Cauca",10.95
5/12/2025,"Brazil: Fazenda Bela Vista, Sul de Minas",10
5/12/2025,"India: Monsooned Malabar AA, Karnataka",10.95
5/12/2025,"Mexico: Turquesa HG, Chiapas",10.45
5/12/2025,"Dominican Republic: Organic Ramirez Red Honey, Jarabacoa",10.25
5/12/2025,"Guatemala: Organic Asdecafe SHB, Huehuetenango",12.1
5/12/2025,"Sulawesi:Toraja Sapan Minanga, Tana Toraja",9.65
5/12/2025,Costa Rica: Decaf El Indio SWP,12.1
5/12/2025,"Guatemala: La Flor Del Cafe Peaberry, Antigua",8.8
5/12/2025,Brazil Daterra Summer Solstice,10.1
5/12/2025,"Sumatra: Raja Batak Peaberry, Lintong",9.35
5/12/2025,"Yemen: Northern Crown Khulani, Sa'adah Governorate",18.9
5/12/2025,"Papua New Guinea: Mile High A, Eastern Highlands",11.15
5/12/2025,"Honduras: Organic 18 Rabbit Black, Marcala",10.2
5/12/2025,Rwanda: Organic Hingakawa Women’s Co-op FTO,8.7
5/12/2025,"Brazil: Pearl Bourbon Peaberry, Daterra Estate",10.05
5/12/2025,"Sumatra: Mutu Batak, Lintong",8.55
5/12/2025,"Peru: Organic Decaf Sol Y Cafe, Cajamarca",12.45
5/12/2025,CBC Blend: Four Horseman,9.05
5/12/2025,CBC Blend: Red Sea,11.5
5/12/2025,"Costa Rica: Organic La Amistad, Coto Brus",11.25
5/12/2025,"Yemen: Mocca Peaberry, Sana'a Governorate",18.9
5/12/2025,"Java: Blawan Estate, East Java",11.5
5/12/2025,"Java: Organic Taman Dadar, Kayumas",12.1
5/12/2025,"Brazil: Organic Fazenda Dutra 14/16, Matas de Minas",11.75
5/12/2025,CBC Blend: Kope Kapuna,9.35
5/12/2025,CBC Blend: Organic Big Black,13
5/12/2025,"Nicaragua: Las Segovias Coop SHG, San Juan del Rio Coco",9.5
5/12/2025,"Brazil: Decaf Mogiana, Sul de Minas",11.15
5/12/2025,"Ethiopia: Decaf Sidamo Natural, Sidamo",11.15
5/12/2025,"Honduras: Kingdom Growers SHG, Montecillos",10.05
5/12/2025,"Honduras: Organic 18 Rabbit Natural, Marcala",12.7
5/12/2025,"Honduras: Organic 18 Rabbit Red, Marcala",11.2
5/12/2025,"Kenya: Peaberry Plus 15/16, Kirinyaga County",10.85
5/12/2025,"Brazil: Sweet Yellow, Daterra Estate",10.1
5/12/2025,"Multi Origin: Decaf Morning Glory, Multi Origin Blend",12.05
5/12/2025,CBC Blend: Organic Kope Kapuna,11.05
5/12/2025,"Dominican Republic: Ramirez Natural, Jarabacoa",10.1
5/12/2025,"Haiti: Savanne Zombie, Central Plateau",12.25
5/12/2025,"Papua New Guinea: Arokara AA, Eastern Highlands",8.3
5/12/2025,"Timor: Organic Decaf Cafe Timor Coop, East Timor",11.85
5/12/2025,"Haiti: Blue Pine, Central Plateau",11.75
5/12/2025,"Papua New Guinea: Organic Purosa A/X, Eastern Highlands",10.5
5/12/2025,"Guatemala: Geisha Honey SHB EP, San Marcos",25.2
5/12/2025,"Haiti: Marre Blanc, Central Plateau",14.2
5/12/2025,Seasoning Beans,6.25
5/12/2025,"Panama: Finca La Santa SHB EP, Boquete",10.05
5/12/2025,"Sumatra: Organic Decaf Mandheling, Aceh",15.5
5/12/2025,"Honduras: Organic 18 Rabbit Yellow, Marcala",11.2
5/12/2025,"Bolivia: Apolo, La Paz Department",10.1
5/12/2025,"Rwanda: Kawa Yacu Women's Co-Op, Karongi District",10.25
5/12/2025,CBC Blend: Highland,8.7
5/12/2025,"Ethiopia: Shantawene Abore G1, Sidamo",10
5/12/2025,"Sumatra: Tiger, Lintong",14.35
5/12/2025,"Hawaii: Kona Purple Mountain, Honaunau District",44.75
5/12/2025,"Ethiopia: Kembata G1, Durame Village",9.15
5/12/2025,CBC Blend: High Octane Robusta Blend,12.35
5/12/2025,"Guatemala: Dulce Leonarda Estate HHT, Huehuetenango",10.9
5/12/2025,"Jamaica: Blue Mountain, Clydesdale",46.15
5/12/2025,"Bolivia: Organic Caranavi FTO, La Paz Department",9.75
5/12/2025,"Guatemala: Robusta, Chimaltenango",8.2
5/12/2025,"Hawaii: Kona Peaberry, Mauka Honaunau District",47.15
5/12/2025,"Panama: Janson Farms Geisha, Volcan High Lands",36.6
5/12/2025,"Papua New Guinea: Organic Decaf Purosa A/X, Eastern Highlands",11.3
5/12/2025,"Yemen: Mocca Mattari, Sana’a Governorate",16.4
5/13/2025,"Ethiopia: Misty Valley, Yirgacheffe",11.5
5/13/2025,"Costa Rica: La Magnolia, Tres Rios",8
5/13/2025,"Costa Rica: La Minita Estate, Tarrazu",10
5/13/2025,"Colombia: Organic Sierra Nevada FTO, Santa Marta",9.35
5/13/2025,"Mexico: La Laja Honey, Tlaltetela, Veracruz",7.8
5/13/2025,"Guatemala: Finca Santa Margarita, Acatenango",7.56
5/13/2025,"Colombia: El Gato Supremo, Bucaramanga",9.4
5/13/2025,"Colombia: Supremo EP, Huila",6.75
5/13/2025,"Colombia: Reserva Del Patron, Narino",8.25
5/13/2025,"Brazil: Cerrado 17/18, Minas Gerais",7.7
5/13/2025,"Mexico: Organic Mocabe HG, Chiapas",11.5
5/13/2025,"Ethiopia: Organic Limu G2, Oromia",8.75
5/13/2025,"Tanzania: Peaberry, Kilimanjaro",9.9
5/13/2025,"Bali: Organic Blue Moon, Kintamani Highlands",11.85
5/13/2025,"Ethiopia: Queen City, Harrar",10.45
5/13/2025,"Costa Rica: La Gladiola, Tarrazu",8.1
5/13/2025,"Guatemala: La Flor Del Cafe, Antigua",8.9
5/13/2025,"Timor: Organic Cafe Timor Coop, East Timor",10.45
5/13/2025,"Haiti: Organic Haitian Blue, Norde",17.8
5/13/2025,"Brazil: Sweet Blue, Daterra Estate",10.15
5/13/2025,"Brazil: Oberon, Cerrado",10.45
5/13/2025,CBC Blend: Ferdelance,10
5/13/2025,"Mexico: Organic Cepco Oaxaca, Oaxaca",11.75
5/13/2025,"Kenya: Select Plus AA, Kiambu County",10.95
5/13/2025,"Costa Rica: El Conquistador, Tarrazu",8.7
5/13/2025,"Honduras: Organic 18 Rabbit Washed, Marcala",11.4
5/13/2025,"Mexico: Rancho San Francisco, Chiapas",8.85
5/13/2025,"Sumatra: Mandheling G1, Aceh",11.75
5/13/2025,"Guatemala: HHT SHB, Huehuetenango",9.5
5/13/2025,India: Cherry Robusta,7.8
5/13/2025,"Indonesia: Organic Decaf Bali Hai, Indonesia Blend",9.85
5/13/2025,"Uganda: Organic Bugisu, Sipi Falls",10.6
5/13/2025,"Brazil: CHC Reserve Espresso, Daterra Estate",9.1
5/13/2025,"El Salvador: Finca La Esperanza, Santa Ana",11.35
5/13/2025,CBC Blend: True Mocca Java,14.2
5/13/2025,"Sumatra: Organic Mandheling, Aceh",12
5/13/2025,"Ethiopia: Durato Bombe, Sidamo",10.15
5/13/2025,"Peru: Organic Finca La Esperanza G1, San Martin",8.96
5/13/2025,"Uganda: Kaweri Robusta, Mubende",10.8
5/13/2025,"Ethiopia: Organic Konga G2, Yirgacheffe",10.15
5/13/2025,CBC Blend: Onobeano's Latte,11.45
5/13/2025,"Ethiopia: Longberry, Harrar",8.95
5/13/2025,"Bali: Organic Kintamani, Kintamani Highlands",11.2
5/13/2025,"Peru: Organic La Florida, Selva Central",11.85
5/13/2025,"India: Mysore Nuggets, Chikmagalur District",9.65
5/13/2025,"Sulawesi: Kalossi, Tana Toraja",10.7
5/13/2025,"Guatemala: Finca Vallure, Huehuetenango",9.5
5/13/2025,"Vietnam: Robusta, Central Highlands",8.5
5/13/2025,"Timor: Organic Heritage Reserve FTO, East Timor",11.3
5/13/2025,"Dominican Republic: Organic Ramirez Washed, Jarabacoa",12.05
5/13/2025,"Uganda: Mt Elgon A, Bugisu",9.8
5/13/2025,"Guatemala: Decaf HHT Royal Select, Huehuetenango",13.4
5/13/2025,"Colombia: Decaf EA, Cauca",10.95
5/13/2025,"Brazil: Fazenda Bela Vista, Sul de Minas",10
5/13/2025,"India: Monsooned Malabar AA, Karnataka",10.95
5/13/2025,"Guatemala: Organic Asdecafe SHB, Huehuetenango",12.1
5/13/2025,"Dominican Republic: Organic Ramirez Red Honey, Jarabacoa",10.25
5/13/2025,"Sulawesi:Toraja Sapan Minanga, Tana Toraja",9.65
5/13/2025,Costa Rica: Decaf El Indio SWP,12.1
5/13/2025,"Guatemala: La Flor Del Cafe Peaberry, Antigua",8.8
5/13/2025,"Mexico: Turquesa HG, Chiapas",10.45
5/13/2025,"Yemen: Northern Crown Khulani, Sa'adah Governorate",18.9
5/13/2025,Brazil Daterra Summer Solstice,10.1
5/13/2025,"Sumatra: Raja Batak Peaberry, Lintong",9.35
5/13/2025,"Papua New Guinea: Mile High A, Eastern Highlands",11.15
5/13/2025,"Honduras: Organic 18 Rabbit Black, Marcala",10.2
5/13/2025,"Sumatra: Mutu Batak, Lintong",9.5
5/13/2025,Rwanda: Organic Hingakawa Women’s Co-op FTO,8.7
5/13/2025,"Brazil: Pearl Bourbon Peaberry, Daterra Estate",10.05
5/13/2025,"Peru: Organic Decaf Sol Y Cafe, Cajamarca",12.45
5/13/2025,CBC Blend: Four Horseman,9.05
5/13/2025,CBC Blend: Red Sea,11.5
5/13/2025,"Costa Rica: Organic La Amistad, Coto Brus",11.25
5/13/2025,"Yemen: Mocca Peaberry, Sana'a Governorate",18.9
5/13/2025,"Java: Blawan Estate, East Java",11.5
5/13/2025,"Java: Organic Taman Dadar, Kayumas",12.1
5/13/2025,"Brazil: Organic Fazenda Dutra 14/16, Matas de Minas",11.75
5/13/2025,CBC Blend: Kope Kapuna,9.35
5/13/2025,CBC Blend: Organic Big Black,13
5/13/2025,"Nicaragua: Las Segovias Coop SHG, San Juan del Rio Coco",8.55
5/13/2025,"Brazil: Decaf Mogiana, Sul de Minas",11.15
5/13/2025,"Ethiopia: Decaf Sidamo Natural, Sidamo",11.15
5/13/2025,"Honduras: Organic 18 Rabbit Natural, Marcala",12.7
5/13/2025,"Honduras: Kingdom Growers SHG, Montecillos",10.05
5/13/2025,"Honduras: Organic 18 Rabbit Red, Marcala",11.2
5/13/2025,"Kenya: Peaberry Plus 15/16, Kirinyaga County",10.85
5/13/2025,"Brazil: Sweet Yellow, Daterra Estate",10.1
5/13/2025,CBC Blend: Organic Kope Kapuna,11.05
5/13/2025,"Multi Origin: Decaf Morning Glory, Multi Origin Blend",12.05
5/13/2025,"Papua New Guinea: Arokara AA, Eastern Highlands",8.3
5/13/2025,"Haiti: Savanne Zombie, Central Plateau",12.25
5/13/2025,"Timor: Organic Decaf Cafe Timor Coop, East Timor",11.85
5/13/2025,"Haiti: Blue Pine, Central Plateau",11.75
5/13/2025,"Dominican Republic: Ramirez Natural, Jarabacoa",10.1
5/13/2025,"Guatemala: Geisha Honey SHB EP, San Marcos",25.2
5/13/2025,"Haiti: Marre Blanc, Central Plateau",14.2
5/13/2025,Seasoning Beans,6.25
5/13/2025,"Sumatra: Organic Decaf Mandheling, Aceh",15.5
5/13/2025,"Panama: Finca La Santa SHB EP, Boquete",10.05
5/13/2025,"Papua New Guinea: Organic Purosa A/X, Eastern Highlands",10.5
5/13/2025,"Honduras: Organic 18 Rabbit Yellow, Marcala",11.2
5/13/2025,"Rwanda: Kawa Yacu Women's Co-Op, Karongi District",10.25
5/13/2025,"Bolivia: Apolo, La Paz Department",10.1
5/13/2025,CBC Blend: Highland,8.7
5/13/2025,"Ethiopia: Shantawene Abore G1, Sidamo",10
5/13/2025,"Sumatra: Tiger, Lintong",14.35
5/13/2025,"Hawaii: Kona Purple Mountain, Honaunau District",44.75
5/13/2025,"Ethiopia: Kembata G1, Durame Village",9.15
5/13/2025,CBC Blend: High Octane Robusta Blend,12.35
5/13/2025,"Guatemala: Dulce Leonarda Estate HHT, Huehuetenango",10.9
5/13/2025,"Jamaica: Blue Mountain, Clydesdale",46.15
5/13/2025,"Bolivia: Organic Caranavi FTO, La Paz Department",9.75
5/13/2025,"Guatemala: Robusta, Chimaltenango",8.2
5/13/2025,"Hawaii: Kona Peaberry, Mauka Honaunau District",47.15
5/13/2025,"Panama: Janson Farms Geisha, Volcan High Lands",36.6
5/13/2025,"Papua New Guinea: Organic Decaf Purosa A/X, Eastern Highlands",11.3
5/13/2025,"Yemen: Mocca Mattari, Sana’a Governorate",16.4
5/17/2025,"Ethiopia: Misty Valley, Yirgacheffe",11.5
5/17/2025,"Costa Rica: La Magnolia, Tres Rios",8
5/17/2025,"Costa Rica: La Minita Estate, Tarrazu",10
5/17/2025,"Colombia: Supremo EP, Huila",8.25
5/17/2025,"Colombia: Organic Sierra Nevada FTO, Santa Marta",9.35
5/17/2025,"Mexico: La Laja Honey, Tlaltetela, Veracruz",7.8
5/17/2025,"Guatemala: Finca Santa Margarita, Acatenango",7.56
5/17/2025,"Colombia: El Gato Supremo, Bucaramanga",9.4
5/17/2025,"Colombia: Reserva Del Patron, Narino",8.25
5/17/2025,"Mexico: Organic Mocabe HG, Chiapas",11.5
5/17/2025,"Ethiopia: Organic Limu G2, Oromia",8.75
5/17/2025,"Tanzania: Peaberry, Kilimanjaro",9.9
5/17/2025,"Bali: Organic Blue Moon, Kintamani Highlands",11.85
5/17/2025,"Brazil: Cerrado 17/18, Minas Gerais",7.7
5/17/2025,"Ethiopia: Queen City, Harrar",10.45
5/17/2025,"Guatemala: La Flor Del Cafe, Antigua",8.9
5/17/2025,"Costa Rica: La Gladiola, Tarrazu",8.1
5/17/2025,"Brazil: Sweet Blue, Daterra Estate",10.15
5/17/2025,"Timor: Organic Cafe Timor Coop, East Timor",10.45
5/17/2025,"Mexico: Organic Cepco Oaxaca, Oaxaca",11.75
5/17/2025,CBC Blend: Ferdelance,10
5/17/2025,"Haiti: Organic Haitian Blue, Norde",17.8
5/17/2025,"Brazil: Oberon, Cerrado",10.45
5/17/2025,"Kenya: Select Plus AA, Kiambu County",10.95
5/17/2025,"Peru: Organic Finca La Esperanza G1, San Martin",8.96
5/17/2025,"Costa Rica: El Conquistador, Tarrazu",8.7
5/17/2025,"Mexico: Rancho San Francisco, Chiapas",8.85
5/17/2025,"Guatemala: HHT SHB, Huehuetenango",9.5
5/17/2025,India: Cherry Robusta,7.8
5/17/2025,"Honduras: Organic 18 Rabbit Washed, Marcala",11.4
5/17/2025,"Sumatra: Mandheling G1, Aceh",11.75
5/17/2025,"Uganda: Organic Bugisu, Sipi Falls",10.6
5/17/2025,"El Salvador: Finca La Esperanza, Santa Ana",11.35
5/17/2025,"Brazil: CHC Reserve Espresso, Daterra Estate",9.1
5/17/2025,"Indonesia: Organic Decaf Bali Hai, Indonesia Blend",9.85
5/17/2025,CBC Blend: True Mocca Java,14.2
5/17/2025,"Vietnam: Robusta, Central Highlands",8.5
5/17/2025,"Uganda: Kaweri Robusta, Mubende",10.8
5/17/2025,"Sumatra: Organic Mandheling, Aceh",12
5/17/2025,"Ethiopia: Durato Bombe, Sidamo",10.15
5/17/2025,CBC Blend: Onobeano's Latte,11.45
5/17/2025,"India: Mysore Nuggets, Chikmagalur District",9.65
5/17/2025,"Sulawesi: Kalossi, Tana Toraja",10.7
5/17/2025,"Bali: Organic Kintamani, Kintamani Highlands",11.2
5/17/2025,"Ethiopia: Organic Konga G2, Yirgacheffe",10.15
5/17/2025,"Ethiopia: Longberry, Harrar",10.15
5/17/2025,"Peru: Organic La Florida, Selva Central",11.85
5/17/2025,"Timor: Organic Heritage Reserve FTO, East Timor",11.3
5/17/2025,"Guatemala: Finca Vallure, Huehuetenango",9.5
5/17/2025,"Colombia: Decaf EA, Cauca",10.95
5/17/2025,"Uganda: Mt Elgon A, Bugisu",9.8
5/17/2025,"Brazil: Fazenda Bela Vista, Sul de Minas",10
5/17/2025,"Dominican Republic: Organic Ramirez Washed, Jarabacoa",12.05
5/17/2025,"Guatemala: Organic Asdecafe SHB, Huehuetenango",12.1
5/17/2025,"Guatemala: La Flor Del Cafe Peaberry, Antigua",8.8
5/17/2025,Costa Rica: Decaf El Indio SWP,12.1
5/17/2025,"Guatemala: Decaf HHT Royal Select, Huehuetenango",13.4
5/17/2025,"Dominican Republic: Organic Ramirez Red Honey, Jarabacoa",10.25
5/17/2025,"India: Monsooned Malabar AA, Karnataka",10.95
5/17/2025,"Sulawesi:Toraja Sapan Minanga, Tana Toraja",9.65
5/17/2025,Brazil Daterra Summer Solstice,10.1
5/17/2025,"Mexico: Turquesa HG, Chiapas",10.45
5/17/2025,"Yemen: Northern Crown Khulani, Sa'adah Governorate",18.9
5/17/2025,"Sumatra: Raja Batak Peaberry, Lintong",9.35
5/17/2025,"Papua New Guinea: Mile High A, Eastern Highlands",11.15
5/17/2025,"Peru: Organic Decaf Sol Y Cafe, Cajamarca",12.45
5/17/2025,"Sumatra: Mutu Batak, Lintong",9.5
5/17/2025,"Brazil: Pearl Bourbon Peaberry, Daterra Estate",10.05
5/17/2025,"Honduras: Organic 18 Rabbit Black, Marcala",10.2
5/17/2025,CBC Blend: Red Sea,11.5
5/17/2025,CBC Blend: Four Horseman,9.05
5/17/2025,"Costa Rica: Organic La Amistad, Coto Brus",11.25
5/17/2025,"Yemen: Mocca Peaberry, Sana'a Governorate",18.9
5/17/2025,"Java: Organic Taman Dadar, Kayumas",12.1
5/17/2025,"Java: Blawan Estate, East Java",11.5
5/17/2025,"Brazil: Organic Fazenda Dutra 14/16, Matas de Minas",11.75
5/17/2025,CBC Blend: Kope Kapuna,9.35
5/17/2025,Rwanda: Organic Hingakawa Women’s Co-op FTO,8.7
5/17/2025,"Nicaragua: Las Segovias Coop SHG, San Juan del Rio Coco",8.55
5/17/2025,CBC Blend: Organic Big Black,13
5/17/2025,"Ethiopia: Decaf Sidamo Natural, Sidamo",11.15
5/17/2025,"Honduras: Organic 18 Rabbit Red, Marcala",11.2
5/17/2025,"Brazil: Decaf Mogiana, Sul de Minas",11.15
5/17/2025,"Honduras: Organic 18 Rabbit Natural, Marcala",12.7
5/17/2025,"Honduras: Kingdom Growers SHG, Montecillos",10.05
5/17/2025,"Brazil: Sweet Yellow, Daterra Estate",10.1
5/17/2025,"Kenya: Peaberry Plus 15/16, Kirinyaga County",10.85
5/17/2025,CBC Blend: Organic Kope Kapuna,11.05
5/17/2025,"Multi Origin: Decaf Morning Glory, Multi Origin Blend",12.05
5/17/2025,"Haiti: Savanne Zombie, Central Plateau",12.25
5/17/2025,"Timor: Organic Decaf Cafe Timor Coop, East Timor",11.85
5/17/2025,"Guatemala: Geisha Honey SHB EP, San Marcos",25.2
5/17/2025,"Haiti: Blue Pine, Central Plateau",11.75
5/17/2025,"Sumatra: Organic Decaf Mandheling, Aceh",15.5
5/17/2025,"Papua New Guinea: Arokara AA, Eastern Highlands",8.3
5/17/2025,Seasoning Beans,6.25
5/17/2025,"Haiti: Marre Blanc, Central Plateau",14.2
5/17/2025,"Honduras: Organic 18 Rabbit Yellow, Marcala",11.2
5/17/2025,"Panama: Finca La Santa SHB EP, Boquete",10.05
5/17/2025,"Dominican Republic: Ramirez Natural, Jarabacoa",10.1
5/17/2025,"Rwanda: Kawa Yacu Women's Co-Op, Karongi District",10.25
5/17/2025,CBC Blend: Highland,8.7
5/17/2025,"Papua New Guinea: Organic Purosa A/X, Eastern Highlands",10.5
5/17/2025,"Bolivia: Apolo, La Paz Department",10.1
5/17/2025,"Ethiopia: Shantawene Abore G1, Sidamo",10
5/17/2025,"Sumatra: Tiger, Lintong",14.35
5/17/2025,"Hawaii: Kona Purple Mountain, Honaunau District",44.75
5/17/2025,CBC Blend: High Octane Robusta Blend,12.35
5/17/2025,"Guatemala: Dulce Leonarda Estate HHT, Huehuetenango",10.9
5/17/2025,"Jamaica: Blue Mountain, Clydesdale",46.15
5/17/2025,"Ethiopia: Kembata G1, Durame Village",9.15
5/17/2025,"Bolivia: Organic Caranavi FTO, La Paz Department",9.75
5/17/2025,Brazil Daterra Porto Bello Peaberry RFA,8.65
5/17/2025,"Guatemala: Robusta, Chimaltenango",8.2
5/17/2025,"Hawaii: Kona Peaberry, Mauka Honaunau District",47.15
5/17/2025,"Panama: Janson Farms Geisha, Volcan High Lands",36.6
5/17/2025,"Papua New Guinea: Organic Decaf Purosa A/X, Eastern Highlands",11.3
5/17/2025,"Yemen: Mocca Mattari, Sana’a Governorate",16.4
5/27/2025,"Ethiopia: Misty Valley, Yirgacheffe",11.5
5/27/2025,"Costa Rica: La Minita Estate, Tarrazu",10
5/27/2025,"Colombia: Supremo EP, Huila",8.25
5/27/2025,"Costa Rica: La Magnolia, Tres Rios",8
5/27/2025,"Colombia: Organic Sierra Nevada FTO, Santa Marta",10.85
5/27/2025,"Mexico: La Laja Honey, Tlaltetela, Veracruz",7.8
5/27/2025,"Guatemala: Finca Santa Margarita, Acatenango",8.4
5/27/2025,"Colombia: El Gato Supremo, Bucaramanga",9.4
5/27/2025,"Mexico: Organic Mocabe HG, Chiapas",11.5
5/27/2025,"Colombia: Reserva Del Patron, Narino",8.25
5/27/2025,"Tanzania: Peaberry, Kilimanjaro",7.9
5/27/2025,"Ethiopia: Organic Limu G2, Oromia",8.75
5/27/2025,"Bali: Organic Blue Moon, Kintamani Highlands",11.85
5/27/2025,"Ethiopia: Queen City, Harrar",10.45
5/27/2025,"Costa Rica: La Gladiola, Tarrazu",8.1
5/27/2025,"Brazil: Cerrado 17/18, Minas Gerais",5.91
5/27/2025,"Brazil: Sweet Blue, Daterra Estate",9.14
5/27/2025,"Haiti: Organic Haitian Blue, Norde",17.8
5/27/2025,"Guatemala: La Flor Del Cafe, Antigua",8.9
5/27/2025,CBC Blend: Ferdelance,10
5/27/2025,"Timor: Organic Cafe Timor Coop, East Timor",10.45
5/27/2025,"Kenya: Select Plus AA, Kiambu County",10.95
5/27/2025,"Mexico: Organic Cepco Oaxaca, Oaxaca",11.75
5/27/2025,"Vietnam: Robusta, Central Highlands",8.5
5/27/2025,"Peru: Organic Finca La Esperanza G1, San Martin",9.95
5/27/2025,India: Cherry Robusta,7.8
5/27/2025,"Honduras: Organic 18 Rabbit Washed, Marcala",11.4
5/27/2025,"El Salvador: Finca La Esperanza, Santa Ana",11.35
5/27/2025,"Mexico: Rancho San Francisco, Chiapas",8.85
5/27/2025,"Guatemala: HHT SHB, Huehuetenango",9.5
5/27/2025,"Brazil: CHC Reserve Espresso, Daterra Estate",9.1
5/27/2025,"Costa Rica: El Conquistador, Tarrazu",8.7
5/27/2025,"Sumatra: Mandheling G1, Aceh",11.75
5/27/2025,"Ethiopia: Durato Bombe, Sidamo",10.15
5/27/2025,CBC Blend: True Mocca Java,14.2
5/27/2025,"Sulawesi:Toraja Sapan Minanga, Tana Toraja",8.68
5/27/2025,"Uganda: Organic Bugisu, Sipi Falls",10.6
5/27/2025,"Timor: Organic Heritage Reserve FTO, East Timor",11.3
5/27/2025,"Ethiopia: Longberry, Harrar",8.15
5/27/2025,"India: Mysore Nuggets, Chikmagalur District",9.65
5/27/2025,"Bali: Organic Kintamani, Kintamani Highlands",11.2
5/27/2025,"Sumatra: Organic Mandheling, Aceh",12
5/27/2025,"Uganda: Kaweri Robusta, Mubende",10.8
5/27/2025,"Indonesia: Organic Decaf Bali Hai, Indonesia Blend",9.85
5/27/2025,"Sulawesi: Kalossi, Tana Toraja",10.7
5/27/2025,CBC Blend: Onobeano's Latte,11.45
5/27/2025,"Peru: Organic La Florida, Selva Central",11.85
5/27/2025,"Mexico: Turquesa HG, Chiapas",10.45
5/27/2025,"Brazil: Fazenda Bela Vista, Sul de Minas",10
5/27/2025,"Guatemala: La Flor Del Cafe Peaberry, Antigua",8.8
5/27/2025,"Guatemala: Finca Vallure, Huehuetenango",9.5
5/27/2025,"Uganda: Mt Elgon A, Bugisu",9.8
5/27/2025,"Guatemala: Organic Asdecafe SHB, Huehuetenango",12.1
5/27/2025,"Costa Rica: Organic La Amistad, Coto Brus",11.25
5/27/2025,"Colombia: Decaf EA, Cauca",10.95
5/27/2025,Costa Rica: Decaf El Indio SWP,12.1
5/27/2025,"Dominican Republic: Organic Ramirez Washed, Jarabacoa",12.05
5/27/2025,"Brazil: Oberon, Cerrado",10.45
5/27/2025,"Sumatra: Raja Batak Peaberry, Lintong",9.35
5/27/2025,"Sumatra: Mutu Batak, Lintong",9.5
5/27/2025,"Yemen: Northern Crown Khulani, Sa'adah Governorate",18.9
5/27/2025,Brazil Daterra Summer Solstice,10.1
5/27/2025,"Papua New Guinea: Mile High A, Eastern Highlands",11.15
5/27/2025,"Ethiopia: Organic Konga G2, Yirgacheffe",10.15
5/27/2025,"India: Monsooned Malabar AA, Karnataka",12.05
5/27/2025,"Yemen: Mocca Peaberry, Sana'a Governorate",18.9
5/27/2025,"Dominican Republic: Organic Ramirez Red Honey, Jarabacoa",10.25
5/27/2025,"Guatemala: Decaf HHT Royal Select, Huehuetenango",13.4
5/27/2025,"Brazil: Pearl Bourbon Peaberry, Daterra Estate",10.05
5/27/2025,"Peru: Organic Decaf Sol Y Cafe, Cajamarca",12.45
5/27/2025,CBC Blend: Red Sea,11.5
5/27/2025,"Java: Blawan Estate, East Java",11.5
5/27/2025,CBC Blend: Four Horseman,9.05
5/27/2025,"Brazil: Decaf Mogiana, Sul de Minas",11.15
5/27/2025,"Brazil: Organic Fazenda Dutra 14/16, Matas de Minas",11.75
5/27/2025,"Java: Organic Taman Dadar, Kayumas",12.1
5/27/2025,"Honduras: Organic 18 Rabbit Black, Marcala",10.2
5/27/2025,"Ethiopia: Decaf Sidamo Natural, Sidamo",11.15
5/27/2025,"Nicaragua: Las Segovias Coop SHG, San Juan del Rio Coco",9.5
5/27/2025,CBC Blend: Kope Kapuna,9.35
5/27/2025,"Guatemala: Geisha Honey SHB EP, San Marcos",25.2
5/27/2025,"Brazil: Sweet Yellow, Daterra Estate",10.1
5/27/2025,CBC Blend: Organic Big Black,13
5/27/2025,"Honduras: Organic 18 Rabbit Red, Marcala",11.2
5/27/2025,"Sumatra: Organic Decaf Mandheling, Aceh",15.5
5/27/2025,"Honduras: Kingdom Growers SHG, Montecillos",10.05
5/27/2025,"Honduras: Organic 18 Rabbit Natural, Marcala",12.7
5/27/2025,CBC Blend: Organic Kope Kapuna,11.05
5/27/2025,"Timor: Organic Decaf Cafe Timor Coop, East Timor",11.85
5/27/2025,"Haiti: Blue Pine, Central Plateau",11.75
5/27/2025,"Multi Origin: Decaf Morning Glory, Multi Origin Blend",12.05
5/27/2025,"Kenya: Peaberry Plus 15/16, Kirinyaga County",10.85
5/27/2025,"Haiti: Savanne Zombie, Central Plateau",12.25
5/27/2025,"Honduras: Organic 18 Rabbit Yellow, Marcala",11.2
5/27/2025,"Haiti: Marre Blanc, Central Plateau",14.2
5/27/2025,Seasoning Beans,6.25
5/27/2025,"Rwanda: Kawa Yacu Women's Co-Op, Karongi District",10.25
5/27/2025,"Panama: Finca La Santa SHB EP, Boquete",10.05
5/27/2025,CBC Blend: Highland,8.7
5/27/2025,"Ethiopia: Organic Suke Quto G1, Guji",10.3
5/27/2025,"Bolivia: Apolo, La Paz Department",10.1
5/27/2025,"Sumatra: Tiger, Lintong",14.35
5/27/2025,"Ethiopia: Shantawene Abore G1, Sidamo",10
5/27/2025,"Dominican Republic: Ramirez Natural, Jarabacoa",10.1
5/27/2025,Hawaii: Kona Gold Washed,46.5
5/27/2025,"Hawaii: Kona Purple Mountain, Honaunau District",44.75
5/27/2025,Rwanda: Organic Hingakawa Women’s Co-op FTO,8.7
5/27/2025,Brazil Daterra Porto Bello Peaberry RFA,8.65
5/27/2025,"Costa Rica: Dona Isa BRN SHB, Coto Brus",10.65
5/27/2025,"Papua New Guinea: Organic Purosa A/X, Eastern Highlands",10.5
5/27/2025,"Jamaica: Blue Mountain, Clydesdale",58.95
5/27/2025,CBC Blend: High Octane Robusta Blend,12.35
5/27/2025,"Guatemala: Dulce Leonarda Estate HHT, Huehuetenango",10.9
5/27/2025,"Bolivia: Organic Caranavi FTO, La Paz Department",9.75
5/27/2025,"Ethiopia: Kembata G1, Durame Village",9.15
5/27/2025,"Guatemala: Robusta, Chimaltenango",8.2
5/27/2025,"Hawaii: Kona Peaberry, Mauka Honaunau District",47.15
5/27/2025,"Panama: Janson Farms Geisha, Volcan High Lands",36.6
5/27/2025,"Papua New Guinea: Arokara AA, Eastern Highlands",8.3
5/27/2025,"Papua New Guinea: Organic Decaf Purosa A/X, Eastern Highlands",11.3
5/27/2025,"Yemen: Mocca Mattari, Sana’a Governorate",16.4
6/2/2025,"Costa Rica: La Minita Estate, Tarrazu",10
6/2/2025,"Ethiopia: Misty Valley, Yirgacheffe",11.5
6/2/2025,"Colombia: Supremo EP, Huila",8.25
6/2/2025,"Costa Rica: La Magnolia, Tres Rios",8
6/2/2025,"Colombia: Organic Sierra Nevada FTO, Santa Marta",11.75
6/2/2025,"Mexico: Organic Mocabe HG, Chiapas",11.5
6/2/2025,"Guatemala: Finca Santa Margarita, Acatenango",8.4
6/2/2025,"Colombia: El Gato Supremo, Bucaramanga",9.4
6/2/2025,"Tanzania: Peaberry, Kilimanjaro",9.9
6/2/2025,"Brazil: Cerrado 17/18, Minas Gerais",7.7
6/2/2025,"Mexico: La Laja Honey, Tlaltetela, Veracruz",7.8
6/2/2025,"Colombia: Reserva Del Patron, Narino",8.25
6/2/2025,"Ethiopia: Organic Limu G2, Oromia",6.8
6/2/2025,"Brazil: Sweet Blue, Daterra Estate",9.14
6/2/2025,"Ethiopia: Queen City, Harrar",10.45
6/2/2025,"Bali: Organic Blue Moon, Kintamani Highlands",9.85
6/2/2025,"Costa Rica: La Gladiola, Tarrazu",8.1
6/2/2025,"Haiti: Organic Haitian Blue, Norde",17.8
6/2/2025,"Kenya: Select Plus AA, Kiambu County",10.95
6/2/2025,CBC Blend: Ferdelance,10
6/2/2025,"Vietnam: Robusta, Central Highlands",8.5
6/2/2025,India: Cherry Robusta,7.8
6/2/2025,"Timor: Organic Cafe Timor Coop, East Timor",10.45
6/2/2025,"Guatemala: La Flor Del Cafe, Antigua",8.9
6/2/2025,"Peru: Organic Finca La Esperanza G1, San Martin",9.95
6/2/2025,"Brazil: CHC Reserve Espresso, Daterra Estate",7.1
6/2/2025,"El Salvador: Finca La Esperanza, Santa Ana",11.35
6/2/2025,"Guatemala: HHT SHB, Huehuetenango",10.05
6/2/2025,"Ethiopia: Longberry, Harrar",10.15
6/2/2025,"Ethiopia: Durato Bombe, Sidamo",10.15
6/2/2025,"Sulawesi:Toraja Sapan Minanga, Tana Toraja",8.68
6/2/2025,"Honduras: Organic 18 Rabbit Washed, Marcala",11.4
6/2/2025,"Mexico: Rancho San Francisco, Chiapas",8.85
6/2/2025,CBC Blend: True Mocca Java,14.2
6/2/2025,"Mexico: Organic Cepco Oaxaca, Oaxaca",11.75
6/2/2025,"Costa Rica: El Conquistador, Tarrazu",8.7
6/2/2025,"Sumatra: Mandheling G1, Aceh",11.75
6/2/2025,"Timor: Organic Heritage Reserve FTO, East Timor",11.3
6/2/2025,"India: Mysore Nuggets, Chikmagalur District",9.65
6/2/2025,"Guatemala: Finca Vallure, Huehuetenango",9.5
6/2/2025,"Indonesia: Organic Decaf Bali Hai, Indonesia Blend",9.85
6/2/2025,"Uganda: Organic Bugisu, Sipi Falls",10.6
6/2/2025,"Sulawesi: Kalossi, Tana Toraja",10.7
6/2/2025,"Sumatra: Organic Mandheling, Aceh",12
6/2/2025,"Mexico: Turquesa HG, Chiapas",10.45
6/2/2025,"Bali: Organic Kintamani, Kintamani Highlands",11.2
6/2/2025,CBC Blend: Onobeano's Latte,11.45
6/2/2025,"Uganda: Kaweri Robusta, Mubende",10.8
6/2/2025,"Brazil: Fazenda Bela Vista, Sul de Minas",10
6/2/2025,"Guatemala: La Flor Del Cafe Peaberry, Antigua",8.8
6/2/2025,"Uganda: Mt Elgon A, Bugisu",9.8
6/2/2025,"Guatemala: Organic Asdecafe SHB, Huehuetenango",12.1
6/2/2025,"Sumatra: Mutu Batak, Lintong",9.5
6/2/2025,"Costa Rica: Organic La Amistad, Coto Brus",11.25
6/2/2025,"Brazil: Oberon, Cerrado",10.45
6/2/2025,"Sumatra: Raja Batak Peaberry, Lintong",9.35
6/2/2025,"Peru: Organic La Florida, Selva Central",11.85
6/2/2025,"Yemen: Northern Crown Khulani, Sa'adah Governorate",18.9
6/2/2025,"Colombia: Decaf EA, Cauca",10.95
6/2/2025,Brazil Daterra Summer Solstice,10.1
6/2/2025,"Dominican Republic: Organic Ramirez Red Honey, Jarabacoa",10.25
6/2/2025,"Dominican Republic: Organic Ramirez Washed, Jarabacoa",12.05
6/2/2025,"Yemen: Mocca Peaberry, Sana'a Governorate",18.9
6/2/2025,"India: Monsooned Malabar AA, Karnataka",12.05
6/2/2025,Costa Rica: Decaf El Indio SWP,12.1
6/2/2025,"Papua New Guinea: Mile High A, Eastern Highlands",11.15
6/2/2025,CBC Blend: Red Sea,11.5
6/2/2025,"Brazil: Decaf Mogiana, Sul de Minas",11.15
6/2/2025,"Guatemala: Decaf HHT Royal Select, Huehuetenango",13.4
6/2/2025,"Java: Blawan Estate, East Java",11.5
6/2/2025,"Brazil: Organic Fazenda Dutra 14/16, Matas de Minas",11.75
6/2/2025,"Peru: Organic Decaf Sol Y Cafe, Cajamarca",12.45
6/2/2025,CBC Blend: Four Horseman,9.05
6/2/2025,"Java: Organic Taman Dadar, Kayumas",12.1
6/2/2025,"Ethiopia: Decaf Sidamo Natural, Sidamo",11.15
6/2/2025,"Ethiopia: Organic Konga G2, Yirgacheffe",10.15
6/2/2025,"Guatemala: Geisha Honey SHB EP, San Marcos",25.2
6/2/2025,"Honduras: Organic 18 Rabbit Black, Marcala",10.2
6/2/2025,"Brazil: Pearl Bourbon Peaberry, Daterra Estate",10.05
6/2/2025,CBC Blend: Kope Kapuna,9.35
6/2/2025,"Nicaragua: Las Segovias Coop SHG, San Juan del Rio Coco",9.5
6/2/2025,"Sumatra: Organic Decaf Mandheling, Aceh",15.5
6/2/2025,CBC Blend: Organic Kope Kapuna,11.05
6/2/2025,"Honduras: Organic 18 Rabbit Red, Marcala",11.2
6/2/2025,CBC Blend: Organic Big Black,13
6/2/2025,"Honduras: Organic 18 Rabbit Natural, Marcala",12.7
6/2/2025,"Timor: Organic Decaf Cafe Timor Coop, East Timor",14.15
6/2/2025,"Brazil: Sweet Yellow, Daterra Estate",10.1
6/2/2025,"Ethiopia: Organic Suke Quto G1, Guji",10.3
6/2/2025,"Kenya: Peaberry Plus 15/16, Kirinyaga County",10.85
6/2/2025,"Multi Origin: Decaf Morning Glory, Multi Origin Blend",12.15
6/2/2025,"Haiti: Savanne Zombie, Central Plateau",12.25
6/2/2025,"Haiti: Blue Pine, Central Plateau",11.75
6/2/2025,"Honduras: Organic 18 Rabbit Yellow, Marcala",11.2
6/2/2025,"Honduras: Kingdom Growers SHG, Montecillos",10.05
6/2/2025,Seasoning Beans,6.25
6/2/2025,CBC Blend: Highland,8.7
6/2/2025,"Haiti: Marre Blanc, Central Plateau",14.2
6/2/2025,"Rwanda: Kawa Yacu Women's Co-Op, Karongi District",10.25
6/2/2025,"Panama: Finca La Santa SHB EP, Boquete",8.05
6/2/2025,"Bolivia: Apolo, La Paz Department",10.1
6/2/2025,Hawaii: Kona Gold Washed,46.5
6/2/2025,"Sumatra: Tiger, Lintong",14.35
6/2/2025,"Dominican Republic: Ramirez Natural, Jarabacoa",10.1
6/2/2025,"Hawaii: Kona Purple Mountain, Honaunau District",44.75
6/2/2025,Brazil Daterra Porto Bello Peaberry RFA,8.65
6/2/2025,"Ethiopia: Shantawene Abore G1, Sidamo",10
6/2/2025,"Costa Rica: Dona Isa BRN SHB, Coto Brus",10.65
6/2/2025,"Papua New Guinea: Organic Purosa A/X, Eastern Highlands",10.5
6/2/2025,"Jamaica: Blue Mountain, Clydesdale",58.95
6/2/2025,CBC Blend: High Octane Robusta Blend,12.35
6/2/2025,"Guatemala: Dulce Leonarda Estate HHT, Huehuetenango",10.9
6/2/2025,"Bolivia: Organic Caranavi FTO, La Paz Department",9.75
6/2/2025,"Ethiopia: Kembata G1, Durame Village",9.15
6/2/2025,"Guatemala: Robusta, Chimaltenango",8.2
6/2/2025,"Hawaii: Kona Peaberry, Mauka Honaunau District",47.15
6/2/2025,"Panama: Janson Farms Geisha, Volcan High Lands",36.6
6/2/2025,"Papua New Guinea: Arokara AA, Eastern Highlands",8.3
6/2/2025,"Papua New Guinea: Organic Decaf Purosa A/X, Eastern Highlands",11.3
6/2/2025,"Yemen: Mocca Mattari, Sana’a Governorate",16.4
6/17/2025,"Ethiopia: Misty Valley, Yirgacheffe",11.5
6/17/2025,"Costa Rica: La Minita Estate, Tarrazu",10
6/17/2025,"Colombia: Supremo EP, Huila",8.25
6/17/2025,"Colombia: El Gato Supremo, Bucaramanga",9.4
6/17/2025,"Colombia: Organic Sierra Nevada FTO, Santa Marta",9.75
6/17/2025,"Costa Rica: La Magnolia, Tres Rios",10.65
6/17/2025,"Ethiopia: Organic Limu G2, Oromia",8.75
6/17/2025,"Mexico: Organic Mocabe HG, Chiapas",11.5
6/17/2025,"Tanzania: Peaberry, Kilimanjaro",9.9
6/17/2025,"Colombia: Reserva Del Patron, Narino",8.25
6/17/2025,"Brazil: Cerrado 17/18, Minas Gerais",7.65
6/17/2025,"Bali: Organic Blue Moon, Kintamani Highlands",11.85
6/17/2025,"Guatemala: Finca Santa Margarita, Acatenango",8.4
6/17/2025,"Mexico: La Laja Honey, Tlaltetela, Veracruz",7.8
6/17/2025,"Peru: Organic Finca La Esperanza G1, San Martin",9.95
6/17/2025,"Costa Rica: La Gladiola, Tarrazu",9.15
6/17/2025,"Brazil: Sweet Blue, Daterra Estate",10.15
6/17/2025,"Haiti: Organic Haitian Blue, Norde",17.6
6/17/2025,"Vietnam: Robusta, Central Highlands",8.5
6/17/2025,"Ethiopia: Queen City, Harrar",10.45
6/17/2025,CBC Blend: Ferdelance,10
6/17/2025,"Ethiopia: Longberry, Harrar",10.15
6/17/2025,"Guatemala: HHT SHB, Huehuetenango",10.05
6/17/2025,"Sulawesi:Toraja Sapan Minanga, Tana Toraja",9.65
6/17/2025,"Mexico: Rancho San Francisco, Chiapas",12.85
6/17/2025,"Kenya: Select Plus AA, Kiambu County",10.95
6/17/2025,"Guatemala: La Flor Del Cafe, Antigua",11.95
6/17/2025,"Brazil: CHC Reserve Espresso, Daterra Estate",9.1
6/17/2025,"Guatemala: Finca Vallure, Huehuetenango",9.5
6/17/2025,"Indonesia: Organic Decaf Bali Hai, Indonesia Blend",13.25
6/17/2025,"Guatemala: La Flor Del Cafe Peaberry, Antigua",8.8
6/17/2025,"Mexico: Organic Cepco Oaxaca, Oaxaca",10.6
6/17/2025,"Ethiopia: Durato Bombe, Sidamo",10.15
6/17/2025,"Timor: Organic Cafe Timor Coop, East Timor",10.45
6/17/2025,"Mexico: Turquesa HG, Chiapas",10.45
6/17/2025,"Sumatra: Organic Mandheling, Aceh",12
6/17/2025,"Sulawesi: Kalossi, Tana Toraja",10.7
6/17/2025,CBC Blend: True Mocca Java,14.2
6/17/2025,"Brazil: Fazenda Bela Vista, Sul de Minas",10
6/17/2025,"Sumatra: Mutu Batak, Lintong",9.5
6/17/2025,"Guatemala: Organic Asdecafe SHB, Huehuetenango",12.1
6/17/2025,"Brazil: Oberon, Cerrado",10.45
6/17/2025,"El Salvador: Finca La Esperanza, Santa Ana",11.35
6/17/2025,"Bali: Organic Kintamani, Kintamani Highlands",11.2
6/17/2025,"Dominican Republic: Organic Ramirez Red Honey, Jarabacoa",12.8
6/17/2025,India: Cherry Robusta,7.8
6/17/2025,"Sumatra: Mandheling G1, Aceh",11.75
6/17/2025,"Costa Rica: El Conquistador, Tarrazu",8.7
6/17/2025,"Colombia: Decaf EA, Cauca",10.95
6/17/2025,"Uganda: Mt Elgon A, Bugisu",9.8
6/17/2025,"Costa Rica: Organic La Amistad, Coto Brus",11.25
6/17/2025,"India: Mysore Nuggets, Chikmagalur District",10.95
6/17/2025,"Uganda: Kaweri Robusta, Mubende",10.8
6/17/2025,"Uganda: Organic Bugisu, Sipi Falls",10.6
6/17/2025,CBC Blend: Onobeano's Latte,11.45
6/17/2025,"Sumatra: Raja Batak Peaberry, Lintong",9.35
6/17/2025,"Yemen: Mocca Peaberry, Sana'a Governorate",18.9
6/17/2025,"Timor: Organic Heritage Reserve FTO, East Timor",11.3
6/17/2025,"Brazil: Organic Fazenda Dutra 14/16, Matas de Minas",11.75
6/17/2025,"India: Monsooned Malabar AA, Karnataka",12.05
6/17/2025,"Honduras: Organic 18 Rabbit Washed, Marcala",12.5
6/17/2025,"Java: Blawan Estate, East Java",11.5
6/17/2025,"Ethiopia: Organic Suke Quto G1, Guji",10.3
6/17/2025,"Guatemala: Decaf HHT Royal Select, Huehuetenango",13.4
6/17/2025,"Papua New Guinea: Mile High A, Eastern Highlands",11.15
6/17/2025,CBC Blend: Four Horseman,9.05
6/17/2025,"Peru: Organic Decaf Sol Y Cafe, Cajamarca",12.45
6/17/2025,"Guatemala: Geisha Honey SHB EP, San Marcos",25.2
6/17/2025,CBC Blend: Red Sea,11.5
6/17/2025,"Dominican Republic: Organic Ramirez Washed, Jarabacoa",12.6
6/17/2025,"Brazil: Decaf Mogiana, Sul de Minas",11.15
6/17/2025,"Yemen: Northern Crown Khulani, Sa'adah Governorate",18.9
6/17/2025,"Peru: Organic La Florida, Selva Central",11.85
6/17/2025,"Panama: Finca La Santa SHB EP, Boquete",10.05
6/17/2025,"Multi Origin: Decaf Morning Glory, Multi Origin Blend",12.15
6/17/2025,Brazil Daterra Summer Solstice,10.1
6/17/2025,Costa Rica: Decaf El Indio SWP,12.1
6/17/2025,CBC Blend: Kope Kapuna,9.35
6/17/2025,"Ethiopia: Decaf Sidamo Natural, Sidamo",11.15
6/17/2025,CBC Blend: Organic Kope Kapuna,11.05
6/17/2025,"Sumatra: Organic Decaf Mandheling, Aceh",15.5
6/17/2025,"Kenya: Ndaroini AB, Nyeri District",10.3
6/17/2025,"Kenya: Peaberry Plus 15/16, Kirinyaga County",10.9
6/17/2025,"Honduras: Organic 18 Rabbit Black, Marcala",12.8
6/17/2025,"Nicaragua: Las Segovias Coop SHG, San Juan del Rio Coco",9.5
6/17/2025,"Java: Organic Taman Dadar, Kayumas",12.1
6/17/2025,"Ethiopia: Organic Konga G2, Yirgacheffe",10.15
6/17/2025,"Honduras: Organic 18 Rabbit Red, Marcala",12.8
6/17/2025,CBC Blend: Highland,8.7
6/17/2025,"Haiti: Savanne Zombie, Central Plateau",12.55
6/17/2025,"Haiti: Blue Pine, Central Plateau",12.3
6/17/2025,"Honduras: Organic 18 Rabbit Natural, Marcala",12.7
6/17/2025,CBC Blend: Organic Big Black,13
6/17/2025,"Brazil: Pearl Bourbon Peaberry, Daterra Estate",10.05
6/17/2025,"Costa Rica: Dona Isa BRN SHB, Coto Brus",10.65
6/17/2025,"Brazil: Sweet Yellow, Daterra Estate",10.1
6/17/2025,Seasoning Beans,6.25
6/17/2025,"Honduras: Organic 18 Rabbit Yellow, Marcala",12.8
6/17/2025,"Rwanda: Kawa Yacu Women's Co-Op, Karongi District",10.25
6/17/2025,"Timor: Organic Decaf Cafe Timor Coop, East Timor",14.15
6/17/2025,"Sumatra: Tiger, Lintong",14.35
6/17/2025,Hawaii: Kona Gold Washed,46.5
6/17/2025,"Honduras: Kingdom Growers SHG, Montecillos",10.05
6/17/2025,Brazil Daterra Porto Bello Peaberry RFA,8.65
6/17/2025,"Haiti: Marre Blanc, Central Plateau",12.8
6/17/2025,"Hawaii: Kona Purple Mountain, Honaunau District",44.75
6/17/2025,"Vietnam: Son La Select SHG, Son La",10.35
6/17/2025,"Dominican Republic: Ramirez Natural, Jarabacoa",13.05
6/17/2025,"Bolivia: Apolo, La Paz Department",12.6
6/17/2025,"Papua New Guinea: Organic Chimbu Scr.15, Chuave District",9.76
6/17/2025,CBC Blend: High Octane Robusta Blend,12.35
6/17/2025,"Rwanda: Dukunde Kawa Ruli, Gakenke Districk",11.02
6/17/2025,"Jamaica: Blue Mountain, Clydesdale",58.95
6/17/2025,"Sumatra Lake Toba, Lintong TP",9.86
6/17/2025,"Guatemala: Dulce Leonarda Estate HHT, Huehuetenango",10.9
6/17/2025,"Bolivia: Organic Caranavi FTO, La Paz Department",12.6
6/17/2025,"Ethiopia: Kembata G1, Durame Village",9.15
6/17/2025,"Ethiopia: Shantawene Abore G1, Sidamo",10
6/17/2025,"Guatemala: Robusta, Chimaltenango",8.2
6/17/2025,"Hawaii: Kona Peaberry, Mauka Honaunau District",47.15
6/17/2025,"Panama: Janson Farms Geisha, Volcan High Lands",36.6
6/17/2025,"Papua New Guinea: Arokara AA, Eastern Highlands",8.3
6/17/2025,"Papua New Guinea: Organic Decaf Purosa A/X, Eastern Highlands",11.3
6/17/2025,"Papua New Guinea: Organic Purosa A/X, Eastern Highlands",10.5
6/17/2025,"Yemen: Mocca Mattari, Sana’a Governorate",16.4
6/18/2025,"Ethiopia: Misty Valley, Yirgacheffe",11.5
6/18/2025,"Costa Rica: La Minita Estate, Tarrazu",10
6/18/2025,"Colombia: Supremo EP, Huila",8.25
6/18/2025,"Colombia: El Gato Supremo, Bucaramanga",9.4
6/18/2025,"Colombia: Organic Sierra Nevada FTO, Santa Marta",9.75
6/18/2025,"Costa Rica: La Magnolia, Tres Rios",10.65
6/18/2025,"Mexico: Organic Mocabe HG, Chiapas",11.5
6/18/2025,"Ethiopia: Organic Limu G2, Oromia",8.75
6/18/2025,"Tanzania: Peaberry, Kilimanjaro",9.9
6/18/2025,"Colombia: Reserva Del Patron, Narino",8.25
6/18/2025,"Brazil: Cerrado 17/18, Minas Gerais",7.65
6/18/2025,"Vietnam: Robusta, Central Highlands",8.5
6/18/2025,"Bali: Organic Blue Moon, Kintamani Highlands",11.85
6/18/2025,"Guatemala: Finca Santa Margarita, Acatenango",8.4
6/18/2025,"Mexico: La Laja Honey, Tlaltetela, Veracruz",7.8
6/18/2025,"Costa Rica: La Gladiola, Tarrazu",9.15
6/18/2025,"Peru: Organic Finca La Esperanza G1, San Martin",9.95
6/18/2025,"Brazil: Sweet Blue, Daterra Estate",11.2
6/18/2025,"Haiti: Organic Haitian Blue, Norde",17.6
6/18/2025,"Ethiopia: Queen City, Harrar",10.45
6/18/2025,CBC Blend: Ferdelance,10
6/18/2025,"Ethiopia: Longberry, Harrar",10.15
6/18/2025,"Sulawesi:Toraja Sapan Minanga, Tana Toraja",9.65
6/18/2025,"Kenya: Select Plus AA, Kiambu County",10.95
6/18/2025,"Mexico: Rancho San Francisco, Chiapas",12.85
6/18/2025,"Guatemala: La Flor Del Cafe, Antigua",11.95
6/18/2025,"Guatemala: HHT SHB, Huehuetenango",10.05
6/18/2025,"Brazil: CHC Reserve Espresso, Daterra Estate",9.75
6/18/2025,"Guatemala: Finca Vallure, Huehuetenango",9.5
6/18/2025,"Indonesia: Organic Decaf Bali Hai, Indonesia Blend",13.25
6/18/2025,"Guatemala: La Flor Del Cafe Peaberry, Antigua",8.8
6/18/2025,"Ethiopia: Durato Bombe, Sidamo",10.15
6/18/2025,"Timor: Organic Cafe Timor Coop, East Timor",10.45
6/18/2025,"Mexico: Organic Cepco Oaxaca, Oaxaca",10.6
6/18/2025,"Mexico: Turquesa HG, Chiapas",10.45
6/18/2025,"Sulawesi: Kalossi, Tana Toraja",10.7
6/18/2025,"Sumatra: Organic Mandheling, Aceh",12
6/18/2025,CBC Blend: True Mocca Java,14.2
6/18/2025,"Brazil: Fazenda Bela Vista, Sul de Minas",10
6/18/2025,"Sumatra: Mutu Batak, Lintong",9.5
6/18/2025,"Costa Rica: El Conquistador, Tarrazu",8.7
6/18/2025,"Brazil: Oberon, Cerrado",10.45
6/18/2025,"Guatemala: Organic Asdecafe SHB, Huehuetenango",12.1
6/18/2025,"El Salvador: Finca La Esperanza, Santa Ana",11.35
6/18/2025,"Dominican Republic: Organic Ramirez Red Honey, Jarabacoa",12.8
6/18/2025,"Bali: Organic Kintamani, Kintamani Highlands",11.2
6/18/2025,"Uganda: Kaweri Robusta, Mubende",10.8
6/18/2025,India: Cherry Robusta,7.8
6/18/2025,"India: Mysore Nuggets, Chikmagalur District",10.95
6/18/2025,"Uganda: Mt Elgon A, Bugisu",9.8
6/18/2025,"Colombia: Decaf EA, Cauca",10.95
6/18/2025,"Sumatra: Mandheling G1, Aceh",11.75
6/18/2025,"Costa Rica: Organic La Amistad, Coto Brus",11.25
6/18/2025,CBC Blend: Onobeano's Latte,11.45
6/18/2025,"Sumatra: Raja Batak Peaberry, Lintong",9.35
6/18/2025,"Yemen: Mocca Peaberry, Sana'a Governorate",18.9
6/18/2025,"Uganda: Organic Bugisu, Sipi Falls",10.6
6/18/2025,"Timor: Organic Heritage Reserve FTO, East Timor",11.3
6/18/2025,"Brazil: Organic Fazenda Dutra 14/16, Matas de Minas",11.75
6/18/2025,"India: Monsooned Malabar AA, Karnataka",12.05
6/18/2025,"Honduras: Organic 18 Rabbit Washed, Marcala",12.5
6/18/2025,"Ethiopia: Organic Suke Quto G1, Guji",10.3
6/18/2025,"Java: Blawan Estate, East Java",11.5
6/18/2025,"Guatemala: Decaf HHT Royal Select, Huehuetenango",13.4
6/18/2025,"Papua New Guinea: Mile High A, Eastern Highlands",11.15
6/18/2025,CBC Blend: Four Horseman,9.05
6/18/2025,"Peru: Organic Decaf Sol Y Cafe, Cajamarca",12.45
6/18/2025,"Guatemala: Geisha Honey SHB EP, San Marcos",25.2
6/18/2025,CBC Blend: Red Sea,11.5
6/18/2025,"Dominican Republic: Organic Ramirez Washed, Jarabacoa",12.6
6/18/2025,"Yemen: Northern Crown Khulani, Sa'adah Governorate",18.9
6/18/2025,"Brazil: Decaf Mogiana, Sul de Minas",11.15
6/18/2025,"Peru: Organic La Florida, Selva Central",11.85
6/18/2025,"Panama: Finca La Santa SHB EP, Boquete",10.05
6/18/2025,Costa Rica: Decaf El Indio SWP,12.1
6/18/2025,Brazil Daterra Summer Solstice,10.1
6/18/2025,CBC Blend: Kope Kapuna,9.35
6/18/2025,"Multi Origin: Decaf Morning Glory, Multi Origin Blend",12.15
6/18/2025,CBC Blend: Organic Kope Kapuna,11.05
6/18/2025,"Ethiopia: Decaf Sidamo Natural, Sidamo",11.15
6/18/2025,"Sumatra: Organic Decaf Mandheling, Aceh",15.5
6/18/2025,"Kenya: Ndaroini AB, Nyeri District",10.3
6/18/2025,"Kenya: Peaberry Plus 15/16, Kirinyaga County",10.9
6/18/2025,"Honduras: Organic 18 Rabbit Black, Marcala",12.8
6/18/2025,"Nicaragua: Las Segovias Coop SHG, San Juan del Rio Coco",9.5
6/18/2025,"Java: Organic Taman Dadar, Kayumas",12.1
6/18/2025,"Ethiopia: Organic Konga G2, Yirgacheffe",10.15
6/18/2025,"Honduras: Organic 18 Rabbit Red, Marcala",12.8
6/18/2025,CBC Blend: Highland,8.7
6/18/2025,"Haiti: Blue Pine, Central Plateau",12.3
6/18/2025,"Haiti: Savanne Zombie, Central Plateau",12.55
6/18/2025,"Honduras: Organic 18 Rabbit Natural, Marcala",12.7
6/18/2025,CBC Blend: Organic Big Black,13
6/18/2025,"Costa Rica: Dona Isa BRN SHB, Coto Brus",10.65
6/18/2025,"Brazil: Sweet Yellow, Daterra Estate",11.2
6/18/2025,"Brazil: Pearl Bourbon Peaberry, Daterra Estate",10.3
6/18/2025,Seasoning Beans,6.25
6/18/2025,"Honduras: Organic 18 Rabbit Yellow, Marcala",12.8
6/18/2025,"Rwanda: Kawa Yacu Women's Co-Op, Karongi District",10.25
6/18/2025,"Timor: Organic Decaf Cafe Timor Coop, East Timor",14.15
6/18/2025,Brazil Daterra Porto Bello Peaberry RFA,8.65
6/18/2025,"Sumatra: Tiger, Lintong",14.35
6/18/2025,Hawaii: Kona Gold Washed,46.5
6/18/2025,"Honduras: Kingdom Growers SHG, Montecillos",10.05
6/18/2025,"Haiti: Marre Blanc, Central Plateau",12.8
6/18/2025,"Hawaii: Kona Purple Mountain, Honaunau District",44.75
6/18/2025,"Dominican Republic: Ramirez Natural, Jarabacoa",13.05
6/18/2025,"Vietnam: Son La Select SHG, Son La",10.35
6/18/2025,"Papua New Guinea: Organic Chimbu Scr.15, Chuave District",9.76
6/18/2025,CBC Blend: High Octane Robusta Blend,12.35
6/18/2025,"Bolivia: Apolo, La Paz Department",12.6
6/18/2025,"Rwanda: Dukunde Kawa Ruli, Gakenke Districk",11.02
6/18/2025,"Jamaica: Blue Mountain, Clydesdale",58.95
6/18/2025,"Sumatra Lake Toba, Lintong TP",9.86
6/18/2025,"Guatemala: Dulce Leonarda Estate HHT, Huehuetenango",10.9
6/18/2025,"Bolivia: Organic Caranavi FTO, La Paz Department",12.6
6/18/2025,"Ethiopia: Kembata G1, Durame Village",9.15
6/18/2025,"Ethiopia: Shantawene Abore G1, Sidamo",10
6/18/2025,"Guatemala: Robusta, Chimaltenango",8.2
6/18/2025,"Hawaii: Kona Peaberry, Mauka Honaunau District",47.15
6/18/2025,"Panama: Janson Farms Geisha, Volcan High Lands",36.6
6/18/2025,"Papua New Guinea: Arokara AA, Eastern Highlands",8.3
6/18/2025,"Papua New Guinea: Organic Decaf Purosa A/X, Eastern Highlands",11.3
6/18/2025,"Papua New Guinea: Organic Purosa A/X, Eastern Highlands",10.5
6/18/2025,"Yemen: Mocca Mattari, Sana’a Governorate",16.4
6/29/2025,"Ethiopia: Misty Valley, Yirgacheffe",11.5
6/29/2025,"Costa Rica: La Minita Estate, Tarrazu",10
6/29/2025,"Colombia: Supremo EP, Huila",8.25
6/29/2025,"Colombia: El Gato Supremo, Bucaramanga",9.4
6/29/2025,"Colombia: Organic Sierra Nevada FTO, Santa Marta",11.75
6/29/2025,"Costa Rica: La Magnolia, Tres Rios",10.65
6/29/2025,"Mexico: Organic Mocabe HG, Chiapas",11.5
6/29/2025,"Vietnam: Robusta, Central Highlands",8.5
6/29/2025,"Ethiopia: Organic Limu G2, Oromia",8.75
6/29/2025,"Brazil: Cerrado 17/18, Minas Gerais",10.65
6/29/2025,"Tanzania: Peaberry, Kilimanjaro",9.9
6/29/2025,"Peru: Organic Finca La Esperanza G1, San Martin",9.95
6/29/2025,"Bali: Organic Blue Moon, Kintamani Highlands",11.85
6/29/2025,"Costa Rica: La Gladiola, Tarrazu",9.15
6/29/2025,"Kenya: Select Plus AA, Kiambu County",10.95
6/29/2025,"Costa Rica: El Conquistador, Tarrazu",8.7
6/29/2025,"Ethiopia: Queen City, Harrar",10.45
6/29/2025,"Guatemala: Finca Santa Margarita, Acatenango",8.4
6/29/2025,CBC Blend: Ferdelance,10
6/29/2025,"Brazil: CHC Reserve Espresso, Daterra Estate",9.75
6/29/2025,"Mexico: La Laja Honey, Tlaltetela, Veracruz",7.8
6/29/2025,"Sulawesi:Toraja Sapan Minanga, Tana Toraja",9.65
6/29/2025,"Mexico: Rancho San Francisco, Chiapas",12.85
6/29/2025,"Colombia: Reserva Del Patron, Narino",8.25
6/29/2025,"Haiti: Organic Haitian Blue, Norde",17.6
6/29/2025,"Guatemala: HHT SHB, Huehuetenango",10.05
6/29/2025,"Ethiopia: Longberry, Harrar",10.15
6/29/2025,"Guatemala: La Flor Del Cafe, Antigua",11.95
6/29/2025,"Ethiopia: Organic Suke Quto G1, Guji",10.3
6/29/2025,"Guatemala: La Flor Del Cafe Peaberry, Antigua",8.8
6/29/2025,"Mexico: Organic Cepco Oaxaca, Oaxaca",10.6
6/29/2025,"Brazil: Sweet Blue, Daterra Estate",10.08
6/29/2025,"Timor: Organic Cafe Timor Coop, East Timor",10.45
6/29/2025,"Ethiopia: Durato Bombe, Sidamo",10.15
6/29/2025,"Indonesia: Organic Decaf Bali Hai, Indonesia Blend",13.25
6/29/2025,"Guatemala: Finca Vallure, Huehuetenango",9.5
6/29/2025,"Brazil: Oberon, Cerrado",9.4
6/29/2025,"Sulawesi: Kalossi, Tana Toraja",10.7
6/29/2025,"Mexico: Turquesa HG, Chiapas",10.45
6/29/2025,"Brazil: Fazenda Bela Vista, Sul de Minas",9
6/29/2025,"Sumatra: Organic Mandheling, Aceh",12
6/29/2025,"Uganda: Kaweri Robusta, Mubende",10.8
6/29/2025,"Sumatra: Mutu Batak, Lintong",9.5
6/29/2025,"Yemen: Mocca Peaberry, Sana'a Governorate",18.9
6/29/2025,"El Salvador: Finca La Esperanza, Santa Ana",11.35
6/29/2025,"Sumatra: Mandheling G1, Aceh",11.75
6/29/2025,"Kenya: Ndaroini AB, Nyeri District",11.45
6/29/2025,"Dominican Republic: Organic Ramirez Red Honey, Jarabacoa",12.8
6/29/2025,"Colombia: Decaf EA, Cauca",10.95
6/29/2025,"Costa Rica: Organic La Amistad, Coto Brus",11.25
6/29/2025,"Sumatra: Raja Batak Peaberry, Lintong",9.35
6/29/2025,CBC Blend: True Mocca Java,14.2
6/29/2025,"India: Mysore Nuggets, Chikmagalur District",10.95
6/29/2025,"Bali: Organic Kintamani, Kintamani Highlands",11.2
6/29/2025,"Uganda: Mt Elgon A, Bugisu",9.8
6/29/2025,"Timor: Organic Heritage Reserve FTO, East Timor",11.3
6/29/2025,"Guatemala: Organic Asdecafe SHB, Huehuetenango",12.1
6/29/2025,CBC Blend: Onobeano's Latte,11.45
6/29/2025,"Guatemala: Decaf HHT Royal Select, Huehuetenango",13.4
6/29/2025,CBC Blend: Four Horseman,9.05
6/29/2025,"India: Monsooned Malabar AA, Karnataka",12.05
6/29/2025,"Uganda: Organic Bugisu, Sipi Falls",10.6
6/29/2025,"Java: Blawan Estate, East Java",11.5
6/29/2025,"Brazil: Organic Fazenda Dutra 14/16, Matas de Minas",11.75
6/29/2025,"Papua New Guinea: Mile High A, Eastern Highlands",11.15
6/29/2025,India: Cherry Robusta,7.8
6/29/2025,"Guatemala: Geisha Honey SHB EP, San Marcos",25.2
6/29/2025,"Peru: Organic Decaf Sol Y Cafe, Cajamarca",12.45
6/29/2025,"Brazil: Decaf Mogiana, Sul de Minas",10.66
6/29/2025,"Peru: Organic La Florida, Selva Central",11.85
6/29/2025,"Yemen: Northern Crown Khulani, Sa'adah Governorate",18.9
6/29/2025,CBC Blend: Red Sea,11.5
6/29/2025,"Dominican Republic: Organic Ramirez Washed, Jarabacoa",12.6
6/29/2025,"Panama: Finca La Santa SHB EP, Boquete",10.05
6/29/2025,"Honduras: Organic 18 Rabbit Washed, Marcala",12.5
6/29/2025,CBC Blend: Organic Kope Kapuna,11.05
6/29/2025,CBC Blend: Kope Kapuna,9.35
6/29/2025,"Brazil: Pearl Bourbon Peaberry, Daterra Estate",9.27
6/29/2025,Brazil Daterra Summer Solstice,10.1
6/29/2025,CBC Blend: Highland,8.7
6/29/2025,"Multi Origin: Decaf Morning Glory, Multi Origin Blend",12.15
6/29/2025,"Sumatra: Organic Decaf Mandheling, Aceh",15.5
6/29/2025,Costa Rica: Decaf El Indio SWP,12.1
6/29/2025,"Ethiopia: Decaf Sidamo Natural, Sidamo",11.15
6/29/2025,"Kenya: Peaberry Plus 15/16, Kirinyaga County",10.9
6/29/2025,"Nicaragua: Las Segovias Coop SHG, San Juan del Rio Coco",9.5
6/29/2025,"Honduras: Organic 18 Rabbit Black, Marcala",12.8
6/29/2025,"Haiti: Savanne Zombie, Central Plateau",12.55
6/29/2025,Brazil Daterra Porto Bello Peaberry RFA,8.65
6/29/2025,CBC Blend: Organic Big Black,13
6/29/2025,"Haiti: Blue Pine, Central Plateau",12.3
6/29/2025,"Costa Rica: Dona Isa BRN SHB, Coto Brus",10.65
6/29/2025,"Honduras: Organic 18 Rabbit Red, Marcala",12.8
6/29/2025,"Java: Organic Taman Dadar, Kayumas",12.1
6/29/2025,"Brazil: Sweet Yellow, Daterra Estate",10.08
6/29/2025,"Honduras: Organic 18 Rabbit Natural, Marcala",12.7
6/29/2025,"Ethiopia: Organic Konga G2, Yirgacheffe",10.15
6/29/2025,"Rwanda: Kawa Yacu Women's Co-Op, Karongi District",10.25
6/29/2025,Seasoning Beans,6.25
6/29/2025,"Honduras: Organic 18 Rabbit Yellow, Marcala",12.8
6/29/2025,Hawaii: Kona Gold Washed,46.5
6/29/2025,"Timor: Organic Decaf Cafe Timor Coop, East Timor",14.15
6/29/2025,"Papua New Guinea: Organic Chimbu Scr.15, Chuave District",10.85
6/29/2025,"Dominican Republic: Ramirez Natural, Jarabacoa",13.05
6/29/2025,"Sumatra: Tiger, Lintong",14.35
6/29/2025,"Haiti: Marre Blanc, Central Plateau",12.8
6/29/2025,CBC Blend: High Octane Robusta Blend,12.35
6/29/2025,"Honduras: Kingdom Growers SHG, Montecillos",10.05
6/29/2025,"Rwanda: Dukunde Kawa Ruli, Gakenke Districk",12.25
6/29/2025,"Vietnam: Son La Select SHG, Son La",10.35
6/29/2025,"Ethiopia: Gedeb Worka Sakaro G1, Yirgacheffe",12.25
6/29/2025,"Hawaii: Kona Purple Mountain, Honaunau District",44.75
6/29/2025,"Ethiopia: Konga G2, Yirgacheffe",10.05
6/29/2025,"Honduras: Organic Decaf Maya Royal Select, Marcala",13.3
6/29/2025,"Bolivia: Apolo, La Paz Department",12.6
6/29/2025,"Jamaica: Blue Mountain, Clydesdale",58.95
6/29/2025,"Sumatra Lake Toba, Lintong TP",10.95
6/29/2025,"Bolivia: Organic Caranavi FTO, La Paz Department",12.6
6/29/2025,"Ethiopia: Kembata G1, Durame Village",10.85
6/29/2025,"Ethiopia: Shantawene Abore G1, Sidamo",10
6/29/2025,"Guatemala: Dulce Leonarda Estate HHT, Huehuetenango",10.9
6/29/2025,"Guatemala: Robusta, Chimaltenango",8.2
6/29/2025,"Hawaii: Kona Peaberry, Mauka Honaunau District",47.15
6/29/2025,"Panama: Janson Farms Geisha, Volcan High Lands",36.6
6/29/2025,"Papua New Guinea: Arokara AA, Eastern Highlands",8.3
6/29/2025,"Papua New Guinea: Organic Decaf Purosa A/X, Eastern Highlands",11.3
6/29/2025,"Papua New Guinea: Organic Purosa A/X, Eastern Highlands",10.5
6/29/2025,"Yemen: Mocca Mattari, Sana’a Governorate",16.4
7/5/2025,"Ethiopia: Misty Valley, Yirgacheffe",11.5
7/5/2025,"Colombia: Supremo EP, Huila",8.25
7/5/2025,"Costa Rica: La Minita Estate, Tarrazu",10
7/5/2025,"Colombia: El Gato Supremo, Bucaramanga",9.55
7/5/2025,"Costa Rica: La Magnolia, Tres Rios",7.35
7/5/2025,"Colombia: Organic Sierra Nevada FTO, Santa Marta",11.75
7/5/2025,"Vietnam: Robusta, Central Highlands",8.5
7/5/2025,"Mexico: Organic Mocabe HG, Chiapas",11.5
7/5/2025,"Bali: Organic Blue Moon, Kintamani Highlands",8.55
7/5/2025,"Ethiopia: Organic Limu G2, Oromia",9.15
7/5/2025,"Brazil: Cerrado 17/18, Minas Gerais",10.65
7/5/2025,"Tanzania: Peaberry, Kilimanjaro",9.9
7/5/2025,"Peru: Organic Finca La Esperanza G1, San Martin",9.95
7/5/2025,"Costa Rica: El Conquistador, Tarrazu",8.7
7/5/2025,"Kenya: Select Plus AA, Kiambu County",10.95
7/5/2025,"Dominican Republic: Organic Ramirez Red Honey, Jarabacoa",8.75
7/5/2025,"Guatemala: Finca Santa Margarita, Acatenango",8.4
7/5/2025,"Ethiopia: Queen City, Harrar",10.45
7/5/2025,"Sulawesi:Toraja Sapan Minanga, Tana Toraja",9.65
7/5/2025,"Costa Rica: La Gladiola, Tarrazu",9.15
7/5/2025,CBC Blend: Ferdelance,10
7/5/2025,"Brazil: Sweet Blue, Daterra Estate",11.2
7/5/2025,"Guatemala: HHT SHB, Huehuetenango",10.05
7/5/2025,"Ethiopia: Organic Suke Quto G1, Guji",10.3
7/5/2025,"Mexico: Rancho San Francisco, Chiapas",12.85
7/5/2025,"Brazil: CHC Reserve Espresso, Daterra Estate",9.75
7/5/2025,"Sumatra: Organic Mandheling, Aceh",8.85
7/5/2025,"Ethiopia: Longberry, Harrar",10.15
7/5/2025,"Guatemala: La Flor Del Cafe Peaberry, Antigua",8.8
7/5/2025,"Timor: Organic Cafe Timor Coop, East Timor",10.45
7/5/2025,"Ethiopia: Durato Bombe, Sidamo",10.15
7/5/2025,"Haiti: Organic Haitian Blue, Norde",17.6
7/5/2025,"Brazil: Oberon, Cerrado",10.45
7/5/2025,"Mexico: Organic Cepco Oaxaca, Oaxaca",10.6
7/5/2025,"Indonesia: Organic Decaf Bali Hai, Indonesia Blend",9.85
7/5/2025,"Mexico: Turquesa HG, Chiapas",10.45
7/5/2025,"Sulawesi: Kalossi, Tana Toraja",10.7
7/5/2025,"Guatemala: Finca Vallure, Huehuetenango",9.5
7/5/2025,"Uganda: Kaweri Robusta, Mubende",10.8
7/5/2025,"Guatemala: La Flor Del Cafe, Antigua",11.95
7/5/2025,"Colombia: Reserva Del Patron, Narino",8.25
7/5/2025,"Yemen: Mocca Peaberry, Sana'a Governorate",18.9
7/5/2025,"Brazil: Fazenda Bela Vista, Sul de Minas",10
7/5/2025,"Sumatra: Mandheling G1, Aceh",11.75
7/5/2025,"Mexico: La Laja Honey, Tlaltetela, Veracruz",7.8
7/5/2025,"Kenya: Ndaroini AB, Nyeri District",11.45
7/5/2025,"Sumatra: Mutu Batak, Lintong",9.5
7/5/2025,"Costa Rica: Organic La Amistad, Coto Brus",11.25
7/5/2025,CBC Blend: Four Horseman,9.05
7/5/2025,"Uganda: Organic Bugisu, Sipi Falls",8.34
7/5/2025,"India: Mysore Nuggets, Chikmagalur District",10.95
7/5/2025,"Bali: Organic Kintamani, Kintamani Highlands",11.2
7/5/2025,India: Cherry Robusta,7.8
7/5/2025,"Uganda: Mt Elgon A, Bugisu",9.8
7/5/2025,"Guatemala: Decaf HHT Royal Select, Huehuetenango",13.4
7/5/2025,"Colombia: Decaf EA, Cauca",10.15
7/5/2025,CBC Blend: True Mocca Java,14.2
7/5/2025,"Guatemala: Organic Asdecafe SHB, Huehuetenango",12.1
7/5/2025,"Timor: Organic Heritage Reserve FTO, East Timor",11.3
7/5/2025,"Java: Blawan Estate, East Java",11.5
7/5/2025,"Sumatra: Raja Batak Peaberry, Lintong",9.35
7/5/2025,"Guatemala: Geisha Honey SHB EP, San Marcos",25.2
7/5/2025,CBC Blend: Onobeano's Latte,11.45
7/5/2025,"Brazil: Organic Fazenda Dutra 14/16, Matas de Minas",11.75
7/5/2025,"Papua New Guinea: Mile High A, Eastern Highlands",11.15
7/5/2025,"Peru: Organic Decaf Sol Y Cafe, Cajamarca",12.45
7/5/2025,"India: Monsooned Malabar AA, Karnataka",12.05
7/5/2025,"Panama: Finca La Santa SHB EP, Boquete",10.05
7/5/2025,"Brazil: Decaf Mogiana, Sul de Minas",11.85
7/5/2025,CBC Blend: Red Sea,11.5
7/5/2025,"Yemen: Northern Crown Khulani, Sa'adah Governorate",18.9
7/5/2025,"Peru: Organic La Florida, Selva Central",11.85
7/5/2025,CBC Blend: Organic Kope Kapuna,11.05
7/5/2025,"Honduras: Organic 18 Rabbit Washed, Marcala",12.5
7/5/2025,"Dominican Republic: Organic Ramirez Washed, Jarabacoa",12.6
7/5/2025,"El Salvador: Finca La Esperanza, Santa Ana",11.35
7/5/2025,"Brazil: Pearl Bourbon Peaberry, Daterra Estate",10.3
7/5/2025,"Multi Origin: Decaf Morning Glory, Multi Origin Blend",12.15
7/5/2025,CBC Blend: Kope Kapuna,9.35
7/5/2025,CBC Blend: Highland,8.7
7/5/2025,Brazil Daterra Summer Solstice,10.1
7/5/2025,"Sumatra: Organic Decaf Mandheling, Aceh",15.5
7/5/2025,"Ethiopia: Decaf Sidamo Natural, Sidamo",11.15
7/5/2025,"Nicaragua: Las Segovias Coop SHG, San Juan del Rio Coco",9.5
7/5/2025,"Kenya: Peaberry Plus 15/16, Kirinyaga County",10.9
7/5/2025,"Papua New Guinea: Organic Chimbu Scr.15, Chuave District",10.85
7/5/2025,"Costa Rica: Dona Isa BRN SHB, Coto Brus",10.65
7/5/2025,CBC Blend: Organic Big Black,13
7/5/2025,Costa Rica: Decaf El Indio SWP,12.1
7/5/2025,Brazil Daterra Porto Bello Peaberry RFA,8.65
7/5/2025,"Haiti: Blue Pine, Central Plateau",12.3
7/5/2025,"Honduras: Organic 18 Rabbit Black, Marcala",12.8
7/5/2025,"Honduras: Organic 18 Rabbit Red, Marcala",12.8
7/5/2025,"Haiti: Savanne Zombie, Central Plateau",12.55
7/5/2025,Hawaii: Kona Gold Washed,46.5
7/5/2025,"Brazil: Sweet Yellow, Daterra Estate",11.2
7/5/2025,"Honduras: Organic 18 Rabbit Natural, Marcala",12.7
7/5/2025,"Java: Organic Taman Dadar, Kayumas",12.1
7/5/2025,Seasoning Beans,6.25
7/5/2025,"Timor: Organic Decaf Cafe Timor Coop, East Timor",14.15
7/5/2025,"Honduras: Organic 18 Rabbit Yellow, Marcala",12.8
7/5/2025,"Dominican Republic: Ramirez Natural, Jarabacoa",13.05
7/5/2025,"Ethiopia: Gedeb Worka Sakaro G1, Yirgacheffe",12.25
7/5/2025,"Rwanda: Kawa Yacu Women's Co-Op, Karongi District",10.25
7/5/2025,"Vietnam: Son La Select SHG, Son La",10.35
7/5/2025,"Hawaii: Kona Purple Mountain, Honaunau District",44.75
7/5/2025,"Rwanda: Dukunde Kawa Ruli, Gakenke Districk",12.25
7/5/2025,CBC Blend: High Octane Robusta Blend,12.35
7/5/2025,"Ethiopia: Konga G2, Yirgacheffe",10.05
7/5/2025,"Ethiopia: Organic Konga G2, Yirgacheffe",10.15
7/5/2025,"Haiti: Marre Blanc, Central Plateau",12.8
7/5/2025,"Sumatra: Tiger, Lintong",14.35
7/5/2025,"Honduras: Kingdom Growers SHG, Montecillos",12.25
7/5/2025,"Honduras: Organic Decaf Maya Royal Select, Marcala",13.3
7/5/2025,"Sumatra Lake Toba, Lintong TP",10.95
7/5/2025,"Jamaica: Blue Mountain, Clydesdale",58.95
7/5/2025,"Bolivia: Apolo, La Paz Department",12.6
7/5/2025,"Bolivia: Organic Caranavi FTO, La Paz Department",12.6
7/5/2025,"Ethiopia: Kembata G1, Durame Village",10.85
7/5/2025,"Ethiopia: Shantawene Abore G1, Sidamo",10
7/5/2025,"Guatemala: Dulce Leonarda Estate HHT, Huehuetenango",10.9
7/5/2025,"Guatemala: Robusta, Chimaltenango",8.2
7/5/2025,"Hawaii: Kona Peaberry, Mauka Honaunau District",47.15
7/5/2025,"Panama: Janson Farms Geisha, Volcan High Lands",36.6
7/5/2025,"Papua New Guinea: Arokara AA, Eastern Highlands",8.3
7/5/2025,"Papua New Guinea: Organic Decaf Purosa A/X, Eastern Highlands",11.3
7/5/2025,"Papua New Guinea: Organic Purosa A/X, Eastern Highlands",10.5
7/5/2025,"Yemen: Mocca Mattari, Sana’a Governorate",16.4
7/9/2025,"Ethiopia: Misty Valley, Yirgacheffe",11.5
7/9/2025,"Colombia: Supremo EP, Huila",8.25
7/9/2025,"Costa Rica: La Magnolia, Tres Rios",10.65
7/9/2025,"Colombia: El Gato Supremo, Bucaramanga",9.55
7/9/2025,"Costa Rica: La Minita Estate, Tarrazu",10
7/9/2025,"Colombia: Organic Sierra Nevada FTO, Santa Marta",11.75
7/9/2025,"Bali: Organic Blue Moon, Kintamani Highlands",8.55
7/9/2025,"Vietnam: Robusta, Central Highlands",8.5
7/9/2025,"Peru: Organic Finca La Esperanza G1, San Martin",9.95
7/9/2025,"Brazil: Cerrado 17/18, Minas Gerais",10.65
7/9/2025,"Tanzania: Peaberry, Kilimanjaro",9.9
7/9/2025,"Ethiopia: Organic Limu G2, Oromia",9.15
7/9/2025,"Mexico: Organic Mocabe HG, Chiapas",11.5
7/9/2025,"Dominican Republic: Organic Ramirez Red Honey, Jarabacoa",8.75
7/9/2025,"Costa Rica: El Conquistador, Tarrazu",8.7
7/9/2025,"Kenya: Select Plus AA, Kiambu County",10.95
7/9/2025,"Guatemala: Finca Santa Margarita, Acatenango",8.4
7/9/2025,"Brazil: Sweet Blue, Daterra Estate",11.2
7/9/2025,"Ethiopia: Queen City, Harrar",10.45
7/9/2025,"Sulawesi:Toraja Sapan Minanga, Tana Toraja",9.65
7/9/2025,"Sumatra: Organic Mandheling, Aceh",8.85
7/9/2025,"Ethiopia: Organic Suke Quto G1, Guji",10.3
7/9/2025,"Guatemala: HHT SHB, Huehuetenango",10.05
7/9/2025,CBC Blend: Ferdelance,10
7/9/2025,"Timor: Organic Cafe Timor Coop, East Timor",10.45
7/9/2025,"Brazil: CHC Reserve Espresso, Daterra Estate",9.75
7/9/2025,"Brazil: Oberon, Cerrado",10.45
7/9/2025,"Mexico: Rancho San Francisco, Chiapas",12.85
7/9/2025,"Guatemala: La Flor Del Cafe Peaberry, Antigua",8.8
7/9/2025,"Ethiopia: Durato Bombe, Sidamo",10.15
7/9/2025,"Indonesia: Organic Decaf Bali Hai, Indonesia Blend",9.85
7/9/2025,"Mexico: Organic Cepco Oaxaca, Oaxaca",10.6
7/9/2025,"Ethiopia: Longberry, Harrar",10.15
7/9/2025,"Sulawesi: Kalossi, Tana Toraja",10.7
7/9/2025,"Mexico: Turquesa HG, Chiapas",10.45
7/9/2025,"Costa Rica: La Gladiola, Tarrazu",9.15
7/9/2025,"Sumatra: Mandheling G1, Aceh",11.75
7/9/2025,"Yemen: Mocca Peaberry, Sana'a Governorate",18.9
7/9/2025,"Uganda: Organic Bugisu, Sipi Falls",8.34
7/9/2025,"Haiti: Organic Haitian Blue, Norde",17.6
7/9/2025,"Guatemala: La Flor Del Cafe, Antigua",11.95
7/9/2025,"Colombia: Reserva Del Patron, Narino",8.25
7/9/2025,"Guatemala: Finca Vallure, Huehuetenango",9.5
7/9/2025,CBC Blend: Four Horseman,9.05
7/9/2025,"Sumatra: Mutu Batak, Lintong",9.5
7/9/2025,"Bali: Organic Kintamani, Kintamani Highlands",11.2
7/9/2025,"Guatemala: Decaf HHT Royal Select, Huehuetenango",13.4
7/9/2025,"Guatemala: Organic Asdecafe SHB, Huehuetenango",12.1
7/9/2025,"India: Mysore Nuggets, Chikmagalur District",10.95
7/9/2025,"Kenya: Ndaroini AB, Nyeri District",11.45
7/9/2025,"Brazil: Fazenda Bela Vista, Sul de Minas",10
7/9/2025,India: Cherry Robusta,7.8
7/9/2025,"Costa Rica: Organic La Amistad, Coto Brus",11.25
7/9/2025,"Guatemala: Geisha Honey SHB EP, San Marcos",25.2
7/9/2025,"Timor: Organic Heritage Reserve FTO, East Timor",11.3
7/9/2025,CBC Blend: True Mocca Java,14.2
7/9/2025,"Colombia: Decaf EA, Cauca",10.15
7/9/2025,"Uganda: Mt Elgon A, Bugisu",9.8
7/9/2025,"Java: Blawan Estate, East Java",11.5
7/9/2025,"Panama: Finca La Santa SHB EP, Boquete",10.05
7/9/2025,"Papua New Guinea: Mile High A, Eastern Highlands",11.15
7/9/2025,"Peru: Organic Decaf Sol Y Cafe, Cajamarca",12.45
7/9/2025,CBC Blend: Onobeano's Latte,11.45
7/9/2025,"India: Monsooned Malabar AA, Karnataka",12.05
7/9/2025,"Brazil: Organic Fazenda Dutra 14/16, Matas de Minas",11.75
7/9/2025,"Uganda: Kaweri Robusta, Mubende",10.8
7/9/2025,"Sumatra: Raja Batak Peaberry, Lintong",9.35
7/9/2025,"Sumatra: Organic Decaf Mandheling, Aceh",15.5
7/9/2025,"El Salvador: Finca La Esperanza, Santa Ana",11.35
7/9/2025,"Dominican Republic: Organic Ramirez Washed, Jarabacoa",12.6
7/9/2025,"Brazil: Decaf Mogiana, Sul de Minas",11.85
7/9/2025,CBC Blend: Kope Kapuna,9.35
7/9/2025,"Multi Origin: Decaf Morning Glory, Multi Origin Blend",12.15
7/9/2025,CBC Blend: Highland,8.7
7/9/2025,CBC Blend: Organic Kope Kapuna,11.05
7/9/2025,"Peru: Organic La Florida, Selva Central",11.85
7/9/2025,"Honduras: Organic 18 Rabbit Washed, Marcala",12.5
7/9/2025,"Yemen: Northern Crown Khulani, Sa'adah Governorate",18.9
7/9/2025,"Brazil: Pearl Bourbon Peaberry, Daterra Estate",10.3
7/9/2025,"Nicaragua: Las Segovias Coop SHG, San Juan del Rio Coco",9.5
7/9/2025,"Papua New Guinea: Organic Chimbu Scr.15, Chuave District",10.85
7/9/2025,"Costa Rica: Dona Isa BRN SHB, Coto Brus",10.65
7/9/2025,"Kenya: Peaberry Plus 15/16, Kirinyaga County",10.9
7/9/2025,CBC Blend: Organic Big Black,13
7/9/2025,CBC Blend: Red Sea,11.5
7/9/2025,"Haiti: Blue Pine, Central Plateau",12.3
7/9/2025,Brazil Daterra Porto Bello Peaberry RFA,8.65
7/9/2025,Brazil Daterra Summer Solstice,10.1
7/9/2025,"Ethiopia: Decaf Sidamo Natural, Sidamo",11.15
7/9/2025,Hawaii: Kona Gold Washed,46.5
7/9/2025,"Brazil: Sweet Yellow, Daterra Estate",11.2
7/9/2025,"Haiti: Savanne Zombie, Central Plateau",12.55
7/9/2025,Costa Rica: Decaf El Indio SWP,12.1
7/9/2025,"Ethiopia: Gedeb Worka Sakaro G1, Yirgacheffe",12.25
7/9/2025,"Honduras: Organic 18 Rabbit Natural, Marcala",12.7
7/9/2025,Seasoning Beans,6.25
7/9/2025,"Honduras: Organic 18 Rabbit Red, Marcala",12.8
7/9/2025,"Rwanda: Dukunde Kawa Ruli, Gakenke Districk",12.25
7/9/2025,"Dominican Republic: Ramirez Natural, Jarabacoa",13.05
7/9/2025,"Honduras: Organic 18 Rabbit Yellow, Marcala",12.8
7/9/2025,"Ethiopia: Konga G2, Yirgacheffe",10.05
7/9/2025,"Java: Organic Taman Dadar, Kayumas",12.1
7/9/2025,"Vietnam: Son La Select SHG, Son La",10.35
7/9/2025,"Hawaii: Kona Purple Mountain, Honaunau District",44.75
7/9/2025,"Honduras: Organic 18 Rabbit Black, Marcala",12.8
7/9/2025,"Timor: Organic Decaf Cafe Timor Coop, East Timor",14.15
7/9/2025,CBC Blend: High Octane Robusta Blend,12.35
7/9/2025,"Rwanda: Kawa Yacu Women's Co-Op, Karongi District",10.25
7/9/2025,"Haiti: Marre Blanc, Central Plateau",12.8
7/9/2025,"Sumatra: Tiger, Lintong",14.35
7/9/2025,"Honduras: Kingdom Growers SHG, Montecillos",12.25
7/9/2025,"Sumatra Lake Toba, Lintong TP",10.95
7/9/2025,"Honduras: Organic Decaf Maya Royal Select, Marcala",13.3
7/9/2025,"Bolivia: Apolo, La Paz Department",12.6
7/9/2025,"Jamaica: Blue Mountain, Clydesdale",58.95
7/9/2025,"Ethiopia: Organic Konga G2, Yirgacheffe",10.15
7/9/2025,"Mexico: La Laja Honey, Tlaltetela, Veracruz",7.8
7/9/2025,"Bolivia: Organic Caranavi FTO, La Paz Department",12.6
7/9/2025,"Ethiopia: Kembata G1, Durame Village",10.85
7/9/2025,"Ethiopia: Shantawene Abore G1, Sidamo",10
7/9/2025,"Guatemala: Dulce Leonarda Estate HHT, Huehuetenango",10.9
7/9/2025,"Guatemala: Robusta, Chimaltenango",8.2
7/9/2025,"Hawaii: Kona Peaberry, Mauka Honaunau District",47.15
7/9/2025,"Panama: Janson Farms Geisha, Volcan High Lands",36.6
7/9/2025,"Papua New Guinea: Arokara AA, Eastern Highlands",8.3
7/9/2025,"Papua New Guinea: Organic Decaf Purosa A/X, Eastern Highlands",11.3
7/9/2025,"Papua New Guinea: Organic Purosa A/X, Eastern Highlands",10.5
7/9/2025,"Yemen: Mocca Mattari, Sana’a Governorate",16.4
7/14/2025,"Ethiopia: Misty Valley, Yirgacheffe",11.5
7/14/2025,"Colombia: Supremo EP, Huila",6.6
7/14/2025,"Colombia: El Gato Supremo, Bucaramanga",9.55
7/14/2025,"Costa Rica: La Minita Estate, Tarrazu",10
7/14/2025,"Costa Rica: La Magnolia, Tres Rios",10.65
7/14/2025,"Colombia: Organic Sierra Nevada FTO, Santa Marta",11.75
7/14/2025,"Bali: Organic Blue Moon, Kintamani Highlands",11.85
7/14/2025,"Vietnam: Robusta, Central Highlands",8.5
7/14/2025,"Brazil: Cerrado 17/18, Minas Gerais",10.65
7/14/2025,"Ethiopia: Organic Limu G2, Oromia",9.15
7/14/2025,"Tanzania: Peaberry, Kilimanjaro",9.9
7/14/2025,"Peru: Organic Finca La Esperanza G1, San Martin",7.65
7/14/2025,"Dominican Republic: Organic Ramirez Red Honey, Jarabacoa",12.8
7/14/2025,"Costa Rica: El Conquistador, Tarrazu",8.7
7/14/2025,"Brazil: Sweet Blue, Daterra Estate",11.2
7/14/2025,"Kenya: Select Plus AA, Kiambu County",10.95
7/14/2025,"Guatemala: Finca Santa Margarita, Acatenango",8.4
7/14/2025,"Sumatra: Organic Mandheling, Aceh",12
7/14/2025,"Ethiopia: Queen City, Harrar",10.45
7/14/2025,"Sulawesi:Toraja Sapan Minanga, Tana Toraja",9.65
7/14/2025,"Mexico: Organic Mocabe HG, Chiapas",9.2
7/14/2025,"Ethiopia: Organic Suke Quto G1, Guji",10.3
7/14/2025,"Brazil: CHC Reserve Espresso, Daterra Estate",9.75
7/14/2025,"Mexico: Organic Cepco Oaxaca, Oaxaca",10.6
7/14/2025,CBC Blend: Ferdelance,10
7/14/2025,"Guatemala: La Flor Del Cafe Peaberry, Antigua",8.8
7/14/2025,"Timor: Organic Cafe Timor Coop, East Timor",10.45
7/14/2025,"Brazil: Oberon, Cerrado",10.45
7/14/2025,"Guatemala: HHT SHB, Huehuetenango",7.6
7/14/2025,"Uganda: Organic Bugisu, Sipi Falls",10.6
7/14/2025,"Indonesia: Organic Decaf Bali Hai, Indonesia Blend",13.25
7/14/2025,"Ethiopia: Durato Bombe, Sidamo",10.15
7/14/2025,"Mexico: Rancho San Francisco, Chiapas",12.85
7/14/2025,"Mexico: Turquesa HG, Chiapas",10.45
7/14/2025,"Yemen: Mocca Peaberry, Sa'adah Governorate",18.9
7/14/2025,"Sulawesi: Kalossi, Tana Toraja",10.7
7/14/2025,"Guatemala: La Flor Del Cafe, Antigua",11.95
7/14/2025,CBC Blend: Four Horseman,9.05
7/14/2025,"Ethiopia: Longberry, Harrar",10.15
7/14/2025,"Sumatra: Mandheling G1, Aceh",8.23
7/14/2025,"Guatemala: Organic Asdecafe SHB, Huehuetenango",12.1
7/14/2025,"Guatemala: Finca Vallure, Huehuetenango",9.5
7/14/2025,"Colombia: Reserva Del Patron, Narino",8.25
7/14/2025,"Sumatra: Mutu Batak, Lintong",9.5
7/14/2025,"Kenya: Ndaroini AB, Nyeri District",11.45
7/14/2025,"Costa Rica: La Gladiola, Tarrazu",9.15
7/14/2025,India: Cherry Robusta,7.8
7/14/2025,"Costa Rica: Organic La Amistad, Coto Brus",11.25
7/14/2025,"Guatemala: Decaf HHT Royal Select, Huehuetenango",13.4
7/14/2025,"Bali: Organic Kintamani, Kintamani Highlands",11.2
7/14/2025,"Timor: Organic Heritage Reserve FTO, East Timor",11.3
7/14/2025,"Colombia: Decaf EA, Cauca",10.15
7/14/2025,"India: Mysore Nuggets, Chikmagalur District",8.6
7/14/2025,"Guatemala: Geisha Honey SHB EP, San Marcos",25.2
7/14/2025,"Panama: Finca La Santa SHB EP, Boquete",10.05
7/14/2025,"Peru: Organic Decaf Sol Y Cafe, Cajamarca",12.45
7/14/2025,"Haiti: Organic Haitian Blue, Norde",17.6
7/14/2025,"Java: Blawan Estate, East Java",11.5
7/14/2025,CBC Blend: True Mocca Java,14.2
7/14/2025,"Papua New Guinea: Mile High A, Eastern Highlands",11.15
7/14/2025,"Uganda: Kaweri Robusta, Mubende",10.8
7/14/2025,"Uganda: Mt Elgon A, Bugisu",9.8
7/14/2025,CBC Blend: Onobeano's Latte,11.45
7/14/2025,"Sumatra: Organic Decaf Mandheling, Aceh",15.5
7/14/2025,"Brazil: Fazenda Bela Vista, Sul de Minas",8
7/14/2025,"El Salvador: Finca La Esperanza, Santa Ana",11.35
7/14/2025,"Dominican Republic: Organic Ramirez Washed, Jarabacoa",12.6
7/14/2025,"Brazil: Decaf Mogiana, Sul de Minas",11.85
7/14/2025,"Brazil: Pearl Bourbon Peaberry, Daterra Estate",10.3
7/14/2025,"Brazil: Organic Fazenda Dutra 14/16, Matas de Minas",11.75
7/14/2025,CBC Blend: Kope Kapuna,9.35
7/14/2025,"India: Monsooned Malabar AA, Karnataka",12.05
7/14/2025,CBC Blend: Highland,8.7
7/14/2025,"Papua New Guinea: Organic Chimbu Scr.15, Chuave District",10.85
7/14/2025,"Peru: Organic La Florida, Selva Central",11.85
7/14/2025,"Yemen: Northern Crown Khulani, Sa'adah Governorate",18.9
7/14/2025,"Costa Rica: Dona Isa BRN SHB, Coto Brus",10.65
7/14/2025,"Honduras: Organic 18 Rabbit Washed, Marcala",12.5
7/14/2025,"Multi Origin: Decaf Morning Glory, Multi Origin Blend",12.15
7/14/2025,"Nicaragua: Las Segovias Coop SHG, San Juan del Rio Coco",9.5
7/14/2025,CBC Blend: Organic Kope Kapuna,11.05
7/14/2025,CBC Blend: Organic Big Black,13
7/14/2025,"Sumatra: Raja Batak Peaberry, Lintong",9.35
7/14/2025,"Kenya: Peaberry Plus 15/16, Kirinyaga County",10.9
7/14/2025,Brazil Daterra Porto Bello Peaberry RFA,8.65
7/14/2025,"Brazil: Sweet Yellow, Daterra Estate",11.2
7/14/2025,"Haiti: Blue Pine, Central Plateau",12.3
7/14/2025,"Ethiopia: Decaf Sidamo Natural, Sidamo",11.15
7/14/2025,Hawaii: Kona Gold Washed,46.5
7/14/2025,Brazil Daterra Summer Solstice,10.1
7/14/2025,CBC Blend: Red Sea,11.5
7/14/2025,"Ethiopia: Gedeb Worka Sakaro G1, Yirgacheffe",12.25
7/14/2025,"Haiti: Savanne Zombie, Central Plateau",12.55
7/14/2025,"Ethiopia: Konga G2, Yirgacheffe",10.05
7/14/2025,Costa Rica: Decaf El Indio SWP,12.1
7/14/2025,"Rwanda: Dukunde Kawa Ruli, Gakenke Districk",9.3
7/14/2025,"Honduras: Organic 18 Rabbit Red, Marcala",12.8
7/14/2025,"Dominican Republic: Ramirez Natural, Jarabacoa",13.05
7/14/2025,"Vietnam: Son La Select SHG, Son La",10.35
7/14/2025,"Honduras: Organic 18 Rabbit Natural, Marcala",12.7
7/14/2025,"Honduras: Organic 18 Rabbit Yellow, Marcala",12.8
7/14/2025,"Hawaii: Kona Purple Mountain, Honaunau District",44.75
7/14/2025,Seasoning Beans,6.25
7/14/2025,CBC Blend: High Octane Robusta Blend,12.35
7/14/2025,"Timor: Organic Decaf Cafe Timor Coop, East Timor",14.15
7/14/2025,"Sumatra: Tiger, Lintong",14.35
7/14/2025,"Java: Organic Taman Dadar, Kayumas",12.1
7/14/2025,"Honduras: Organic 18 Rabbit Black, Marcala",12.8
7/14/2025,"Sumatra Lake Toba, Lintong TP",8.76
7/14/2025,"Haiti: Marre Blanc, Central Plateau",12.8
7/14/2025,"Honduras: Kingdom Growers SHG, Montecillos",12.25
7/14/2025,"Honduras: Organic Decaf Maya Royal Select, Marcala",13.3
7/14/2025,"Rwanda: Kawa Yacu Women's Co-Op, Karongi District",10.25
7/14/2025,"Bolivia: Apolo, La Paz Department",9.6
7/14/2025,"Jamaica: Blue Mountain, Clydesdale",58.95
7/14/2025,"Ethiopia: Organic Konga G2, Yirgacheffe",10.15
7/14/2025,"Bolivia: Organic Caranavi FTO, La Paz Department",12.6
7/14/2025,"Ethiopia: Kembata G1, Durame Village",10.85
7/14/2025,"Ethiopia: Shantawene Abore G1, Sidamo",10
7/14/2025,"Guatemala: Dulce Leonarda Estate HHT, Huehuetenango",10.9
7/14/2025,"Guatemala: Robusta, Chimaltenango",8.2
7/14/2025,"Hawaii: Kona Peaberry, Mauka Honaunau District",47.15
7/14/2025,"Mexico: La Laja Honey, Tlaltetela, Veracruz",7.8
7/14/2025,"Panama: Janson Farms Geisha, Volcan High Lands",36.6
7/14/2025,"Papua New Guinea: Arokara AA, Eastern Highlands",8.3
7/14/2025,"Papua New Guinea: Organic Decaf Purosa A/X, Eastern Highlands",11.3
7/14/2025,"Papua New Guinea: Organic Purosa A/X, Eastern Highlands",10.5
7/14/2025,"Yemen: Mocca Mattari, Sana’a Governorate",16.4
7/18/2025,"Colombia: Supremo EP, Huila",8.25
7/18/2025,"Ethiopia: Misty Valley, Yirgacheffe",11.5
7/18/2025,"Colombia: El Gato Supremo, Bucaramanga",9.55
7/18/2025,"Costa Rica: La Minita Estate, Tarrazu",10
7/18/2025,"Colombia: Organic Sierra Nevada FTO, Santa Marta",10.3
7/18/2025,"Costa Rica: La Magnolia, Tres Rios",10.05
7/18/2025,"Bali: Organic Blue Moon, Kintamani Highlands",12.35
7/18/2025,"Vietnam: Robusta, Central Highlands",8.5
7/18/2025,"Peru: Organic Finca La Esperanza G1, San Martin",7.65
7/18/2025,"Brazil: Cerrado 17/18, Minas Gerais",10.65
7/18/2025,"Ethiopia: Organic Limu G2, Oromia",9.15
7/18/2025,"Tanzania: Peaberry, Kilimanjaro",9.7
7/18/2025,"Dominican Republic: Organic Ramirez Red Honey, Jarabacoa",12.8
7/18/2025,"Mexico: Organic Mocabe HG, Chiapas",9.2
7/18/2025,"Costa Rica: El Conquistador, Tarrazu",8.7
7/18/2025,"Brazil: Sweet Blue, Daterra Estate",11.2
7/18/2025,"Guatemala: Finca Santa Margarita, Acatenango",8.4
7/18/2025,"Guatemala: HHT SHB, Huehuetenango",7.6
7/18/2025,"Ethiopia: Queen City, Harrar",10.45
7/18/2025,"Kenya: Select Plus AA, Kiambu County",10.95
7/18/2025,"Sumatra: Organic Mandheling, Aceh",10.7
7/18/2025,"Sulawesi:Toraja Sapan Minanga, Tana Toraja",9.65
7/18/2025,"Ethiopia: Organic Suke Quto G1, Guji",10.3
7/18/2025,"Guatemala: La Flor Del Cafe Peaberry, Antigua",8.8
7/18/2025,"Mexico: Organic Cepco Oaxaca, Oaxaca",10.6
7/18/2025,"Sumatra: Mandheling G1, Aceh",8.23
7/18/2025,"Brazil: CHC Reserve Espresso, Daterra Estate",9.75
7/18/2025,CBC Blend: Ferdelance,10
7/18/2025,"Ethiopia: Durato Bombe, Sidamo",10.15
7/18/2025,"Uganda: Organic Bugisu, Sipi Falls",10.6
7/18/2025,"Brazil: Oberon, Cerrado",10.45
7/18/2025,"Mexico: Turquesa HG, Chiapas",8.65
7/18/2025,"Timor: Organic Cafe Timor Coop, East Timor",10.45
7/18/2025,"Indonesia: Organic Decaf Bali Hai, Indonesia Blend",13.25
7/18/2025,"Guatemala: La Flor Del Cafe, Antigua",11.95
7/18/2025,"Yemen: Mocca Peaberry, Sa'adah Governorate",18.9
7/18/2025,CBC Blend: Four Horseman,9.05
7/18/2025,"Sulawesi: Kalossi, Tana Toraja",10.7
7/18/2025,"India: Mysore Nuggets, Chikmagalur District",8.6
7/18/2025,"Guatemala: Organic Asdecafe SHB, Huehuetenango",12.1
7/18/2025,"Mexico: Rancho San Francisco, Chiapas",12.85
7/18/2025,"Kenya: Ndaroini AB, Nyeri District",11.45
7/18/2025,"Ethiopia: Longberry, Harrar",10.15
7/18/2025,"Guatemala: Decaf HHT Royal Select, Huehuetenango",13.4
7/18/2025,India: Cherry Robusta,7.8
7/18/2025,"Colombia: Reserva Del Patron, Narino",8.25
7/18/2025,"Panama: Finca La Santa SHB EP, Boquete",10.05
7/18/2025,"Sumatra: Mutu Batak, Lintong",9.5
7/18/2025,"Costa Rica: La Gladiola, Tarrazu",8.65
7/18/2025,"Colombia: Decaf EA, Cauca",10.15
7/18/2025,"Guatemala: Finca Vallure, Huehuetenango",13.25
7/18/2025,"Timor: Organic Heritage Reserve FTO, East Timor",11.3
7/18/2025,"Costa Rica: Organic La Amistad, Coto Brus",11.25
7/18/2025,"Guatemala: Geisha Honey SHB EP, San Marcos",25.2
7/18/2025,"Java: Blawan Estate, East Java",11.5
7/18/2025,"Bali: Organic Kintamani, Kintamani Highlands",11.2
7/18/2025,CBC Blend: True Mocca Java,14.2
7/18/2025,"Peru: Organic Decaf Sol Y Cafe, Cajamarca",12.45
7/18/2025,"Haiti: Organic Haitian Blue, Norde",17.6
7/18/2025,"Papua New Guinea: Mile High A, Eastern Highlands",11.15
7/18/2025,"Uganda: Kaweri Robusta, Mubende",10.8
7/18/2025,"El Salvador: Finca La Esperanza, Santa Ana",11.35
7/18/2025,"Dominican Republic: Organic Ramirez Washed, Jarabacoa",12.6
7/18/2025,CBC Blend: Onobeano's Latte,11.45
7/18/2025,"Sumatra: Organic Decaf Mandheling, Aceh",15.5
7/18/2025,"Uganda: Mt Elgon A, Bugisu",9.8
7/18/2025,"Brazil: Pearl Bourbon Peaberry, Daterra Estate",10.3
7/18/2025,CBC Blend: Highland,8.7
7/18/2025,"Papua New Guinea: Organic Chimbu Scr.15, Chuave District",10.85
7/18/2025,"Brazil: Decaf Mogiana, Sul de Minas",11.85
7/18/2025,"Brazil: Fazenda Bela Vista, Sul de Minas",8
7/18/2025,CBC Blend: Kope Kapuna,9.35
7/18/2025,"Brazil: Organic Fazenda Dutra 14/16, Matas de Minas",11.75
7/18/2025,"Yemen: Northern Crown Khulani, Sa'adah Governorate",18.9
7/18/2025,"Peru: Organic La Florida, Selva Central",11.85
7/18/2025,"Costa Rica: Dona Isa BRN SHB, Coto Brus",10.65
7/18/2025,"India: Monsooned Malabar AA, Karnataka",12.05
7/18/2025,"Multi Origin: Decaf Morning Glory, Multi Origin Blend",12.15
7/18/2025,"Honduras: Organic 18 Rabbit Washed, Marcala",12.5
7/18/2025,"Nicaragua: Las Segovias Coop SHG, San Juan del Rio Coco",9.5
7/18/2025,CBC Blend: Organic Kope Kapuna,11.05
7/18/2025,"Kenya: Peaberry Plus 15/16, Kirinyaga County",10.9
7/18/2025,CBC Blend: Organic Big Black,13
7/18/2025,Brazil Daterra Porto Bello Peaberry RFA,8.65
7/18/2025,"Brazil: Sweet Yellow, Daterra Estate",11.2
7/18/2025,"Haiti: Blue Pine, Central Plateau",12.3
7/18/2025,"Ethiopia: Gedeb Worka Sakaro G1, Yirgacheffe",12.25
7/18/2025,Hawaii: Kona Gold Washed,46.5
7/18/2025,"Ethiopia: Decaf Sidamo Natural, Sidamo",11.15
7/18/2025,Brazil Daterra Summer Solstice,10.1
7/18/2025,"Rwanda: Dukunde Kawa Ruli, Gakenke Districk",9.3
7/18/2025,"Sumatra: Raja Batak Peaberry, Lintong",9.35
7/18/2025,CBC Blend: Red Sea,11.5
7/18/2025,"Ethiopia: Konga G2, Yirgacheffe",10.05
7/18/2025,"Haiti: Savanne Zombie, Central Plateau",12.55
7/18/2025,"Vietnam: Son La Select SHG, Son La",10.35
7/18/2025,"Dominican Republic: Ramirez Natural, Jarabacoa",13.05
7/18/2025,Costa Rica: Decaf El Indio SWP,12.1
7/18/2025,"Honduras: Organic 18 Rabbit Red, Marcala",12.8
7/18/2025,CBC Blend: High Octane Robusta Blend,12.35
7/18/2025,"Hawaii: Kona Purple Mountain, Honaunau District",44.75
7/18/2025,"Honduras: Organic 18 Rabbit Yellow, Marcala",12.8
7/18/2025,Seasoning Beans,6.25
7/18/2025,"Sumatra Lake Toba, Lintong TP",8.76
7/18/2025,"Bolivia: Apolo, La Paz Department",9.6
7/18/2025,"Timor: Organic Decaf Cafe Timor Coop, East Timor",14.15
7/18/2025,"Sumatra: Tiger, Lintong",13.7
7/18/2025,"Honduras: Organic 18 Rabbit Natural, Marcala",12.7
7/18/2025,"Honduras: Organic Decaf Maya Royal Select, Marcala",13.3
7/18/2025,"Java: Organic Taman Dadar, Kayumas",12.1
7/18/2025,"Honduras: Kingdom Growers SHG, Montecillos",12.25
7/18/2025,"Haiti: Marre Blanc, Central Plateau",12.8
7/18/2025,"Honduras: Organic 18 Rabbit Black, Marcala",12.8
7/18/2025,"Jamaica: Blue Mountain, Clydesdale",58.95
7/18/2025,"Ethiopia: Kembata G1, Durame Village",10.85
7/18/2025,"Rwanda: Kawa Yacu Women's Co-Op, Karongi District",10.25
7/18/2025,"Ethiopia: Organic Konga G2, Yirgacheffe",10.15
7/18/2025,"Bolivia: Organic Caranavi FTO, La Paz Department",12.6
7/18/2025,"Ethiopia: Shantawene Abore G1, Sidamo",10
7/18/2025,"Guatemala: Dulce Leonarda Estate HHT, Huehuetenango",10.9
7/18/2025,"Guatemala: Robusta, Chimaltenango",8.2
7/18/2025,"Hawaii: Kona Peaberry, Mauka Honaunau District",47.15
7/18/2025,"Mexico: La Laja Honey, Tlaltetela, Veracruz",9.2
7/18/2025,"Panama: Janson Farms Geisha, Volcan High Lands",36.6
7/18/2025,"Papua New Guinea: Arokara AA, Eastern Highlands",8.3
7/18/2025,"Papua New Guinea: Organic Decaf Purosa A/X, Eastern Highlands",11.3
7/18/2025,"Papua New Guinea: Organic Purosa A/X, Eastern Highlands",10.5
7/18/2025,"Yemen: Mocca Mattari, Sana’a Governorate",16.4
7/20/2025,"Colombia: Supremo EP, Huila",8.25
7/20/2025,"Ethiopia: Misty Valley, Yirgacheffe",11.5
7/20/2025,"Colombia: El Gato Supremo, Bucaramanga",9.55
7/20/2025,"Costa Rica: La Minita Estate, Tarrazu",10
7/20/2025,"Colombia: Organic Sierra Nevada FTO, Santa Marta",10.3
7/20/2025,"Costa Rica: La Magnolia, Tres Rios",10.05
7/20/2025,"Bali: Organic Blue Moon, Kintamani Highlands",12.35
7/20/2025,"Peru: Organic Finca La Esperanza G1, San Martin",7.65
7/20/2025,"Vietnam: Robusta, Central Highlands",8.5
7/20/2025,"Ethiopia: Organic Limu G2, Oromia",9.15
7/20/2025,"Brazil: Cerrado 17/18, Minas Gerais",10.65
7/20/2025,"Tanzania: Peaberry, Kilimanjaro",9.7
7/20/2025,"Dominican Republic: Organic Ramirez Red Honey, Jarabacoa",12.8
7/20/2025,"Mexico: Organic Mocabe HG, Chiapas",9.2
7/20/2025,"Costa Rica: El Conquistador, Tarrazu",8.7
7/20/2025,"Guatemala: HHT SHB, Huehuetenango",7.6
7/20/2025,"Brazil: Sweet Blue, Daterra Estate",11.2
7/20/2025,"Guatemala: Finca Santa Margarita, Acatenango",8.4
7/20/2025,"Ethiopia: Queen City, Harrar",10.45
7/20/2025,"Kenya: Select Plus AA, Kiambu County",10.95
7/20/2025,"Sumatra: Organic Mandheling, Aceh",10.7
7/20/2025,"Sumatra: Mandheling G1, Aceh",8.23
7/20/2025,"Ethiopia: Organic Suke Quto G1, Guji",10.3
7/20/2025,"Sulawesi:Toraja Sapan Minanga, Tana Toraja",9.65
7/20/2025,"Kenya: Ndaroini AB, Nyeri District",11.45
7/20/2025,CBC Blend: Ferdelance,10
7/20/2025,"Mexico: Organic Cepco Oaxaca, Oaxaca",10.6
7/20/2025,"Guatemala: La Flor Del Cafe Peaberry, Antigua",8.8
7/20/2025,"Brazil: CHC Reserve Espresso, Daterra Estate",9.75
7/20/2025,"Ethiopia: Durato Bombe, Sidamo",10.15
7/20/2025,"Brazil: Oberon, Cerrado",10.45
7/20/2025,"Yemen: Mocca Peaberry, Sa'adah Governorate",18.9
7/20/2025,"Uganda: Organic Bugisu, Sipi Falls",10.6
7/20/2025,"Mexico: Turquesa HG, Chiapas",8.65
7/20/2025,"Colombia: Reserva Del Patron, Narino",8.25
7/20/2025,"India: Mysore Nuggets, Chikmagalur District",8.6
7/20/2025,"Sulawesi: Kalossi, Tana Toraja",10.7
7/20/2025,CBC Blend: Four Horseman,9.05
7/20/2025,"Indonesia: Organic Decaf Bali Hai, Indonesia Blend",13.25
7/20/2025,"Timor: Organic Cafe Timor Coop, East Timor",10.45
7/20/2025,"Guatemala: La Flor Del Cafe, Antigua",11.95
7/20/2025,"Guatemala: Organic Asdecafe SHB, Huehuetenango",12.1
7/20/2025,"Mexico: Rancho San Francisco, Chiapas",12.85
7/20/2025,"Costa Rica: La Gladiola, Tarrazu",8.65
7/20/2025,India: Cherry Robusta,7.8
7/20/2025,"Guatemala: Decaf HHT Royal Select, Huehuetenango",13.4
7/20/2025,"Ethiopia: Longberry, Harrar",10.15
7/20/2025,"Panama: Finca La Santa SHB EP, Boquete",10.05
7/20/2025,"Timor: Organic Heritage Reserve FTO, East Timor",11.3
7/20/2025,"Bali: Organic Kintamani, Kintamani Highlands",11.2
7/20/2025,"Guatemala: Finca Vallure, Huehuetenango",13.25
7/20/2025,"Sumatra: Mutu Batak, Lintong",9.5
7/20/2025,"Colombia: Decaf EA, Cauca",10.15
7/20/2025,"Costa Rica: Organic La Amistad, Coto Brus",11.25
7/20/2025,"Guatemala: Geisha Honey SHB EP, San Marcos",25.2
7/20/2025,"Java: Blawan Estate, East Java",11.5
7/20/2025,"Haiti: Organic Haitian Blue, Norde",17.6
7/20/2025,"Peru: Organic Decaf Sol Y Cafe, Cajamarca",12.45
7/20/2025,CBC Blend: True Mocca Java,14.2
7/20/2025,"Papua New Guinea: Mile High A, Eastern Highlands",11.15
7/20/2025,CBC Blend: Onobeano's Latte,11.45
7/20/2025,"El Salvador: Finca La Esperanza, Santa Ana",11.35
7/20/2025,"Uganda: Kaweri Robusta, Mubende",10.8
7/20/2025,"Sumatra: Organic Decaf Mandheling, Aceh",15.5
7/20/2025,"Uganda: Mt Elgon A, Bugisu",9.8
7/20/2025,"Dominican Republic: Organic Ramirez Washed, Jarabacoa",12.6
7/20/2025,"Brazil: Fazenda Bela Vista, Sul de Minas",8
7/20/2025,"Brazil: Pearl Bourbon Peaberry, Daterra Estate",10.3
7/20/2025,"Papua New Guinea: Organic Chimbu Scr.15, Chuave District",10.85
7/20/2025,CBC Blend: Highland,8.7
7/20/2025,"Brazil: Decaf Mogiana, Sul de Minas",11.85
7/20/2025,"Costa Rica: Dona Isa BRN SHB, Coto Brus",10.65
7/20/2025,"Brazil: Organic Fazenda Dutra 14/16, Matas de Minas",11.75
7/20/2025,"Yemen: Northern Crown Khulani, Sa'adah Governorate",18.9
7/20/2025,"Peru: Organic La Florida, Selva Central",11.85
7/20/2025,CBC Blend: Kope Kapuna,9.35
7/20/2025,"Multi Origin: Decaf Morning Glory, Multi Origin Blend",12.15
7/20/2025,"Rwanda: Dukunde Kawa Ruli, Gakenke Districk",9.3
7/20/2025,"India: Monsooned Malabar AA, Karnataka",12.05
7/20/2025,CBC Blend: Organic Big Black,13
7/20/2025,"Nicaragua: Las Segovias Coop SHG, San Juan del Rio Coco",9.5
7/20/2025,"Kenya: Peaberry Plus 15/16, Kirinyaga County",10.9
7/20/2025,CBC Blend: Organic Kope Kapuna,11.05
7/20/2025,"Honduras: Organic 18 Rabbit Washed, Marcala",12.5
7/20/2025,"Haiti: Blue Pine, Central Plateau",12.3
7/20/2025,Brazil Daterra Porto Bello Peaberry RFA,8.65
7/20/2025,"Ethiopia: Gedeb Worka Sakaro G1, Yirgacheffe",12.25
7/20/2025,Hawaii: Kona Gold Washed,46.5
7/20/2025,CBC Blend: Red Sea,11.5
7/20/2025,Brazil Daterra Summer Solstice,10.1
7/20/2025,"Brazil: Sweet Yellow, Daterra Estate",11.2
7/20/2025,"Ethiopia: Konga G2, Yirgacheffe",10.05
7/20/2025,"Ethiopia: Decaf Sidamo Natural, Sidamo",11.15
7/20/2025,"Haiti: Savanne Zombie, Central Plateau",12.55
7/20/2025,"Sumatra: Raja Batak Peaberry, Lintong",9.35
7/20/2025,"Vietnam: Son La Select SHG, Son La",10.35
7/20/2025,Costa Rica: Decaf El Indio SWP,12.1
7/20/2025,"Dominican Republic: Ramirez Natural, Jarabacoa",13.05
7/20/2025,"Sumatra Lake Toba, Lintong TP",8.76
7/20/2025,"Hawaii: Kona Purple Mountain, Honaunau District",44.75
7/20/2025,CBC Blend: High Octane Robusta Blend,12.35
7/20/2025,"Honduras: Organic 18 Rabbit Red, Marcala",12.8
7/20/2025,"Honduras: Organic 18 Rabbit Yellow, Marcala",12.8
7/20/2025,"Bolivia: Apolo, La Paz Department",9.6
7/20/2025,Seasoning Beans,6.25
7/20/2025,"Timor: Organic Decaf Cafe Timor Coop, East Timor",14.15
7/20/2025,"Sumatra: Tiger, Lintong",13.7
7/20/2025,"Honduras: Organic Decaf Maya Royal Select, Marcala",13.3
7/20/2025,"Honduras: Organic 18 Rabbit Natural, Marcala",12.7
7/20/2025,"Java: Organic Taman Dadar, Kayumas",12.1
7/20/2025,"Ethiopia: Kembata G1, Durame Village",10.85
7/20/2025,"Honduras: Kingdom Growers SHG, Montecillos",12.25
7/20/2025,"Haiti: Marre Blanc, Central Plateau",12.8
7/20/2025,"Mexico: La Laja Honey, Tlaltetela, Veracruz",9.2
7/20/2025,"Jamaica: Blue Mountain, Clydesdale",58.95
7/20/2025,"Honduras: Organic 18 Rabbit Black, Marcala",12.8
7/20/2025,"Bolivia: Organic Caranavi FTO, La Paz Department",12.6
7/20/2025,"Rwanda: Kawa Yacu Women's Co-Op, Karongi District",10.25
7/20/2025,"Ethiopia: Organic Konga G2, Yirgacheffe",10.15
7/20/2025,"Guatemala: Dulce Leonarda Estate HHT, Huehuetenango",10.9
7/20/2025,"Ethiopia: Shantawene Abore G1, Sidamo",10
7/20/2025,"Guatemala: Robusta, Chimaltenango",8.2
7/20/2025,"Hawaii: Kona Peaberry, Mauka Honaunau District",47.15
7/20/2025,"Panama: Janson Farms Geisha, Volcan High Lands",36.6
7/20/2025,"Papua New Guinea: Arokara AA, Eastern Highlands",8.3
7/20/2025,"Papua New Guinea: Organic Decaf Purosa A/X, Eastern Highlands",11.3
7/20/2025,"Papua New Guinea: Organic Purosa A/X, Eastern Highlands",10.5
7/20/2025,"Yemen: Mocca Mattari, Sana’a Governorate",16.4
9/2/2025,"Colombia: Supremo EP, Huila",8.25
9/2/2025,"Costa Rica: La Magnolia, Tres Rios",10.05
9/2/2025,"Costa Rica: La Minita Estate, Tarrazu",10
9/2/2025,"Tanzania Peaberry, Kilimanjaro",9.7
9/2/2025,"Ethiopia: Misty Valley, Yirgacheffe",11.5
9/2/2025,"Dominican Republic: Organic Ramirez Red Honey, Jarabacoa",12.8
9/2/2025,"Colombia: El Gato Supremo, Bucaramanga",11.7
9/2/2025,"Mexico: La Laja Honey, Tlaltetela, Veracruz",9.2
9/2/2025,"Peru: Organic Finca La Esperanza G1, San Martin",9.95
9/2/2025,"Colombia: Organic Sierra Nevada FTO, Santa Marta",10.55
9/2/2025,"Bali: Organic Blue Moon, Kintamani Highlands",12.35
9/2/2025,"Mexico: Organic Mocabe HG, Chiapas",10.2
9/2/2025,"Guatemala: La Flor Del Cafe, Antigua",11.95
9/2/2025,"Vietnam: Robusta, Central Highlands",6.95
9/2/2025,CBC Blend: Four Horseman,9.05
9/2/2025,"Ethiopia: Gedeb Worka Sakaro G1, Yirgacheffe",12.25
9/2/2025,"Ethiopia: Konga G2, Yirgacheffe",10.05
9/2/2025,"Sumatra: Organic Mandheling, Aceh",10.85
9/2/2025,"Costa Rica: El Conquistador, Tarrazu",8.7
9/2/2025,"Kenya: Select Plus AA, Kiambu County",10.8
9/2/2025,"Sumatra: Mandheling G1, Aceh",10.5
9/2/2025,"Guatemala: Organic Asdecafe SHB, Huehuetenango",12.1
9/2/2025,"Uganda: Organic Bugisu, Sipi Falls",10.6
9/2/2025,"Brazil: CHC Reserve Espresso, Daterra Estate",8.46
9/2/2025,"Ethiopia: Queen City, Harrar",10.45
9/2/2025,"Kenya: Chepkube AB, Bungoma County",11.45
9/2/2025,"Guatemala: HHT SHB, Huehuetenango",9.5
9/2/2025,"Haiti: Organic Haitian Blue, Norde",17.6
9/2/2025,"Ethiopia: Organic Limu G2, Oromia",9.15
9/2/2025,"Brazil: Oberon, Cerrado",10.45
9/2/2025,"Panama: Finca La Santa SHB EP, Boquete",9.5
9/2/2025,"Papua New Guinea: Organic Chimbu Scr.15, Chuave District",10.85
9/2/2025,CBC Blend: Ferdelance,10
9/2/2025,"Brazil: Sweet Blue, Daterra Estate",9.86
9/2/2025,"Mexico: Turquesa HG, Chiapas",8.65
9/2/2025,"Sulawesi:Toraja Sapan Minanga, Tana Toraja",9.65
9/2/2025,"Timor: Organic Heritage Reserve FTO, East Timor",11.3
9/2/2025,"Indonesia: Organic Decaf Bali Hai, Indonesia Blend",12.5
9/2/2025,"Brazil: Fazenda Bela Vista, Sul de Minas",8.5
9/2/2025,"Guatemala: La Flor Del Cafe Peaberry, Antigua",8.8
9/2/2025,"Bali: Organic Kintamani, Kintamani Highlands",11.2
9/2/2025,"Mexico: Organic Cepco Oaxaca, Oaxaca",10.6
9/2/2025,"Brazil: Pearl Bourbon Peaberry, Daterra Estate",9.01
9/2/2025,"Costa Rica: La Gladiola, Tarrazu",8.65
9/2/2025,"Rwanda: Dukunde Kawa Ruli, Gakenke Districk",12.25
9/2/2025,"Brazil: Cerrado 17/18, Minas Gerais",9.05
9/2/2025,"India: Monsooned Malabar AA, Karnataka",10.3
9/2/2025,"Peru: Organic La Florida, Selva Central",11.85
9/2/2025,"Yemen: Northern Crown Khulani, Sa'adah Governorate",18.9
9/2/2025,"Guatemala: Decaf HHT Royal Select, Huehuetenango",12.45
9/2/2025,"India: Mysore Nuggets, Chikmagalur District",10.95
9/2/2025,"Bolivia: Organic Caranavi FTO, La Paz Department",12.6
9/2/2025,"Colombia: Reserva Del Patron, Narino",8.25
9/2/2025,Brazil Daterra Summer Solstice,9.18
9/2/2025,"Guatemala: Geisha Honey SHB EP, San Marcos",25.2
9/2/2025,"Guatemala: Finca Santa Margarita, Acatenango",8.4
9/2/2025,"Kenya: Peaberry Plus 15/16, Kirinyaga County",10.25
9/2/2025,"Ethiopia: Durato Bombe, Sidamo",10.15
9/2/2025,"Guatemala: Finca Vallure, Huehuetenango",13.25
9/2/2025,"Honduras: Organic Decaf Maya Royal Select, Marcala",13.3
9/2/2025,CBC Blend: Organic Big Black,13
9/2/2025,"Sumatra: Organic Decaf Mandheling, Aceh",12.65
9/2/2025,"Yemen: Mocca Peaberry, Sa'adah Governorate",18.9
9/2/2025,"Costa Rica: Dona Isa BRN SHB, Coto Brus",10.65
9/2/2025,"Colombia: Decaf EA, Cauca",10.15
9/2/2025,"Ethiopia: Organic Abol G2 FTO, Yirgacheffe",10.65
9/2/2025,"Ethiopia: Biloya Natural, Yirgacheffe",10.5
9/2/2025,CBC Blend: Highland,8.7
9/2/2025,"Sulawesi: Kalossi, Tana Toraja",10.7
9/2/2025,"Brazil: Decaf Mogiana, Sul de Minas",10.07
9/2/2025,India: Cherry Robusta,7.8
9/2/2025,"Costa Rica: Organic La Amistad, Coto Brus",11.25
9/2/2025,"El Salvador: Finca La Esperanza, Santa Ana",11.35
9/2/2025,"Peru: Organic Decaf Sol Y Cafe, Cajamarca",12.45
9/2/2025,CBC Blend: True Mocca Java,14.2
9/2/2025,CBC Blend: Onobeano's Latte,11.45
9/2/2025,"Dominican Republic: Ramirez Natural, Jarabacoa",13.05
9/2/2025,"Java: Blawan Estate, East Java",11.5
9/2/2025,"Papua New Guinea: Mile High A, Eastern Highlands",11.15
9/2/2025,"Dominican Republic: Organic Ramirez Washed, Jarabacoa",12.6
9/2/2025,"Mexico: Rancho San Francisco, Chiapas",12.85
9/2/2025,"Sumatra Lake Toba, Lintong TP",10.95
9/2/2025,"Nicaragua: Las Segovias Coop SHG, San Juan del Rio Coco",9.5
9/2/2025,"Haiti: Savanne Zombie, Central Plateau",12.55
9/2/2025,"Uganda: Mt Elgon A, Bugisu",9.8
9/2/2025,"Vietnam: Son La Select SHG, Son La",10.35
9/2/2025,"Uganda: Kaweri Robusta, Mubende",10.8
9/2/2025,CBC Blend: Kope Kapuna,9.35
9/2/2025,"Haiti: Blue Pine, Central Plateau",12.3
9/2/2025,"Ethiopia: Kembata G1, Durame Village",10.85
9/2/2025,"Bolivia: Apolo, La Paz Department",12.6
9/2/2025,"Ethiopia: Longberry, Harrar",10.15
9/2/2025,CBC Blend: High Octane Robusta Blend,12.35
9/2/2025,"Brazil: Sweet Yellow, Daterra Estate",9.86
9/2/2025,Costa Rica: Decaf El Indio SWP,12.1
9/2/2025,"Brazil: Organic Fazenda Dutra 14/16, Matas de Minas",11.75
9/2/2025,"Multi Origin: Decaf Morning Glory, Multi Origin Blend",12.15
9/2/2025,CBC Blend: Organic Kope Kapuna,11.05
9/2/2025,Seasoning Beans,6.25
9/2/2025,"Hawaii: Kona Purple Mountain, Honaunau District",44.75
9/2/2025,"Sumatra: Tiger, Lintong",13.7
9/2/2025,"Honduras: Kingdom Growers SHG, Montecillos",12.25
9/2/2025,CBC Blend: Red Sea,11.5
9/2/2025,"Honduras: Organic 18 Rabbit Red, Marcala",11.95
9/2/2025,"Ethiopia: Decaf Sidamo Natural, Sidamo",11.15
9/2/2025,"Java: Organic Taman Dadar, Kayumas",12.1
9/2/2025,"Timor: Organic Cafe Timor Coop, East Timor",10.45
9/2/2025,"Timor: Organic Decaf Cafe Timor Coop, East Timor",14.15
9/2/2025,"Honduras: Organic 18 Rabbit Yellow, Marcala",11.95
9/2/2025,"Haiti: Marre Blanc, Central Plateau",12.8
9/2/2025,"Hawaii: Kona Peaberry, Mauka Honaunau District",47.15
9/2/2025,"Sumatra: Mutu Batak, Lintong",9.5
9/2/2025,"Sumatra: Raja Batak Peaberry, Lintong",9.35
9/2/2025,"Guatemala: Dulce Leonarda Estate HHT, Huehuetenango",12.6
9/2/2025,"Honduras: Organic 18 Rabbit Washed, Marcala",11.7
9/2/2025,"Jamaica: Blue Mountain Peaberry, Portland Parish",68.9
9/2/2025,"Jamaica: Blue Mountain, Clydesdale",58.95
9/2/2025,"Hawaii: Kona Prime Natural, Mount Hualali",52
9/2/2025,"Honduras: Organic 18 Rabbit Natural, Marcala",12.7
9/2/2025,"Ethiopia: Organic Konga G2, Yirgacheffe",10.15
9/2/2025,"Guatemala: Robusta, Chimaltenango",8.2
9/2/2025,"Honduras: Organic 18 Rabbit Black, Marcala",12.8
9/2/2025,"India: Kaapi Royale Robusta, Karnataka",9.4
9/2/2025,"Panama: Janson Farms Geisha, Volcan High Lands",36.6
9/2/2025,"Papua New Guinea: Arokara AA, Eastern Highlands",8.3
9/2/2025,"Papua New Guinea: Organic Decaf Purosa A/X, Eastern Highlands",11.3
9/2/2025,"Papua New Guinea: Organic Purosa A/X, Eastern Highlands",10.5
9/2/2025,"Rwanda: Kawa Yacu Women's Co-Op, Karongi District",10.25
9/10/2025,"Colombia: Supremo EP, Huila",8.25
9/10/2025,"Costa Rica: La Magnolia, Tres Rios",10.05
9/10/2025,"Costa Rica: La Minita Estate, Tarrazu",10
9/10/2025,"Tanzania Peaberry, Kilimanjaro",9.7
9/10/2025,"Dominican Republic: Organic Ramirez Red Honey, Jarabacoa",10.88
9/10/2025,"Colombia: Organic Sierra Nevada FTO, Santa Marta",8.97
9/10/2025,"Mexico: La Laja Honey, Tlaltetela, Veracruz",9.2
9/10/2025,"Ethiopia: Misty Valley, Yirgacheffe",11.5
9/10/2025,"Peru: Organic Finca La Esperanza G1, San Martin",9.95
9/10/2025,"Colombia: El Gato Supremo, Bucaramanga",11.7
9/10/2025,"Mexico: Organic Mocabe HG, Chiapas",8.67
9/10/2025,"Guatemala: La Flor Del Cafe, Antigua",11.95
9/10/2025,"Vietnam: Robusta, Central Highlands",6.95
9/10/2025,"Bali: Organic Blue Moon, Kintamani Highlands",12.35
9/10/2025,CBC Blend: Four Horseman,9.6
9/10/2025,"Ethiopia: Gedeb Worka Sakaro G1, Yirgacheffe",12.25
9/10/2025,"Sumatra: Mandheling G1, Aceh",10.5
9/10/2025,"Ethiopia: Konga G2, Yirgacheffe",10.05
9/10/2025,"Sumatra: Organic Mandheling, Aceh",10.85
9/10/2025,"Costa Rica: El Conquistador, Tarrazu",8.7
9/10/2025,"Kenya: Chepkube AB, Bungoma County",10.35
9/10/2025,"Guatemala: Organic Asdecafe SHB, Huehuetenango",10.28
9/10/2025,"Brazil: CHC Reserve Espresso, Daterra Estate",9.4
9/10/2025,"Kenya: Select Plus AA, Kiambu County",10.8
9/10/2025,"Uganda: Organic Bugisu, Sipi Falls",10.6
9/10/2025,"Ethiopia: Queen City, Harrar",10.85
9/10/2025,"Mexico: Turquesa HG, Chiapas",7.56
9/10/2025,"Guatemala: HHT SHB, Huehuetenango",9.5
9/10/2025,"Haiti: Organic Haitian Blue, Norde",17.6
9/10/2025,"Brazil: Sweet Blue, Daterra Estate",10.7
9/10/2025,"Papua New Guinea: Organic Chimbu Scr.15, Chuave District",10.85
9/10/2025,"Costa Rica: Dona Isa BRN SHB, Coto Brus",10.65
9/10/2025,"Kenya: Peaberry Plus 15/16, Kirinyaga County",10.25
9/10/2025,"Ethiopia: Organic Abol G2 FTO, Yirgacheffe",10.65
9/10/2025,"Brazil: Oberon, Cerrado",10.45
9/10/2025,"Brazil: Fazenda Bela Vista, Sul de Minas",10
9/10/2025,"Timor: Organic Heritage Reserve FTO, East Timor",11.3
9/10/2025,CBC Blend: Ferdelance,10
9/10/2025,"Brazil: Cerrado 17/18, Minas Gerais",10.65
9/10/2025,"Brazil: Pearl Bourbon Peaberry, Daterra Estate",9.8
9/10/2025,"Panama: Finca La Santa SHB EP, Boquete",9.5
9/10/2025,"Bali: Organic Kintamani, Kintamani Highlands",11.2
9/10/2025,"Indonesia: Organic Decaf Bali Hai, Indonesia Blend",12.5
9/10/2025,"Rwanda: Dukunde Kawa Ruli, Gakenke Districk",12.25
9/10/2025,"Yemen: Northern Crown Khulani, Sa'adah Governorate",18.9
9/10/2025,"Costa Rica: La Gladiola, Tarrazu",8.65
9/10/2025,"Sulawesi:Toraja Sapan Minanga, Tana Toraja",9.65
9/10/2025,"Guatemala: La Flor Del Cafe Peaberry, Antigua",8.8
9/10/2025,"Mexico: Organic Cepco Oaxaca, Oaxaca",10.6
9/10/2025,"India: Monsooned Malabar AA, Karnataka",10.3
9/10/2025,"Bolivia: Organic Caranavi FTO, La Paz Department",12.6
9/10/2025,"Peru: Organic La Florida, Selva Central",11.85
9/10/2025,"Ethiopia: Organic Limu G2, Oromia",9.15
9/10/2025,"India: Mysore Nuggets, Chikmagalur District",9.31
9/10/2025,"Uganda: Kaweri Robusta, Mubende",10.35
9/10/2025,"Honduras: Organic Decaf Maya Royal Select, Marcala",13.3
9/10/2025,"Sumatra: Organic Decaf Mandheling, Aceh",12.65
9/10/2025,"Guatemala: Decaf HHT Royal Select, Huehuetenango",12.45
9/10/2025,"Colombia: Reserva Del Patron, Narino",8.25
9/10/2025,"Ethiopia: Durato Bombe, Sidamo",10.15
9/10/2025,Brazil Daterra Summer Solstice,10.7
9/10/2025,"Guatemala: Geisha Honey SHB EP, San Marcos",25.2
9/10/2025,CBC Blend: Organic Big Black,13
9/10/2025,"Guatemala: Finca Vallure, Huehuetenango",13.25
9/10/2025,"Yemen: Mocca Peaberry, Sa'adah Governorate",18.9
9/10/2025,CBC Blend: Highland,8.7
9/10/2025,"Brazil: Decaf Mogiana, Sul de Minas",11.85
9/10/2025,"Dominican Republic: Organic Ramirez Washed, Jarabacoa",10.71
9/10/2025,"Ethiopia: Biloya Natural, Yirgacheffe",10.5
9/10/2025,"Dominican Republic: Ramirez Natural, Jarabacoa",11.09
9/10/2025,"Costa Rica: Organic La Amistad, Coto Brus",11.25
9/10/2025,"Sulawesi: Kalossi, Tana Toraja",10.7
9/10/2025,"Java: Blawan Estate, East Java",11.5
9/10/2025,"Sumatra Lake Toba, Lintong TP",10.95
9/10/2025,"El Salvador: Finca La Esperanza, Santa Ana",11.35
9/10/2025,CBC Blend: Onobeano's Latte,11.45
9/10/2025,"Nicaragua: Las Segovias Coop SHG, San Juan del Rio Coco",9.5
9/10/2025,"Papua New Guinea: Mile High A, Eastern Highlands",11.15
9/10/2025,"Colombia: Decaf EA, Cauca",10.15
9/10/2025,CBC Blend: Kope Kapuna,9.35
9/10/2025,CBC Blend: True Mocca Java,14.2
9/10/2025,"Haiti: Savanne Zombie, Central Plateau",12.55
9/10/2025,"Peru: Organic Decaf Sol Y Cafe, Cajamarca",12.45
9/10/2025,"Mexico: Rancho San Francisco, Chiapas",12.85
9/10/2025,"Uganda: Mt Elgon A, Bugisu",9.8
9/10/2025,"Guatemala: Finca Santa Margarita, Acatenango",8.4
9/10/2025,"Vietnam: Son La Select SHG, Son La",10.35
9/10/2025,"Bolivia: Apolo, La Paz Department",12.6
9/10/2025,"Ethiopia: Kembata G1, Durame Village",10.85
9/10/2025,"Haiti: Blue Pine, Central Plateau",10.46
9/10/2025,"Brazil: Sweet Yellow, Daterra Estate",10.7
9/10/2025,CBC Blend: High Octane Robusta Blend,12.35
9/10/2025,Costa Rica: Decaf El Indio SWP,12.1
9/10/2025,CBC Blend: Organic Kope Kapuna,11.05
9/10/2025,"Honduras: Kingdom Growers SHG, Montecillos",12.25
9/10/2025,"Honduras: Organic 18 Rabbit Red, Marcala",11.95
9/10/2025,Seasoning Beans,6.25
9/10/2025,"Java: Organic Taman Dadar, Kayumas",12.1
9/10/2025,"Hawaii: Kona Purple Mountain, Honaunau District",44.75
9/10/2025,CBC Blend: Red Sea,11.5
9/10/2025,"Ethiopia: Decaf Sidamo Natural, Sidamo",11.15
9/10/2025,"Sumatra: Tiger, Lintong",13.7
9/10/2025,"Timor: Organic Decaf Cafe Timor Coop, East Timor",14.15
9/10/2025,"Brazil: Organic Fazenda Dutra 14/16, Matas de Minas",11.75
9/10/2025,"Honduras: Organic 18 Rabbit Yellow, Marcala",11.95
9/10/2025,"Haiti: Marre Blanc, Central Plateau",12.8
9/10/2025,"Hawaii: Kona Peaberry, Mauka Honaunau District",47.15
9/10/2025,"Guatemala: Dulce Leonarda Estate HHT, Huehuetenango",10.71
9/10/2025,"Multi Origin: Decaf Morning Glory, Multi Origin Blend",12.15
9/10/2025,"Honduras: Organic 18 Rabbit Washed, Marcala",11.7
9/10/2025,"Jamaica: Blue Mountain Peaberry, Portland Parish",68.9
9/10/2025,"India: Kaapi Royale Robusta, Karnataka",9.4
9/10/2025,"Sumatra: Raja Batak Peaberry, Lintong",9.35
9/10/2025,"Sumatra: Mutu Batak, Lintong",9.5
9/10/2025,"Timor: Organic Cafe Timor Coop, East Timor",10.45
9/10/2025,"Burundi: Mugoyi Izuba, Kayanza Province",10.35
9/10/2025,"Jamaica: Blue Mountain, Clydesdale",58.95
9/10/2025,"Ethiopia: Longberry, Harrar",10.15
9/10/2025,"Hawaii: Kona Prime Natural, Mount Hualali",52
9/10/2025,"Honduras: Organic 18 Rabbit Natural, Marcala",12.7
9/10/2025,"Ethiopia: Organic Konga G2, Yirgacheffe",10.15
9/10/2025,"Guatemala: Robusta, Chimaltenango",8.2
9/10/2025,"Honduras: Organic 18 Rabbit Black, Marcala",12.8
9/10/2025,"Panama: Janson Farms Geisha, Volcan High Lands",36.6
9/10/2025,"Papua New Guinea: Arokara AA, Eastern Highlands",8.3
9/10/2025,"Papua New Guinea: Organic Decaf Purosa A/X, Eastern Highlands",11.3
9/10/2025,"Papua New Guinea: Organic Purosa A/X, Eastern Highlands",13.85
9/10/2025,"Rwanda: Kawa Yacu Women's Co-Op, Karongi District",10.25
9/15/2025,"Colombia: Supremo EP, Huila",8.25
9/15/2025,"Costa Rica: La Magnolia, Tres Rios",10.05
9/15/2025,"Costa Rica: La Minita Estate, Tarrazu",10
9/15/2025,"Dominican Republic: Organic Ramirez Red Honey, Jarabacoa",11.5
9/15/2025,"Colombia: Organic Sierra Nevada FTO, Santa Marta",10.4
9/15/2025,"Tanzania Peaberry, Kilimanjaro",9.7
9/15/2025,"Mexico: La Laja Honey, Tlaltetela, Veracruz",9.2
9/15/2025,"Peru: Organic Finca La Esperanza G1, San Martin",9.2
9/15/2025,"Mexico: Organic Mocabe HG, Chiapas",9.75
9/15/2025,"Ethiopia: Misty Valley, Yirgacheffe",11.5
9/15/2025,"Guatemala: La Flor Del Cafe, Antigua",10.85
9/15/2025,"Vietnam: Robusta, Central Highlands",6.65
9/15/2025,"Bali: Organic Blue Moon, Kintamani Highlands",11.9
9/15/2025,"Colombia: El Gato Supremo, Bucaramanga",11.7
9/15/2025,CBC Blend: Four Horseman,9.6
9/15/2025,"Ethiopia: Gedeb Worka Sakaro G1, Yirgacheffe",11.1
9/15/2025,"Guatemala: Organic Asdecafe SHB, Huehuetenango",9.65
9/15/2025,"Sumatra: Mandheling G1, Aceh",10.5
9/15/2025,"Ethiopia: Konga G2, Yirgacheffe",10.05
9/15/2025,"Kenya: Chepkube AB, Bungoma County",9.95
9/15/2025,"Mexico: Turquesa HG, Chiapas",8.55
9/15/2025,"Costa Rica: El Conquistador, Tarrazu",7.9
9/15/2025,"Sumatra: Organic Mandheling, Aceh",10.85
9/15/2025,"Brazil: CHC Reserve Espresso, Daterra Estate",8.95
9/15/2025,"Uganda: Organic Bugisu, Sipi Falls",10
9/15/2025,"Brazil: Sweet Blue, Daterra Estate",10.3
9/15/2025,"Ethiopia: Queen City, Harrar",10.45
9/15/2025,"Ethiopia: Organic Abol G2 FTO, Yirgacheffe",10.25
9/15/2025,"Kenya: Select Plus AA, Kiambu County",10.35
9/15/2025,"Costa Rica: Dona Isa BRN SHB, Coto Brus",9.7
9/15/2025,"Haiti: Organic Haitian Blue, Norde",14.41
9/15/2025,"Guatemala: HHT SHB, Huehuetenango",9.5
9/15/2025,"Kenya: Peaberry Plus 15/16, Kirinyaga County",9.85
9/15/2025,"Papua New Guinea: Organic Chimbu Scr.15, Chuave District",9.9
9/15/2025,"Brazil: Oberon, Cerrado",8.8
9/15/2025,"Brazil: Pearl Bourbon Peaberry, Daterra Estate",9.45
9/15/2025,"Brazil: Fazenda Bela Vista, Sul de Minas",9.45
9/15/2025,"Brazil: Cerrado 17/18, Minas Gerais",9.85
9/15/2025,"Timor: Organic Heritage Reserve FTO, East Timor",11.3
9/15/2025,CBC Blend: Ferdelance,10
9/15/2025,"Panama: Finca La Santa SHB EP, Boquete",9.5
9/15/2025,"Bali: Organic Kintamani, Kintamani Highlands",9.9
9/15/2025,"Rwanda: Dukunde Kawa Ruli, Gakenke Districk",11.1
9/15/2025,"Sulawesi:Toraja Sapan Minanga, Tana Toraja",9.65
9/15/2025,"Bolivia: Organic Caranavi FTO, La Paz Department",12.05
9/15/2025,"Costa Rica: La Gladiola, Tarrazu",8.3
9/15/2025,"Yemen: Northern Crown Khulani, Sa'adah Governorate",18.9
9/15/2025,"Indonesia: Organic Decaf Bali Hai, Indonesia Blend",12.15
9/15/2025,"Honduras: Organic Decaf Maya Royal Select, Marcala",10.24
9/15/2025,"Peru: Organic La Florida, Selva Central",11.85
9/15/2025,"India: Mysore Nuggets, Chikmagalur District",9.85
9/15/2025,"Mexico: Organic Cepco Oaxaca, Oaxaca",9.6
9/15/2025,"Ethiopia: Organic Limu G2, Oromia",9.15
9/15/2025,"Uganda: Kaweri Robusta, Mubende",9.95
9/15/2025,"India: Monsooned Malabar AA, Karnataka",9.85
9/15/2025,"Dominican Republic: Organic Ramirez Washed, Jarabacoa",11.3
9/15/2025,Brazil Daterra Summer Solstice,10.25
9/15/2025,"Colombia: Reserva Del Patron, Narino",8.25
9/15/2025,"Ethiopia: Durato Bombe, Sidamo",9.8
9/15/2025,"Guatemala: La Flor Del Cafe Peaberry, Antigua",8.8
9/15/2025,"Guatemala: Geisha Honey SHB EP, San Marcos",20.95
9/15/2025,"Sumatra: Organic Decaf Mandheling, Aceh",12.2
9/15/2025,"Guatemala: Decaf HHT Royal Select, Huehuetenango",11.95
9/15/2025,CBC Blend: Organic Big Black,13
9/15/2025,"Brazil: Decaf Mogiana, Sul de Minas",11.15
9/15/2025,"Haiti: Savanne Zombie, Central Plateau",9.65
9/15/2025,"Ethiopia: Biloya Natural, Yirgacheffe",10.5
9/15/2025,"Guatemala: Finca Vallure, Huehuetenango",12.75
9/15/2025,"Yemen: Mocca Peaberry, Sa'adah Governorate",18.9
9/15/2025,"Sulawesi: Kalossi, Tana Toraja",9.6
9/15/2025,CBC Blend: Highland,8.7
9/15/2025,"Costa Rica: Organic La Amistad, Coto Brus",11.2
9/15/2025,"Dominican Republic: Ramirez Natural, Jarabacoa",11.8
9/15/2025,CBC Blend: Onobeano's Latte,11.45
9/15/2025,"Papua New Guinea: Mile High A, Eastern Highlands",11.15
9/15/2025,"Sumatra Lake Toba, Lintong TP",9.85
9/15/2025,"El Salvador: Finca La Esperanza, Santa Ana",9.75
9/15/2025,"Nicaragua: Las Segovias Coop SHG, San Juan del Rio Coco",6.35
9/15/2025,"Java: Blawan Estate, East Java",11.5
9/15/2025,"Colombia: Decaf EA, Cauca",9.6
9/15/2025,CBC Blend: Kope Kapuna,9.35
9/15/2025,CBC Blend: True Mocca Java,14.2
9/15/2025,"Peru: Organic Decaf Sol Y Cafe, Cajamarca",11.1
9/15/2025,"Haiti: Blue Pine, Central Plateau",9.44
9/15/2025,"Uganda: Mt Elgon A, Bugisu",9.3
9/15/2025,"Mexico: Rancho San Francisco, Chiapas",11.65
9/15/2025,"Vietnam: Son La Select SHG, Son La",9.45
9/15/2025,"Brazil: Sweet Yellow, Daterra Estate",10.25
9/15/2025,"Ethiopia: Kembata G1, Durame Village",10.1
9/15/2025,"Bolivia: Apolo, La Paz Department",11.4
9/15/2025,"Guatemala: Finca Santa Margarita, Acatenango",7
9/15/2025,"Honduras: Organic 18 Rabbit Red, Marcala",9.78
9/15/2025,Costa Rica: Decaf El Indio SWP,12.1
9/15/2025,CBC Blend: High Octane Robusta Blend,12.35
9/15/2025,CBC Blend: Organic Kope Kapuna,11.05
9/15/2025,"Java: Organic Taman Dadar, Kayumas",11.75
9/15/2025,"Honduras: Kingdom Growers SHG, Montecillos",9.94
9/15/2025,Seasoning Beans,6.25
9/15/2025,"Timor: Organic Decaf Cafe Timor Coop, East Timor",12.55
9/15/2025,"Sumatra: Tiger, Lintong",11.95
9/15/2025,"Hawaii: Kona Purple Mountain, Honaunau District",53.95
9/15/2025,CBC Blend: Red Sea,11.5
9/15/2025,"Ethiopia: Decaf Sidamo Natural, Sidamo",10.5
9/15/2025,"Guatemala: Dulce Leonarda Estate HHT, Huehuetenango",12.15
9/15/2025,"Honduras: Organic 18 Rabbit Yellow, Marcala",9.78
9/15/2025,"Papua New Guinea: Organic Purosa A/X, Eastern Highlands",13.85
9/15/2025,"Hawaii: Kona Peaberry, Mauka Honaunau District",39.23
9/15/2025,"Haiti: Marre Blanc, Central Plateau",9.78
9/15/2025,"Honduras: Organic 18 Rabbit Washed, Marcala",9.56
9/15/2025,"India: Kaapi Royale Robusta, Karnataka",9.05
9/15/2025,"Multi Origin: Decaf Morning Glory, Multi Origin Blend",10.95
9/15/2025,"Jamaica: Blue Mountain Peaberry, Portland Parish",68.9
9/15/2025,"Brazil: Organic Fazenda Dutra 14/16, Matas de Minas",10.45
9/15/2025,"Sumatra: Raja Batak Peaberry, Lintong",9.35
9/15/2025,"Burundi: Mugoyi Izuba, Kayanza Province",9.9
9/15/2025,"Timor: Organic Cafe Timor Coop, East Timor",10.45
9/15/2025,"Jamaica: Blue Mountain, Clydesdale",55.05
9/15/2025,"Ethiopia: Longberry, Harrar",9.25
9/15/2025,"Hawaii: Kona Prime Natural, Mount Hualali",46
9/15/2025,"Sumatra: Mutu Batak, Lintong",9.5
9/15/2025,"Honduras: Organic 18 Rabbit Natural, Marcala",12.7
9/15/2025,"Ethiopia: Organic Konga G2, Yirgacheffe",10.6
9/15/2025,"Guatemala: Robusta, Chimaltenango",8.2
9/15/2025,"Honduras: Organic 18 Rabbit Black, Marcala",12.8
9/15/2025,"Panama: Janson Farms Geisha, Volcan High Lands",36.6
9/15/2025,"Papua New Guinea: Arokara AA, Eastern Highlands",8.3
9/15/2025,"Papua New Guinea: Organic Decaf Purosa A/X, Eastern Highlands",11.3
9/15/2025,"Rwanda: Kawa Yacu Women's Co-Op, Karongi District",10.25
10/3/2025,"Colombia: Supremo EP, Huila",8.25
10/3/2025,"Colombia: Organic Sierra Nevada FTO, Santa Marta",10.4
10/3/2025,"Mexico: La Laja Honey, Tlaltetela, Veracruz",9.2
10/3/2025,"Tanzania Peaberry, Kilimanjaro",9.7
10/3/2025,"Dominican Republic: Organic Ramirez Red Honey, Jarabacoa",11.5
10/3/2025,"Ethiopia: Misty Valley, Yirgacheffe",11.2
10/3/2025,"Mexico: Organic Mocabe HG, Chiapas",9.75
10/3/2025,"Peru: Organic Finca La Esperanza G1, San Martin",9.2
10/3/2025,"Costa Rica: La Minita Estate, Tarrazu",10
10/3/2025,"Costa Rica: La Magnolia, Tres Rios",10.05
10/3/2025,"Mexico: Turquesa HG, Chiapas",8.55
10/3/2025,CBC Blend: Four Horseman,9.9
10/3/2025,"Guatemala: La Flor Del Cafe, Antigua",10.85
10/3/2025,"Guatemala: Organic Asdecafe SHB, Huehuetenango",9.65
10/3/2025,"Ethiopia: Gedeb Worka Sakaro G1, Yirgacheffe",11.1
10/3/2025,"Sumatra: Mandheling G1, Aceh",10.5
10/3/2025,"Uganda: Organic Bugisu, Sipi Falls",10
10/3/2025,"Ethiopia: Queen City, Harrar",10.45
10/3/2025,"Ethiopia: Organic Abol G2 FTO, Yirgacheffe",10.25
10/3/2025,"Vietnam: Robusta, Central Highlands",6.65
10/3/2025,"Sumatra: Organic Mandheling, Aceh",10.85
10/3/2025,"Haiti: Organic Haitian Blue, Norde",15.2
10/3/2025,"Ethiopia: Konga G2, Yirgacheffe",10.05
10/3/2025,"Colombia: El Gato Supremo, Bucaramanga",11.7
10/3/2025,"Bolivia: Organic Caranavi FTO, La Paz Department",12.05
10/3/2025,"Bali: Organic Blue Moon, Kintamani Highlands",11.9
10/3/2025,"Kenya: Chepkube AB, Bungoma County",9.95
10/3/2025,"Costa Rica: Dona Isa BRN SHB, Coto Brus",9.7
10/3/2025,"Brazil: Sweet Blue, Daterra Estate",10.3
10/3/2025,"Guatemala: HHT SHB, Huehuetenango",9.5
10/3/2025,"Kenya: Peaberry Plus 15/16, Kirinyaga County",9.85
10/3/2025,"Rwanda: Dukunde Kawa Ruli, Gakenke Districk",11.1
10/3/2025,"Brazil: Fazenda Bela Vista, Sul de Minas",9.45
10/3/2025,"Brazil: Cerrado 17/18, Minas Gerais",9.85
10/3/2025,"Honduras: Organic Decaf Maya Royal Select, Marcala",12.05
10/3/2025,"Peru: Organic La Florida, Selva Central",11.85
10/3/2025,"Kenya: Select Plus AA, Kiambu County",10.35
10/3/2025,"Brazil: Pearl Bourbon Peaberry, Daterra Estate",9.45
10/3/2025,"Sulawesi:Toraja Sapan Minanga, Tana Toraja",9.65
10/3/2025,"Papua New Guinea: Organic Chimbu Scr.15, Chuave District",9.9
10/3/2025,"Panama: Finca La Santa SHB EP, Boquete",9.5
10/3/2025,"Brazil: CHC Reserve Espresso, Daterra Estate",8.95
10/3/2025,"India: Mysore Nuggets, Chikmagalur District",9.85
10/3/2025,"Mexico: Organic Cepco Oaxaca, Oaxaca",9.6
10/3/2025,CBC Blend: Ferdelance,10
10/3/2025,"Timor: Organic Heritage Reserve FTO, East Timor",11.3
10/3/2025,"Bali: Organic Kintamani, Kintamani Highlands",9.9
10/3/2025,Brazil Daterra Summer Solstice,10.25
10/3/2025,"Costa Rica: El Conquistador, Tarrazu",7.9
10/3/2025,"Brazil: Oberon, Cerrado",8.8
10/3/2025,"India: Monsooned Malabar AA, Karnataka",9.85
10/3/2025,"Yemen: Northern Crown Khulani, Sa'adah Governorate",18.9
10/3/2025,"Costa Rica: La Gladiola, Tarrazu",8.3
10/3/2025,"Ethiopia: Organic Limu G2, Oromia",9.15
10/3/2025,"Guatemala: Finca Vallure, Huehuetenango",12.75
10/3/2025,"Sumatra: Organic Decaf Mandheling, Aceh",12.2
10/3/2025,CBC Blend: Organic Big Black,13
10/3/2025,"Sumatra Lake Toba, Lintong TP",8.1
10/3/2025,"Colombia: Reserva Del Patron, Narino",8.25
10/3/2025,"Dominican Republic: Organic Ramirez Washed, Jarabacoa",11.3
10/3/2025,"Guatemala: Geisha Honey SHB EP, San Marcos",20.95
10/3/2025,"Sulawesi: Kalossi, Tana Toraja",9.6
10/3/2025,"Haiti: Savanne Zombie, Central Plateau",11.35
10/3/2025,"Ethiopia: Biloya Natural, Yirgacheffe",10.5
10/3/2025,"Uganda: Kaweri Robusta, Mubende",9.95
10/3/2025,"Vietnam: Son La Select SHG, Son La",9.45
10/3/2025,"Indonesia: Organic Decaf Bali Hai, Indonesia Blend",12.15
10/3/2025,"Brazil: Decaf Mogiana, Sul de Minas",11.15
10/3/2025,"Honduras: Organic 18 Rabbit Red, Marcala",11.35
10/3/2025,CBC Blend: Onobeano's Latte,11.45
10/3/2025,"Nicaragua: Las Segovias Coop SHG, San Juan del Rio Coco",6.35
10/3/2025,"Brazil: Sweet Yellow, Daterra Estate",10.25
10/3/2025,"Guatemala: Decaf HHT Royal Select, Huehuetenango",11.95
10/3/2025,"Java: Blawan Estate, East Java",11.5
10/3/2025,"Colombia: Decaf EA, Cauca",9.6
10/3/2025,"Guatemala: La Flor Del Cafe Peaberry, Antigua",8.8
10/3/2025,"Ethiopia: Durato Bombe, Sidamo",9.8
10/3/2025,"Papua New Guinea: Mile High A, Eastern Highlands",11.15
10/3/2025,"Costa Rica: Organic La Amistad, Coto Brus",11.2
10/3/2025,India: Cherry Robusta,6.5
10/3/2025,"Dominican Republic: Ramirez Natural, Jarabacoa",11.8
10/3/2025,CBC Blend: Highland,8.7
10/3/2025,"El Salvador: Finca La Esperanza, Santa Ana",9.75
10/3/2025,"Papua New Guinea: Organic Purosa A/X, Eastern Highlands",13.85
10/3/2025,CBC Blend: True Mocca Java,14.2
10/3/2025,"Mexico: Rancho San Francisco, Chiapas",10.15
10/3/2025,"Haiti: Blue Pine, Central Plateau",11.1
10/3/2025,"Bolivia: Apolo, La Paz Department",11.4
10/3/2025,"Yemen: Mocca Peaberry, Sa'adah Governorate",18.9
10/3/2025,"Uganda: Mt Elgon A, Bugisu",9.3
10/3/2025,"India: Kaapi Royale Robusta, Karnataka",9.05
10/3/2025,"Honduras: Kingdom Growers SHG, Montecillos",11.7
10/3/2025,"Peru: Organic Decaf Sol Y Cafe, Cajamarca",11.1
10/3/2025,"Ethiopia: Organic Konga G2, Yirgacheffe",10.4
10/3/2025,CBC Blend: Kope Kapuna,9.35
10/3/2025,"Ethiopia: Kembata G1, Durame Village",10.1
10/3/2025,"Honduras: Organic 18 Rabbit Washed, Marcala",11.1
10/3/2025,"Guatemala: Dulce Leonarda Estate HHT, Huehuetenango",10.4
10/3/2025,"Hawaii: Kona Peaberry, Mauka Honaunau District",46.15
10/3/2025,"Java: Organic Taman Dadar, Kayumas",11.75
10/3/2025,"Honduras: Organic 18 Rabbit Yellow, Marcala",11.35
10/3/2025,CBC Blend: Organic Kope Kapuna,11.05
10/3/2025,Costa Rica: Decaf El Indio SWP,12.1
10/3/2025,Seasoning Beans,6.25
10/3/2025,"Guatemala: Finca Santa Margarita, Acatenango",7
10/3/2025,"Sumatra: Tiger, Lintong",11.95
10/3/2025,"Haiti: Marre Blanc, Central Plateau",11.5
10/3/2025,CBC Blend: Red Sea,11.5
10/3/2025,"Timor: Organic Decaf Cafe Timor Coop, East Timor",12.55
10/3/2025,"Ethiopia: Decaf Sidamo Natural, Sidamo",10.5
10/3/2025,"Multi Origin: Decaf Morning Glory, Multi Origin Blend",10.95
10/3/2025,"Hawaii: Kona Purple Mountain, Honaunau District",53.95
10/3/2025,"Honduras: Organic 18 Rabbit Black, Marcala",11.4
10/3/2025,"Burundi: Mugoyi Izuba, Kayanza Province",9.9
10/3/2025,"Jamaica: Blue Mountain Peaberry, Portland Parish",68.9
10/3/2025,"Brazil: Organic Fazenda Dutra 14/16, Matas de Minas",10.45
10/3/2025,"Honduras: Organic 18 Rabbit Natural, Marcala",11.6
10/3/2025,"Hawaii: Kona Prime Natural, Mount Hualali",46
10/3/2025,"Timor: Organic Cafe Timor Coop, East Timor",10.45
10/3/2025,"Jamaica: Blue Mountain, Clydesdale",55.05
10/3/2025,"Ethiopia: Longberry, Harrar",9.25
10/3/2025,"Sumatra: Mutu Batak, Lintong",9.5
10/3/2025,"Guatemala: Robusta, Chimaltenango",8.2
10/3/2025,"Panama: Janson Farms Geisha, Volcan High Lands",36.6
10/3/2025,"Papua New Guinea: Arokara AA, Eastern Highlands",8.3
10/3/2025,"Papua New Guinea: Organic Decaf Purosa A/X, Eastern Highlands",11.3
10/3/2025,"Rwanda: Kawa Yacu Women's Co-Op, Karongi District",10.25
10/3/2025,"Sumatra: Raja Batak Peaberry, Lintong",9.35
10/19/2025,"Mexico: La Laja Honey, Tlaltetela, Veracruz",9.2
10/19/2025,"Colombia: Organic Sierra Nevada FTO, Santa Marta",10.05
10/19/2025,"Tanzania Peaberry, Kilimanjaro",9.7
10/19/2025,"Ethiopia: Misty Valley, Yirgacheffe",11.2
10/19/2025,"Costa Rica: La Minita Estate, Tarrazu",10
10/19/2025,"Mexico: Organic Mocabe HG, Chiapas",9.75
10/19/2025,"Dominican Republic: Organic Ramirez Red Honey, Jarabacoa",11.5
10/19/2025,"Mexico: Turquesa HG, Chiapas",8.55
10/19/2025,"Guatemala: Organic Asdecafe SHB, Huehuetenango",9.65
10/19/2025,"Colombia: Supremo EP, Huila",8.25
10/19/2025,"Costa Rica: La Magnolia, Tres Rios",10.05
10/19/2025,"Haiti: Organic Haitian Blue, Norde",16.95
10/19/2025,"Bolivia: Organic Caranavi FTO, La Paz Department",10.84
10/19/2025,"Guatemala: La Flor Del Cafe, Antigua",10.55
10/19/2025,CBC Blend: Four Horseman,9.9
10/19/2025,"Ethiopia: Gedeb Worka Sakaro G1, Yirgacheffe",11.1
10/19/2025,"Peru: Organic Finca La Esperanza G1, San Martin",9.2
10/19/2025,"Kenya: Chepkube AB, Bungoma County",8.96
10/19/2025,"Ethiopia: Queen City, Harrar",9.75
10/19/2025,"Ethiopia: Konga G2, Yirgacheffe",10.05
10/19/2025,"Vietnam: Robusta, Central Highlands",6.65
10/19/2025,"Uganda: Organic Bugisu, Sipi Falls",10
10/19/2025,"Sulawesi:Toraja Sapan Minanga, Tana Toraja",9.65
10/19/2025,"Brazil: Oberon, Cerrado",8.8
10/19/2025,"Kenya: Peaberry Plus 15/16, Kirinyaga County",9.85
10/19/2025,"Brazil: Cerrado 17/18, Minas Gerais",9.85
10/19/2025,"Sumatra: Organic Mandheling, Aceh",11.15
10/19/2025,"Peru: Organic La Florida, Selva Central",11.15
10/19/2025,"India: Monsooned Malabar AA, Karnataka",9.85
10/19/2025,"Papua New Guinea: Organic Purosa A/X, Eastern Highlands",13.85
10/19/2025,Brazil Daterra Summer Solstice,9.22
10/19/2025,"Brazil: Sweet Blue, Daterra Estate",10.3
10/19/2025,"Colombia: El Gato Supremo, Bucaramanga",11.7
10/19/2025,"Honduras: Organic Decaf Maya Royal Select, Marcala",12.05
10/19/2025,"Sumatra: Mandheling G1, Aceh",10.8
10/19/2025,"Mexico: Organic Cepco Oaxaca, Oaxaca",9.6
10/19/2025,CBC Blend: Ferdelance,10
10/19/2025,"Brazil: Fazenda Bela Vista, Sul de Minas",9.45
10/19/2025,"Guatemala: Finca Vallure, Huehuetenango",12.75
10/19/2025,"Rwanda: Dukunde Kawa Ruli, Gakenke Districk",11.1
10/19/2025,"Brazil: CHC Reserve Espresso, Daterra Estate",8.95
10/19/2025,"Brazil: Pearl Bourbon Peaberry, Daterra Estate",9.45
10/19/2025,"Kenya: Select Plus AA, Kiambu County",10.35
10/19/2025,"Costa Rica: La Gladiola, Tarrazu",8.3
10/19/2025,"Papua New Guinea: Organic Chimbu Scr.15, Chuave District",9.9
10/19/2025,"Ethiopia: Organic Konga G2, Yirgacheffe",10.4
10/19/2025,"Yemen: Northern Crown Khulani, Sa'adah Governorate",18.9
10/19/2025,"Timor: Organic Heritage Reserve FTO, East Timor",11.35
10/19/2025,"Sumatra Lake Toba, Lintong TP",9.85
10/19/2025,"Costa Rica: El Conquistador, Tarrazu",7.9
10/19/2025,"Vietnam: Son La Select SHG, Son La",9.45
10/19/2025,"Panama: Finca La Santa SHB EP, Boquete",9.5
10/19/2025,"Dominican Republic: Organic Ramirez Washed, Jarabacoa",11.3
10/19/2025,"Haiti: Savanne Zombie, Central Plateau",11.35
10/19/2025,"Uganda: Kaweri Robusta, Mubende",9.95
10/19/2025,"India: Mysore Nuggets, Chikmagalur District",9.85
10/19/2025,"Brazil: Sweet Yellow, Daterra Estate",10.25
10/19/2025,CBC Blend: Organic Big Black,13
10/19/2025,CBC Blend: Onobeano's Latte,11.45
10/19/2025,"Bali: Organic Kintamani, Kintamani Highlands",9.9
10/19/2025,"Honduras: Organic 18 Rabbit Red, Marcala",11.35
10/19/2025,"Haiti: Blue Pine, Central Plateau",9.99
10/19/2025,"Guatemala: Dulce Leonarda Estate HHT, Huehuetenango",10.94
10/19/2025,"Guatemala: Geisha Honey SHB EP, San Marcos",20.95
10/19/2025,"Sulawesi: Kalossi, Tana Toraja",9.6
10/19/2025,"Brazil: Decaf Mogiana, Sul de Minas",11.15
10/19/2025,"Sumatra: Organic Decaf Mandheling, Aceh",12.2
10/19/2025,"Ethiopia: Organic Limu G2, Oromia",9.6
10/19/2025,"Bali: Organic Blue Moon, Kintamani Highlands",11.9
10/19/2025,"Guatemala: Decaf HHT Royal Select, Huehuetenango",11.95
10/19/2025,"Nicaragua: Las Segovias Coop SHG, San Juan del Rio Coco",6.35
10/19/2025,CBC Blend: Highland,8.7
10/19/2025,"Colombia: Decaf EA, Cauca",9.6
10/19/2025,"Dominican Republic: Ramirez Natural, Jarabacoa",11.8
10/19/2025,"Guatemala: HHT SHB, Huehuetenango",9.5
10/19/2025,"Mexico: Rancho San Francisco, Chiapas",11.65
10/19/2025,"Java: Blawan Estate, East Java",11.5
10/19/2025,"Papua New Guinea: Mile High A, Eastern Highlands",11.15
10/19/2025,CBC Blend: True Mocca Java,14.2
10/19/2025,"Ethiopia: Durato Bombe, Sidamo",12.15
10/19/2025,India: Cherry Robusta,6.6
10/19/2025,"Honduras: Organic 18 Rabbit Washed, Marcala",11.1
10/19/2025,"Uganda: Mt Elgon A, Bugisu",9.3
10/19/2025,"Java: Organic Taman Dadar, Kayumas",11.75
10/19/2025,"Colombia: Reserva Del Patron, Narino",8.25
10/19/2025,"El Salvador: Finca La Esperanza, Santa Ana",9.75
10/19/2025,"Costa Rica: Organic La Amistad, Coto Brus",11.2
10/19/2025,CBC Blend: Organic Kope Kapuna,11.05
10/19/2025,Costa Rica: Decaf El Indio SWP,12.1
10/19/2025,"Sumatra: Tiger, Lintong",11.95
10/19/2025,"Guatemala: La Flor Del Cafe Peaberry, Antigua",8.8
10/19/2025,"Indonesia: Organic Decaf Bali Hai, Indonesia Blend",11.95
10/19/2025,"Bolivia: Apolo, La Paz Department",11.4
10/19/2025,"Honduras: Kingdom Growers SHG, Montecillos",11.7
10/19/2025,"Hawaii: Kona Peaberry, Mauka Honaunau District",46.15
10/19/2025,"Honduras: Organic 18 Rabbit Yellow, Marcala",11.35
10/19/2025,"Honduras: Organic 18 Rabbit Natural, Marcala",11.6
10/19/2025,CBC Blend: Kope Kapuna,9.35
10/19/2025,Seasoning Beans,6.25
10/19/2025,"Honduras: Organic 18 Rabbit Black, Marcala",11.4
10/19/2025,"Haiti: Marre Blanc, Central Plateau",11.5
10/19/2025,"Peru: Organic Decaf Sol Y Cafe, Cajamarca",11.1
10/19/2025,"Multi Origin: Decaf Morning Glory, Multi Origin Blend",10.95
10/19/2025,"Ethiopia: Decaf Sidamo Natural, Sidamo",10.5
10/19/2025,"Ethiopia: Kembata G1, Durame Village",10.2
10/19/2025,"Timor: Organic Decaf Cafe Timor Coop, East Timor",12.7
10/19/2025,"Yemen: Mocca Peaberry, Sa'adah Governorate",18.9
10/19/2025,"Burundi: Mugoyi Izuba, Kayanza Province",9.9
10/19/2025,CBC Blend: Red Sea,11.5
10/19/2025,"Brazil: Organic Fazenda Dutra 14/16, Matas de Minas",10.45
10/19/2025,"Hawaii: Kona Purple Mountain, Honaunau District",53.95
10/19/2025,CBC Blend: High Octane Robusta Blend,12.35
10/19/2025,"Jamaica: Blue Mountain Peaberry, Portland Parish",68.9
10/19/2025,"Hawaii: Kona Prime Natural, Mount Hualali",46
10/19/2025,"Timor: Organic Cafe Timor Coop, East Timor",10.45
10/19/2025,"Jamaica: Blue Mountain, Clydesdale",55.05
10/19/2025,"Ethiopia: Longberry, Harrar",9.25
10/19/2025,"Guatemala: Finca Santa Margarita, Acatenango",7
10/19/2025,"Sumatra: Mutu Batak, Lintong",9.5
10/19/2025,"Guatemala: Robusta, Chimaltenango",8.2
10/19/2025,"Panama: Janson Farms Geisha, Volcan High Lands",36.6
10/19/2025,"Papua New Guinea: Arokara AA, Eastern Highlands",8.3
10/19/2025,"Papua New Guinea: Organic Decaf Purosa A/X, Eastern Highlands",11.3
10/19/2025,"Rwanda: Kawa Yacu Women's Co-Op, Karongi District",10.25
10/19/2025,"Sumatra: Raja Batak Peaberry, Lintong",9.35
9/29/2026,"Ethiopia: Misty Valley, Yirgacheffe",10.25
9/29/2026,"Costa Rica: La Minita Estate, Tarrazu",8.45
9/29/2026,"Bolivia: Organic Caranavi FTO, La Paz Department",9.85
9/29/2026,"Dominican Republic: Organic Ramirez Red Honey, Jarabacoa",10.55
9/29/2026,"Tanzania Peaberry, Kilimanjaro",8.15
9/29/2026,"Bali: Organic Blue Moon, Kintamani Highlands",10.65
9/29/2026,"Peru: Organic Finca La Esperanza G1, San Martin",10.35
9/29/2026,"Mexico: La Laja Honey, Tlaltetela, Veracruz",8.95
9/29/2026,"Brazil: Oberon, Cerrado",8.25
9/29/2026,"Guatemala: Organic Asdecafe SHB, Huehuetenango",9.25
9/29/2026,"Costa Rica: El Conquistador, Tarrazu",7.75
9/29/2026,"Mexico: Organic Cepco Oaxaca, Oaxaca",9.85
9/29/2026,"Uganda: Organic Bugisu, Sipi Falls",8.75
9/29/2026,"Vietnam: Robusta, Central Highlands",8.85
9/29/2026,"Vietnam: Son La Select SHG, Son La",8.65
9/29/2026,"Indonesia: Organic Decaf Bali Hai, Indonesia Blend",11.95
9/29/2026,"Papua New Guinea: Mile High A, Eastern Highlands",9.3
9/29/2026,"Sumatra Lake Toba, Lintong TP",8.55
9/29/2026,"Java: Blawan Estate, East Java",10.55
9/29/2026,"Mexico: Rancho San Francisco, Chiapas",10.35
9/29/2026,"Colombia: Decaf EA, Cauca",9.5
9/29/2026,"Honduras: Kingdom Growers SHG, Montecillos",10.55
9/29/2026,"Guatemala: Finca Vallure, Huehuetenango",11.65
9/29/2026,CBC Blend: Citrus Sting,8.85
9/29/2026,"Haiti: Savanne Zombie, Central Plateau",11.35
9/29/2026,Guatemala La Flor del Cafe Antigua Peaberry,7.1
9/29/2026,"Peru: Organic Decaf Sol Y Cafe, Cajamarca",11.35
9/29/2026,"Honduras: Organic 18 Rabbit Washed, Marcala",11.3
9/29/2026,"Mexico: Organic Cepco Oaxaca, Oaxaca",9.85
9/29/2026,"Uganda: Kaweri Robusta, Mubende",7.5
9/29/2026,"Multi Origin: Decaf Morning Glory, Multi Origin Blend",11.35
9/29/2026,"Ethiopia: Misty Valley, Yirgacheffe",10.25
9/29/2026,"Costa Rica: El Conquistador, Tarrazu",7.75
9/29/2026,"Colombia: Decaf EA, Cauca",9.5
9/29/2026,"Panama: Janson Farms Geisha, Volcan High Lands",47.15
9/29/2026,"Guatemala: Organic Asdecafe SHB, Huehuetenango",9.25
9/29/2026,CBC Blend: Big Black,11.95
9/29/2026,"Costa Rica: Romelia SHB, Palmichal",6.4
9/29/2026,CBC Blend: Highland,9.5
9/29/2026,"Burundi Aroian Bavyeyi, Ngozi Province Natural Micro Lot",9.3
9/29/2026,"Ethiopia Supernatural Guji, Hambela Benti Nenka",11.25
9/29/2026,"Ethiopia: Gedeb Worka Sakaro G1 Anaerobic, Yirgacheffe",12.6
9/29/2026,"Colombia Paula 20 Brix, Finca Santa Elena",17
,,
,,
